Handle,Title,Body (HTML),Vendor,Product Category,Type,Tags,Published,Option1 Name,Option1 Value,Option1 Linked To,Option2 Name,Option2 Value,Option2 Linked To,Option3 Name,Option3 Value,Option3 Linked To,Variant SKU,Variant Grams,Variant Inventory Tracker,Variant Inventory Policy,Variant Fulfillment Service,Variant Price,Variant Compare At Price,Variant Requires Shipping,Variant Taxable,Unit Price Total Measure,Unit Price Total Measure Unit,Unit Price Base Measure,Unit Price Base Measure Unit,Variant Barcode,Image Src,Image Position,Image Alt Text,Gift Card,SEO Title,SEO Description,Max Qty (product.metafields.custom.max_qty),Alamat Apotek (product.metafields.vendor_info.address),Nama Apoteker (product.metafields.vendor_info.apoteker),Waktu Praktik (product.metafields.vendor_info.practice_hours),Jadwal Toko (product.metafields.vendor_info.schedule),Nomor SIA (product.metafields.vendor_info.sia),Nomor SIPA (product.metafields.vendor_info.sipa),Variant Image,Variant Weight Unit,Variant Tax Code,Cost per item,Status
adem-sari-sachet-1,Adem Sari Sachet,"<p>Dus, 5 Sachet @ 7 Gram</p><p>Deskripsi: ADEM SARI Sari Enesis adalah minuman penyegar yang mengandung Ekstrak citrus aurantifolia, ekstrak alyxia stellata ret cortex, ekstrak cinamommum burnanni BI cortex, vitamin C, aspartam, sukrosa, Vitamin yang berkhasiat untuk membantu meredakan gejala panas dalam seperti tenggorokan kering, sariawan dan bibir pecahpecah</p><p>Komposisi: Ekstrak citrus aurantifolia 350 mg, ekstrak alyxia stellata ret cortex 1,05 g, ekstrak cinamommum burnanni BI cortex 11 mg, vitamin C 50 mg, aspartam 35 mg, sukrosa 7 g</p><p>Golongan Obat: OBAT TRADISIONAL</p><p>Bentuk Sediaan: SERBUK</p><p>NIE:TR232016981</p><p>Exp Date:12/2026</p>",Inofarma,,"","mqty:0, Vitamin & Suplemen",true,Title,Default Title,,,,,,,,ID100217-2,7.0,shopify,deny,manual,16100.00,,true,true,,,,,,https://cdn.shopify.com/s/files/1/0957/0002/5634/files/ID100217-2_22082025_25afdfa2-2da4-4f58-acde-0e449bd91c4e.jpg?v=1760353610,1,Adem Sari,false,"Adem Sari Sachet | Adem Sari, Sariawan, Panas dalam","ADEM SARI Sari Enesis  minuman penyegar yang mengandung Ekstrak citrus aurantifolia, ekstrak alyxia stellata ret cortex, ekstrak cinamommum burnanni BI cortex, vitamin C, aspartam, sukrosa, Vitamin yang berkhasiat untuk membantu meredakan gejala panas dalam seperti tenggorokan kering, sariawan dan bibir pecahpecah",,,,,,,,,g,,,active
bufect-suspensi,Bufect Suspensi,"<p>Dus, 1 Botol Plastik @ 60 Ml</p><p>Deskripsi: BUFECT Sanbe SUSPENSI merupakan obat yang mengandung ibuprofen yang berfungsi untuk membantu meredakan nyeri ringan hingga sedang dan menurunkan demam.</p><p>Komposisi: Ibuprofen 100 mg /  5 ml</p><p>Golongan Obat: BLUE</p><p>Bentuk Sediaan: SUSPENSI</p><p>NIE:DTL9922231133A1</p><p>Exp Date:06/2027</p>",Inofarma,Uncategorized,"","Kesehatan, mqty:2",true,Title,Default Title,,,,,,,,ID102759-1,60.0,shopify,deny,manual,21800.00,,true,true,,,,,,https://cdn.shopify.com/s/files/1/0957/0002/5634/files/ID102759-1_19082025_ddf78b0a-21b3-4cd0-8593-aabbe165113b.jpg?v=1760338257,1,Bufect Suspensi,false,Bufect Suspensi,BUFECT Sanbe SUSPENSI merupakan obat yang mengandung ibuprofen yang berfungsi untuk membantu meredakan nyeri ringan hingga sedang dan menurunkan demam.,,,,,,,,,g,,,active
obh-combi-anak-batuk-plus-flu-rasa-apel-sirup,Obh Combi Anak Batuk Plus Flu Rasa Apel Sirup,"<p>Dus, 1 Botol Plastik @ 60 Ml</p><p>Deskripsi: OBH COMBI ANAK BATUK PLUS FLU RASA APEL Combiphar SIRUP merupakan obat yang mengandung succus liquiritiae, ammonium chloride, paracetamol, chlorphenamine maleate, pseudoephedrine hydrochloride yang berfungsi untuk mengatasi gejala flu pada anak yang disertai batuk, seperti demam, sakit kepala, hidung tersumbat, dan bersin-bersin.</p><p>Komposisi: Succus Liquiritiae 100 mg, Paracetamol 120 mg, Ammonium Chloride 50 mg, Pseudoephedrine HCL 7.5 mg, Chlorpheniramine Maleate 1.0 mg</p><p>Golongan Obat: BLUE</p><p>Bentuk Sediaan: SIRUP</p><p>NIE:DTL0904131137A1</p><p>Exp Date:08/2027</p>",Inofarma,,"","Kesehatan, mqty:2",true,Title,Default Title,,,,,,,,ID115135-1,60.0,shopify,deny,manual,18700.00,,true,true,,,,,,https://cdn.shopify.com/s/files/1/0957/0002/5634/files/ID115135-1_03092025_482b47a4-86a4-43c2-9cae-1107e6558026.jpg?v=1760338256,1,Obh Combi Anak Batuk Plus Flu Rasa Apel Sirup,false,Obh Combi Anak Batuk Plus Flu Rasa Apel Sirup,"OBH COMBI ANAK BATUK PLUS FLU RASA APEL Combiphar SIRUP merupakan obat yang mengandung succus liquiritiae, ammonium chloride, paracetamol, chlorphenamine maleate, pseudoephedrine hydrochloride yang berfungsi untuk mengatasi gejala flu pada anak yang disertai batuk, seperti demam, sakit kepala, hidung tersumbat, dan bersin-bersin.</p>",,,,,,,,,g,,,active
maltofer-sirup,Maltofer Sirup,"<p>Dus, 1 Botol @ 150 Ml</p><p>Deskripsi: MALTOFER Combiphar SIRUP merupakan obat yang mengandung ferric hydroxide polymaltose complex yang berfungsi untuk mengatasi dan mencegah defisiensi zat besi serta anemia akibat kekurangan zat besi.</p><p>Komposisi: Fe (III) hydroxide polymaltose complex setara dengan Fe elemental 50 mg</p><p>Golongan Obat: GREEN</p><p>Bentuk Sediaan: SIRUP</p><p>NIE:DBL0204128137A1</p><p>Exp Date:05/2030</p>",Inofarma,,"","mqty:1, Vitamin & Suplemen",true,Title,Default Title,,,,,,,,ID112319-1,150.0,shopify,deny,manual,88200.00,,true,true,,,,,,https://cdn.shopify.com/s/files/1/0957/0002/5634/files/ID112319-1_02092025_5a26c345-dd20-4c3b-bdf2-6419ba0171d8.png?v=1760338256,1,Maltofer Sirup,false,Maltofer Sirup,MALTOFER Combiphar SIRUP merupakan obat yang mengandung ferric hydroxide polymaltose complex yang berfungsi untuk mengatasi dan mencegah defisiensi zat besi serta anemia akibat kekurangan zat besi.,,,,,,,,,g,,,active
alco-flu-plus-batuk-sirup,Alco Flu Plus Batuk Sirup,"<p>Dus, 1 Botol @ 100 Ml</p><p>Deskripsi: ALCO FLU PLUS BATUK Interbat SIRUP merupakan obat yang mengandung brompheniramine maleate, dextromethorphan hydrobromide, pseudoephedrine hydrochloride, yang berfungsi untuk membantu meredakan gejala flu, seperti demam, batuk, hidung tersumbat, serta gejala alergi lainnya.</p><p>Komposisi: Per 5 mL: Pseudoephedrine HCl 30 mg, Brompheniramine maleate 2 mg, Dextromethorphan HBr 10 mg</p><p>Golongan Obat: BLUE</p><p>Bentuk Sediaan: SIRUP</p><p>NIE:DTL0317619337A1</p><p>Exp Date:01/2027</p>",Inofarma,,"","Kesehatan, mqty:1",true,Title,Default Title,,,,,,,,ID100420-2,100.0,shopify,deny,manual,67400.00,,true,true,,,,,,https://cdn.shopify.com/s/files/1/0957/0002/5634/files/ID100420-2_22082025_fe217348-2417-4224-91e4-687c12d1e8c5.jpg?v=1760338255,1,Alco Flu Plus Batuk Sirup,false,Alco Flu Plus Batuk Sirup,"ALCO FLU PLUS BATUK Interbat SIRUP merupakan obat yang mengandung brompheniramine maleate, dextromethorphan hydrobromide, pseudoephedrine hydrochloride, yang berfungsi untuk membantu meredakan gejala flu, seperti demam, batuk, hidung tersumbat, serta gejala alergi lainnya.",,,,,,,,,g,,,active
zincpro-drops,Zincpro Drops,"<p>Dus, 1 Botol @ 15 Ml</p><p>Deskripsi: ZINCPRO Combiphar DROPS merupakan obat yang mengandung zinc sulfate yang berfungsi untuk mengatasi diare pada anak</p><p>Komposisi: Tiap ml drops mengandung : Zinc sulfat monohidrat 27.44 mg yang setara dengan Zinc elemental 10.00 mg</p><p>Golongan Obat: BLUE</p><p>Bentuk Sediaan: DROPS</p><p>NIE:DTL1104132436A1</p><p>Exp Date:06/2027</p>",Inofarma,,"","Kesehatan, mqty:1",true,Title,Default Title,,,,,,,,ID123054-1,15.0,shopify,deny,manual,35400.00,,true,true,,,,,,https://cdn.shopify.com/s/files/1/0957/0002/5634/files/ID123054-1_19092025_9e91668e-52a4-4534-8858-c15bfd633960.jpg?v=1760338254,1,Zincpro Drops,false,Zincpro Drops,ZINCPRO Combiphar DROPS merupakan obat yang mengandung zinc sulfate yang berfungsi untuk mengatasi diare pada anak,,,,,,,,,g,,,active
thromecon-gel-200-iu-g,Thromecon Gel 200 Iu/G,"<p>Dus @ Tube 20 G</p><p>Deskripsi: THROMECON Etercon GEL 200 IU/g merupakan obat yang mengandung heparin sodium yang berfungsi untuk mengatasi memar, lebam, dan pembengkakan akibat cedera, serta meredakan gejala flebitis superfisial dan varises.</p><p>Komposisi: Per gram : Heparin 200 IU</p><p>Golongan Obat: BLUE</p><p>Bentuk Sediaan: GEL</p><p>NIE:DTL1415717028A1</p><p>Exp Date:12/2026</p>",Inofarma,,"","Kesehatan, mqty:1",true,Title,Default Title,,,,,,,,ID120824-1,20.0,shopify,deny,manual,39900.00,,true,true,,,,,,https://cdn.shopify.com/s/files/1/0957/0002/5634/files/ID120824-1_18092025_dd608505-0025-42c0-bfe4-14c80953ac76.png?v=1760338254,1,Thromecon Gel 200 Iu/G,false,Thromecon Gel 200 Iu/G,"THROMECON Etercon GEL 200 IU/g merupakan obat yang mengandung heparin sodium yang berfungsi untuk mengatasi memar, lebam, dan pembengkakan akibat cedera, serta meredakan gejala flebitis superfisial dan varises.",,,,,,,,,g,,,active
antimo-anak-rasa-strawberry-phapros-suspensi,Antimo Anak (Rasa Strawberry) Phapros Suspensi,"<p>Dus, 10 Sachet @ 5 Ml</p><p>Deskripsi: ANTIMO ANAK (RASA STRAWBERRY) Phapros SUSPENSI merupakan obat yang mengandung dimenhydrinate yang diindikasikan untuk mengatasi mual dan muntah, terutama pada perjalanan.</p><p>Komposisi: Dimenhidrinat 12.5 mg</p><p>Golongan Obat: BLUE</p><p>Bentuk Sediaan: SUSPENSI</p><p>NIE:DTL1119928733A1</p><p>Exp Date:-</p>",Inofarma,,"","Kesehatan, mqty:1",true,Title,Default Title,,,,,,,,ID101116-3,5.0,shopify,deny,manual,22700.00,,true,true,,,,,,https://cdn.shopify.com/s/files/1/0957/0002/5634/files/ID101116-1_19082025_b3e1671c-633f-46a0-82c9-3b7d0536c73d.png?v=1760338253,1,Antimo Anak (Rasa Strawberry) Phapros Suspensi,false,Antimo Anak (Rasa Strawberry) Phapros Suspensi,"ANTIMO ANAK (RASA STRAWBERRY) Phapros SUSPENSI merupakan obat yang mengandung dimenhydrinate yang diindikasikan untuk mengatasi mual dan muntah, terutama pada perjalanan.</p>",,,,,,,,,g,,,active
alloris-sirup-5-mg,Alloris Sirup 5 Mg,"<p>Dus, 1 Botol @ 60 Ml</p><p>Deskripsi: ALLORIS Sanbe SIRUP 5 MG merupakan obat yang mengandung loratadine yang diindikasikan untuk membantu mengatasi gejala alergi.</p><p>Komposisi: Tiap 5 ml mengandung Loratadine 5 mg</p><p>Golongan Obat: BLUE</p><p>Bentuk Sediaan: CAIRAN ORAL</p><p>NIE:DTL0222235137A1</p><p>Exp Date:12/2026</p>",Inofarma,,"","Kesehatan, mqty:2",true,Title,Default Title,,,,,,,,ID100515-1,60.0,shopify,deny,manual,80000.00,,true,true,,,,,,https://cdn.shopify.com/s/files/1/0957/0002/5634/files/ID100515-1_22082025_d486d04b-1a66-4b99-9dec-8e3508aceb18.jpg?v=1760338252,1,Alloris Sirup 5 Mg,false,Alloris Sirup 5 Mg,ALLORIS Sanbe SIRUP 5 MG merupakan obat yang mengandung loratadine yang diindikasikan untuk membantu mengatasi gejala alergi.,,,,,,,,,g,,,active
infeld-gel,Infeld Gel,"<p>Dus, 1 Tube 15 G</p><p>Deskripsi: INFELD Interbat GEL adalah obat yang mengandung Piroxicam yang diindikasikan untuk terapi simtomatik pada rematoid artritis, osteoartritis, ankilosing spondilitis, gangguan muskuloskeletal akut dan gout akut.</p><p>Komposisi: Tiap gram gel mengandung Piroxicam 0.5% (5 mg).</p><p>Golongan Obat: BLUE</p><p>Bentuk Sediaan: GEL</p><p>NIE:DTL9917615928A1</p><p>Exp Date:06/2029</p>",Inofarma,,"","Kesehatan, mqty:1",true,Title,Default Title,,,,,,,,ID109326-2,15.0,shopify,deny,manual,58000.00,,true,true,,,,,,https://cdn.shopify.com/s/files/1/0957/0002/5634/files/ID109326-2_26082025_b3c42193-0136-49e1-b0d9-a812f88186a2.png?v=1760338252,1,Infeld Gel,false,Infeld Gel,"INFELD Interbat GEL  obat yang mengandung Piroxicam yang diindikasikan untuk terapi simtomatik pada rematoid artritis, osteoartritis, ankilosing spondilitis, gangguan muskuloskeletal akut dan gout akut.",,,,,,,,,g,,,active
obat-anak-sumang-cap-pedang-serbuk-150-mg,Obat Anak Sumang Cap Pedang Serbuk 150 Mg,"<p>Dus, 200 Sachet @ 425 Mg</p><p>Deskripsi: OBAT ANAK SUMANG CAP PEDANG Bromo Pharmaceutical SERBUK 150 MG adalah obat yang mengandung Parasetamol yang diindikasikan untuk mengurangi gejala demam khusus pada anak-anak</p><p>Komposisi: Tiap sachet mengandung Paracetamol 150 mg</p><p>Golongan Obat: GREEN</p><p>Bentuk Sediaan: SERBUK</p><p>NIE:DBL7203400323A1</p><p>Exp Date:05/2029</p>",Inofarma,,"","Kesehatan, mqty:1",true,Title,Default Title,,,,,,,,ID115056-1,0.5,shopify,deny,manual,79300.00,,true,true,,,,,,https://cdn.shopify.com/s/files/1/0957/0002/5634/files/ID115056-1_03092025_3f1a7e94-8d33-4dc5-9b7b-1a0b05ef71c7.jpg?v=1760338251,1,Obat Anak Sumang Cap Pedang Serbuk 150 Mg,false,Obat Anak Sumang Cap Pedang Serbuk 150 Mg,OBAT ANAK SUMANG CAP PEDANG Bromo Pharmaceutical SERBUK 150 MG  obat yang mengandung Parasetamol yang diindikasikan untuk mengurangi gejala demam khusus pada anak-anak,,,,,,,,,g,,,active
kompolax-ifars-emulsi,Kompolax Ifars Emulsi,"<p>Dus, 1 Botol 60 Ml</p><p>Deskripsi: KOMPOLAX Ifars EMULSI adalah obat yang mengandung iquidum parafin, phenolphthalein, gliserin yang diindikasikan untuk mengatasi kesulitan buang air besar (konstipasi).</p><p>Komposisi: Per 5 mL : liquidum parafin 1,5 gram, phenolphthalein 75 mg, gliserin 1 gram</p><p>Golongan Obat: BLUE</p><p>Bentuk Sediaan: EMULSI</p><p>NIE:DTL7809204332A1</p><p>Exp Date:08/2028</p>",Inofarma,,"","Kesehatan, mqty:2",true,Title,Default Title,,,,,,,,ID110803-1,60.0,shopify,deny,manual,12300.00,,true,true,,,,,,https://cdn.shopify.com/s/files/1/0957/0002/5634/files/ID110803-1_26082025_2d0f5f11-37ee-461b-8ed4-5fd53ced88eb.jpg?v=1760338250,1,Kompolax Ifars Emulsi,false,Kompolax Ifars Emulsi,"KOMPOLAX Ifars EMULSI  obat yang mengandung iquidum parafin, phenolphthalein, gliserin yang diindikasikan untuk mengatasi kesulitan buang air besar (konstipasi).</p>",,,,,,,,,g,,,active
febrinex-phapros-suspensi,Febrinex Phapros Suspensi,"<p>Dus, 1 Botol @ 60 Ml</p><p>Deskripsi: FEBRINEX Phapros SUSPENSI adalah sediaan obat yang diindikasikan untuk meringankan gejala flu seperti demam, sakit kepala, hidung tersumbat dan bersin-bersin yang disertain batuk.</p><p>Komposisi: Per 5 mL : Paracetamol 130 mg, Dexchlorpheniramine maleate 1 mg, Thiocol 20 mg</p><p>Golongan Obat: BLUE</p><p>Bentuk Sediaan: SUSPENSI</p><p>NIE:DTL7219908133A1</p><p>Exp Date:05/2027</p>",Inofarma,,"","Kesehatan, mqty:2",true,Title,Default Title,,,,,,,,ID106247-1,60.0,shopify,deny,manual,19000.00,,true,true,,,,,,https://cdn.shopify.com/s/files/1/0957/0002/5634/files/ID106247-1_26082025_57fd6221-c930-4bb0-8613-0aa15c55676c.png?v=1760338250,1,Febrinex Phapros Suspensi,false,Febrinex Phapros Suspensi,"FEBRINEX Phapros SUSPENSI  sediaan obat yang diindikasikan untuk meringankan gejala flu seperti demam, sakit kepala, hidung tersumbat dan bersin-bersin yang disertain batuk.",,,,,,,,,g,,,active
magtral-rasa-mint-otto-suspensi,Magtral Rasa Mint Otto Suspensi,"<p>Dus, Botol 120 Ml</p><p>Deskripsi: MAGTRAL RASA MINT Otto SUSPENSI adalah obat yang mengandung aluminium hydroxide, magnesium hydroxide, simethicone yang diindikasikan untuk mengurangi gejala-gejala yang berhubungan dengan kelebihan asam lambung</p><p>Komposisi: Per 5 mL : Al(OH)3 250 mg, Mg(OH)2 250 mg, Simethicone 50 mg</p><p>Golongan Obat: GREEN</p><p>Bentuk Sediaan: SUSPENSI</p><p>NIE:DBL8918805733A1</p><p>Exp Date:03/2027</p>",Inofarma,,"","Kesehatan, mqty:1",true,Title,Default Title,,,,,,,,ID112278-1,120.0,shopify,deny,manual,54300.00,,true,true,,,,,,https://cdn.shopify.com/s/files/1/0957/0002/5634/files/ID112278-1_02092025_927ee6da-cc50-44ff-aa4a-dbeb31831c55.png?v=1760338249,1,Magtral Rasa Mint Otto Suspensi,false,Magtral Rasa Mint Otto Suspensi,"MAGTRAL RASA MINT Otto SUSPENSI  obat yang mengandung aluminium hydroxide, magnesium hydroxide, simethicone yang diindikasikan untuk mengurangi gejala-gejala yang berhubungan dengan kelebihan asam lambung",,,,,,,,,g,,,active
siladex-mucolytic-and-expectorant-konimex-sirup,Siladex Mucolytic And Expectorant Konimex Sirup,"<p>Dus, Botol Plastik @ 30 Ml</p><p>Deskripsi: SILADEX MUCOLYTIC &amp; EXPECTORANT Konimex SIRUP adalah obat yang mengandung guaifenesin, bromhexine hydrochloride yang diindikasikan untuk meredakan batuk berdahak dan mempermudah pengeluaran dahak</p><p>Komposisi: Tiap 5 ml mengandung Bromhexine HCl 10 mg, Guaifenesin 50 mg</p><p>Golongan Obat: BLUE</p><p>Bentuk Sediaan: SIRUP</p><p>NIE:DTL1613018437A1</p><p>Exp Date:02/2027</p>",Inofarma,,"","Kesehatan, mqty:3",true,Title,Default Title,,,,,,,,ID119460-6,30.0,shopify,deny,manual,9100.00,,true,true,,,,,,https://cdn.shopify.com/s/files/1/0957/0002/5634/files/ID119460-6_09092025_efbef01c-c0bb-4ab7-b438-ad077b49d022.jpg?v=1760338249,1,Siladex Mucolytic And Expectorant Konimex Sirup,false,Siladex Mucolytic And Expectorant Konimex Sirup,"SILADEX MUCOLYTIC &amp; EXPECTORANT Konimex SIRUP  obat yang mengandung guaifenesin, bromhexine hydrochloride yang diindikasikan untuk meredakan batuk berdahak dan mempermudah pengeluaran dahak",,,,,,,,,g,,,active
fenris-suspensi,Fenris Suspensi,"<p>Dus, Botol 60 Ml</p><p>Deskripsi: FENRIS Interbat SUSPENSI adalah obat yang mengandung ibuprofen yang diindikasikan untuk mengatasi demam</p><p>Komposisi: IBUPROFEN 100 MG /5 ML</p><p>Golongan Obat: BLUE</p><p>Bentuk Sediaan: SUSPENSI</p><p>NIE:DTL0117616933A1</p><p>Exp Date:09/2026</p>",Inofarma,,"","Kesehatan, mqty:2",true,Title,Default Title,,,,,,,,ID106301-1,60.0,shopify,deny,manual,47800.00,,true,true,,,,,,https://cdn.shopify.com/s/files/1/0957/0002/5634/files/ID106301-1_26082025_a9e98e54-6744-4cc9-90b2-b12137dc179b.png?v=1760338248,1,Fenris Suspensi,false,Fenris Suspensi,FENRIS Interbat SUSPENSI  obat yang mengandung ibuprofen yang diindikasikan untuk mengatasi demam,,,,,,,,,g,,,active
pasaba-hufa-sirup,Pasaba Hufa Sirup,"<p>Dus, Botol 60 Ml</p><p>Deskripsi: PASABA Hufa SIRUP adalah obat yang mengandung chlorpheniramine maleate dan guaifenesin yang diindikasikan untuk mengatasi batuk dan alergi</p><p>Komposisi: Tiap 5 ml mengandung:Paracetamol 250 mg, Chlorpheniramine Maleate 1 mg, Dextromethrophan 7.5 mg, Pseudoephedrin 15 mg</p><p>Golongan Obat: BLUE</p><p>Bentuk Sediaan: SIRUP</p><p>NIE:DTL9507806537A1</p><p>Exp Date:04/2029</p>",Inofarma,,"","Kesehatan, mqty:2",true,Title,Default Title,,,,,,,,ID116027-1,60.0,shopify,deny,manual,6800.00,,true,true,,,,,,https://cdn.shopify.com/s/files/1/0957/0002/5634/files/ID116027-1_11092025_5b89fe09-019b-48ae-9c68-5ff8b0494757.png?v=1760338248,1,Pasaba Hufa Sirup,false,Pasaba Hufa Sirup,PASABA Hufa SIRUP  obat yang mengandung chlorpheniramine maleate dan guaifenesin yang diindikasikan untuk mengatasi batuk dan alergi,,,,,,,,,g,,,active
hufasulvon-kids-sirup,Hufasulvon Kids Sirup,"<p>Dus, 1 Botol @ 60 Ml</p><p>Deskripsi: HUFASULVON KIDS Gratia SIRUP adalah obat yang mengandung bromhexine yang diindikasikan untuk mengatasi batuk berdahak</p><p>Komposisi: Tiap 5 ml mengandung: Bromhexine hydrocloride 4 mg</p><p>Golongan Obat: BLUE</p><p>Bentuk Sediaan: SIRUP</p><p>NIE:DTL1207811037A1</p><p>Exp Date:03/2029</p>",Inofarma,,"","Kesehatan, mqty:2",true,Title,Default Title,,,,,,,,ID108999-1,60.0,shopify,deny,manual,5600.00,,true,true,,,,,,https://cdn.shopify.com/s/files/1/0957/0002/5634/files/ID108999-1_26082025_03868a86-c903-4d8e-a944-5a14600b6e1d.png?v=1760338247,1,Hufasulvon Kids Sirup,false,Hufasulvon Kids Sirup,HUFASULVON KIDS Gratia SIRUP  obat yang mengandung bromhexine yang diindikasikan untuk mengatasi batuk berdahak,,,,,,,,,g,,,active
hufamag-plus-hufa-suspensi,Hufamag Plus Hufa Suspensi,"<p>Dus, Botol 60 Ml</p><p>Deskripsi: HUFAMAG PLUS Hufa SUSPENSI adalah obat yang mengandung aluminium hydroxide, magnesium hydroxide, simethicone yang diindikasikan untuk mengurangi gejala yang berhubungan dengan hipersekresi asam lambung</p><p>Komposisi: Aluminium hidroksida gel kering 300 mg, magnesium trisilikat 300 mg, simetikon 25 mg</p><p>Golongan Obat: GREEN</p><p>Bentuk Sediaan: SUSPENSI</p><p>NIE:DBL9907808433A1</p><p>Exp Date:05/2027</p>",Inofarma,,"","Kesehatan, mqty:2",true,Title,Default Title,,,,,,,,ID108991-1,60.0,shopify,deny,manual,7800.00,,true,true,,,,,,https://cdn.shopify.com/s/files/1/0957/0002/5634/files/ID108991-1_26082025_dd990401-7443-4ff6-af1c-406172ea50fd.png?v=1760338246,1,Hufamag Plus Hufa Suspensi,false,Hufamag Plus Hufa Suspensi,"HUFAMAG PLUS Hufa SUSPENSI  obat yang mengandung aluminium hydroxide, magnesium hydroxide, simethicone yang diindikasikan untuk mengurangi gejala yang berhubungan dengan hipersekresi asam lambung",,,,,,,,,g,,,active
antimo-anak-rasa-strawberry-phapros-sirup,Antimo Anak (Rasa Strawberry) Phapros Sirup,"<p>Dus, 10 Sachet @ 5 Ml</p><p>Deskripsi: ANTIMO ANAK (RASA STRAWBERRY) Phapros SUSPENSI adalah obat yang mengandung dimenhydrinate yang diindikasikan untuk mengatasi mabuk, muntah dalam perjalan jika menggunakan kendaraan bermotor, kapal, kereta api dan pesawat udara</p><p>Komposisi: Dimenhidrinat 12.5 mg</p><p>Golongan Obat: BLUE</p><p>Bentuk Sediaan: SUSPENSI</p><p>NIE:DTL1119928737A1</p><p>Exp Date:07/2026</p>",Inofarma,,"","Kesehatan, mqty:1",true,Title,Default Title,,,,,,,,ID101116-1,5.0,shopify,deny,manual,22700.00,,true,true,,,,,,https://cdn.shopify.com/s/files/1/0957/0002/5634/files/ID101116-1_19082025_09c6fe2c-7e21-4325-867e-1246fa079c47.png?v=1760338245,1,Antimo Anak (Rasa Strawberry) Phapros Sirup,false,Antimo Anak (Rasa Strawberry) Phapros Sirup,"ANTIMO ANAK (RASA STRAWBERRY) Phapros SUSPENSI  obat yang mengandung dimenhydrinate yang diindikasikan untuk mengatasi mabuk, muntah dalam perjalan jika menggunakan kendaraan bermotor, kapal, kereta api dan pesawat udara",,,,,,,,,g,,,active
biocream-krim,Biocream Krim,"<p>Dus, 1 Tube @ 20 G</p><p>Deskripsi: BIOCREAM Merck KRIM adalah obat yang mengandung aerosil, paraffin liquid, vaselin album, cetostearol, sorbimacrogol, palmit 300, monostearin, miglyol 812, asam sorbic, propylenglycol, deionized water. yang diindikasikan untuk kulit yang kering dan kasar, serta krim dasar untuk kosmetik, jerawat pada wajah, dan melindungi kulit selama terapi penyinaran (radioterapi).</p><p>Komposisi: aerosil, paraffin liquid, vaselin album, cetostearol, sorbimacrogol, palmit 300, monostearin, miglyol 812, asam sorbic, propylenglycol, deionized water.</p><p>Golongan Obat: GREEN</p><p>Bentuk Sediaan: KRIM</p><p>NIE:DBL7615808729A1</p><p>Exp Date:12/2026</p>",Inofarma,,"","Kesehatan, mqty:1",true,Title,Default Title,,,,,,,,ID102240-1,20.0,shopify,deny,manual,39400.00,,true,true,,,,,,https://cdn.shopify.com/s/files/1/0957/0002/5634/files/ID102240-1_19082025_d99ace2c-8cf8-4a17-8e2c-3bd8f2fe52f5.jpg?v=1760338242,1,Biocream Krim,false,Biocream Krim,"BIOCREAM Merck KRIM  obat yang mengandung aerosil, paraffin liquid, vaselin album, cetostearol, sorbimacrogol, palmit 300, monostearin, miglyol 812, asam sorbic, propylenglycol, deionized water. yang diindikasikan untuk kulit yang kering dan kasar, serta krim dasar untuk kosmetik, jerawat pada wajah, dan melindungi kulit selama terapi penyinaran (radioterapi).",,,,,,,,,g,,,active
zanic-strawberry-sirup,Zanic (Strawberry) Sirup,"<p>Dus, Botol 100 Ml</p><p>Deskripsi: ZANIC (STRAWBERRY) Nicholas SIRUP adalah obat yang mengandung zinc sulfate yang diindikasikan sebagai terapi penunjang diare pada anak</p><p>Komposisi: Per 5 mL : Zn sulfate heptahydrate setara dengan Zn elemental 20 mg</p><p>Golongan Obat: BLUE</p><p>Bentuk Sediaan: SIRUP</p><p>NIE:DTL1017810037A1</p><p>Exp Date:12/2026</p>",Inofarma,,"","Kesehatan, mqty:1",true,Title,Default Title,,,,,,,,ID122899-1,100.0,shopify,deny,manual,29600.00,,true,true,,,,,,https://cdn.shopify.com/s/files/1/0957/0002/5634/files/ID122899-1_19092025_d17d7dfe-c3cc-441f-8682-c4bd98f4b728.jpg?v=1760338241,1,Zanic (Strawberry) Sirup,false,Zanic (Strawberry) Sirup,ZANIC (STRAWBERRY) Nicholas SIRUP  obat yang mengandung zinc sulfate yang diindikasikan sebagai terapi penunjang diare pada anak,,,,,,,,,g,,,active
neladryl-expectorant-sirup,Neladryl Expectorant Sirup,"<p>Dus, Botol Plastik @ 60 Ml</p><p>Deskripsi: NELADRYL EXPECTORANT Galenium SIRUP adalah obat yang mengandung ammonium chloride, diphenhydramine hcl dan sodium citrate yang diindikasikan sebagai ekspektoran</p><p>Komposisi: Per 5 ml: Diphenhydramine HCl 13,5 mg, Ammon Cl 131 mg, Na citrate 55 mg</p><p>Golongan Obat: BLUE</p><p>Bentuk Sediaan: SIRUP</p><p>NIE:DTL8327800437A1</p><p>Exp Date:12/2026</p>",Inofarma,,"","Kesehatan, mqty:2",true,Title,Default Title,,,,,,,,ID114158-1,60.0,shopify,deny,manual,16700.00,,true,true,,,,,,https://cdn.shopify.com/s/files/1/0957/0002/5634/files/ID114158-1_04092025_79ddbf20-1e8d-44d5-bd83-b5570d04b603.jpg?v=1760338241,1,Neladryl Expectorant Sirup,false,Neladryl Expectorant Sirup,"NELADRYL EXPECTORANT Galenium SIRUP  obat yang mengandung ammonium chloride, diphenhydramine hcl dan sodium citrate yang diindikasikan sebagai ekspektoran",,,,,,,,,g,,,active
laxadine-emulsi-2,Laxadine Emulsi,"<p>Dus, 1 Botol Plastik @ 30 Ml</p><p>Deskripsi: LAXADINE Galenium EMULSI adalah obat yang mengandung phenolphthalein, paraffin liquidum glycerin yang diindikasikan untuk perbaikan peristaltik, pelicin jalannya feses, penambahan volume feses secara sistematis sehingga feces mudah dikeluarkan, persiapan menjelang tindakan radiologis dan operasi.</p><p>Komposisi: Setiap 5 ml mengandung Phenolphthalein 55 mg, Paraffin Liquidum 1200 mg, Glycerin 378 mg</p><p>Golongan Obat: BLUE</p><p>Bentuk Sediaan: EMULSI</p><p>NIE:DTL8327800932A1</p><p>Exp Date:06/2027</p>",Inofarma,,"","Kesehatan, mqty:2",true,Title,Default Title,,,,,,,,ID111453-3,30.0,shopify,deny,manual,33000.00,,true,true,,,,,,https://cdn.shopify.com/s/files/1/0957/0002/5634/files/ID111453-3_05092025_c2effbf1-ed1e-4f34-936c-146fbb87ee33.jpg?v=1760338241,1,Laxadine Emulsi,false,Laxadine Emulsi,"LAXADINE Galenium EMULSI  obat yang mengandung phenolphthalein, paraffin liquidum glycerin yang diindikasikan untuk perbaikan peristaltik, pelicin jalannya feses, penambahan volume feses secara sistematis sehingga feces mudah dikeluarkan, persiapan menjelang tindakan radiologis dan operasi.</p>",,,,,,,,,g,,,active
laxadilac-sirup,Laxadilac Sirup,"<p>Dus, 1 Botol Plastik @ 60 Ml</p><p>Deskripsi: LAXADILAC Galenium SIRUP adalah obat yang mengandung lactulose yang digunakan untuk diare</p><p>Komposisi: Tiap 5 ml mengandung lactulose 3, 335 gram</p><p>Golongan Obat: GREEN</p><p>Bentuk Sediaan: SIRUP</p><p>NIE:DBL0327803837A1</p><p>Exp Date:06/2029</p>",Inofarma,,"","Kesehatan, mqty:2",true,Title,Default Title,,,,,,,,ID111452-1,60.0,shopify,deny,manual,60000.00,,true,true,,,,,,https://cdn.shopify.com/s/files/1/0957/0002/5634/files/ID111452-1_05092025_4b9c9c02-45e3-4b92-a7ba-c81da9b12c53.jpg?v=1760338239,1,Laxadilac Sirup,false,Laxadilac Sirup,LAXADILAC Galenium SIRUP  obat yang mengandung lactulose yang digunakan untuk diare,,,,,,,,,g,,,active
bodrex-flu-dan-batuk-berdahak-pe-sirup,Bodrex Flu Dan Batuk Berdahak Pe Sirup,"<p>Dus, Botol Plastik 60 Ml</p><p>Deskripsi: BODREX FLU &amp; BATUK BERDAHAK PE Tempo Scan SIRUP adalah obat yang mengandung parasetamol, phenylephrine HCl, guaifenesin, Bromhexine Hcl yang diindikasikan untuk meredakan gejala flu seperti demam, sakit kepala, hidung tersumbat dan bersin-bersin yang di sertai batuk berdahak</p><p>Komposisi: Per 5 ml: Paracetamol 150 mg, Phenylephrine HCl 10 mg, dextromethorphan HBr 4 mg</p><p>Golongan Obat: BLUE</p><p>Bentuk Sediaan: SIRUP</p><p>NIE:DTL1322722237A2</p><p>Exp Date:01/2027</p>",Inofarma,,"","Kesehatan, mqty:2",true,Title,Default Title,,,,,,,,ID102527-1,60.0,shopify,deny,manual,12500.00,,true,true,,,,,,https://cdn.shopify.com/s/files/1/0957/0002/5634/files/ID102527-1_19082025_113056c7-f39f-45b8-a306-c42e4d0c828a.jpg?v=1760338239,1,Bodrex Flu Dan Batuk Berdahak Pe Sirup,false,Bodrex Flu Dan Batuk Berdahak Pe Sirup,"BODREX FLU &amp; BATUK BERDAHAK PE Tempo Scan SIRUP  obat yang mengandung parasetamol, phenylephrine HCl, guaifenesin, Bromhexine Hcl yang diindikasikan untuk meredakan gejala flu seperti demam, sakit kepala, hidung tersumbat dan bersin-bersin yang di sertai batuk berdahak</p>",,,,,,,,,g,,,active
neo-rheumacyl-anti-inflammation-gel,Neo Rheumacyl Anti Inflammation Gel,"<p>Dus, 1 Tube @ 30 Gram</p><p>Deskripsi: NEO RHEUMACYL ANTI INFLAMMATION Tempo Scan GEL adalah gel yang digunakan untuk mengatasi inflamasi di otot dan urat sendi</p><p>Komposisi: Tiap gram mengandung Diclofenac Diethylamine 11.6 mg setara dengan Diclofenac Sodium 10 mg.</p><p>Golongan Obat: BLUE</p><p>Bentuk Sediaan: GEL</p><p>NIE:DTL2122728728A1 </p><p>Exp Date:04/2027</p>",Inofarma,,"","Kesehatan, mqty:1",true,Title,Default Title,,,,,,,,ID114195-1,30.0,shopify,deny,manual,13500.00,,true,true,,,,,,https://cdn.shopify.com/s/files/1/0957/0002/5634/files/ID114195-1_04092025_da444a9a-30d4-4e84-8126-e29b11c5a493.jpg?v=1760338238,1,Neo Rheumacyl Anti Inflammation Gel,false,Neo Rheumacyl Anti Inflammation Gel,NEO RHEUMACYL ANTI INFLAMMATION Tempo Scan GEL  gel yang digunakan untuk mengatasi inflamasi di otot dan urat sendi,,,,,,,,,g,,,active
mycazol-krim-20-mg,Mycazol Krim 20 Mg,"<p>Dus, 1 Tube@ 5 Gram</p><p>Deskripsi: MYCAZOL Erlimpex KRIM 20 MG adalah obat yang mengandung ketoconazole yang diindikasikan untuk mengatasi infeksi jamur pada kulit</p><p>Komposisi: KETOCONAZOLE</p><p>Golongan Obat: BLUE</p><p>Bentuk Sediaan: KRIM</p><p>NIE:DTL0806413529A1</p><p>Exp Date:06/2027</p>",Inofarma,,"","Kesehatan, mqty:1",true,Title,Default Title,,,,,,,,ID113771-1,5.0,shopify,deny,manual,7600.00,,true,true,,,,,,https://cdn.shopify.com/s/files/1/0957/0002/5634/files/ID113771-1_04092025_bdbcde79-8e73-41e3-af2c-e5ce3ba27b7a.jpg?v=1760338238,1,Mycazol Krim 20 Mg,false,Mycazol Krim 20 Mg,MYCAZOL Erlimpex KRIM 20 MG  obat yang mengandung ketoconazole yang diindikasikan untuk mengatasi infeksi jamur pada kulit,,,,,,,,,g,,,active
lorihis-sirup,Lorihis Sirup -,"<p>Dus, 1 Botol @ 60 Ml</p><p>Deskripsi: LORIHIS Erlimpex SIRUP adalah obat yang mengandung loratadine yang diindikasikan untuk mengatasi gejala alergi</p><p>Komposisi: Loratadine 10 Mg</p><p>Golongan Obat: BLUE</p><p>Bentuk Sediaan: SIRUP</p><p>NIE:DTL9806411637A1</p><p>Exp Date:06/2028</p>",Inofarma,,"","Kesehatan, mqty:2",true,Title,Default Title,,,,,,,,ID111985-1,60.0,shopify,deny,manual,9500.00,,true,true,,,,,,https://cdn.shopify.com/s/files/1/0957/0002/5634/files/ID111985-1_05092025_820ec147-8b1f-4f1c-8e02-fd66dd73bb1e.jpg?v=1760338237,1,Lorihis Sirup -,false,Lorihis Sirup -,LORIHIS Erlimpex SIRUP  obat yang mengandung loratadine yang diindikasikan untuk mengatasi gejala alergi,,,,,,,,,g,,,active
erphakaf-plus-sirup,Erphakaf Plus Sirup,"<p>Dus, 1 Botol @ 60 Ml</p><p>Deskripsi: ERPHAKAF PLUS Erlimpex SIRUP adalah obat yang mengandung Dextromethorphan HBr, Diphenhydramine HCl, Phenylpropanolamine HCl, Ammonii Chloride, Natrii citras yang diindikan meringankan batuk dan pilek</p><p>Komposisi: Tiap sendok takar (5 ml) syrup mengandung : Dextromethorphan HBr 10 mg, Diphenhydramine HCl 10 mg, Phenylpropanolamine HCl 7.5 mg, Ammonii Chloride 125 mg, Natrii citras 50 mg</p><p>Golongan Obat: BLUE</p><p>Bentuk Sediaan: SIRUP</p><p>NIE:DTL8106402137A1</p><p>Exp Date:02/2027</p>",Inofarma,,"","Kesehatan, mqty:2",true,Title,Default Title,,,,,,,,ID105825-1,60.0,shopify,deny,manual,6300.00,,true,true,,,,,,https://cdn.shopify.com/s/files/1/0957/0002/5634/files/ID105825-1_29082025_03d52bfb-2c77-4906-87c7-8c7a1da999d9.jpg?v=1760338236,1,Erphakaf Plus Sirup,false,Erphakaf Plus Sirup,"ERPHAKAF PLUS Erlimpex SIRUP  obat yang mengandung Dextromethorphan HBr, Diphenhydramine HCl, Phenylpropanolamine HCl, Ammonii Chloride, Natrii citras yang diindikan meringankan batuk dan pilek",,,,,,,,,g,,,active
ottopan-otto-drops,Ottopan Otto Drops,"<p>Dus, 1 Botol @ 15 Ml</p><p>Deskripsi: OTTOPAN Otto DROPS adalah obat yang mengandung parasetamol yang diindikasikan untuk mengatasi nyeri ringan sampai sedang, nyeri sesudah operasi cabut gigi, pireksia.</p><p>Komposisi: Tiap 0.6 ml drops mengandung Paracetamol 60 mg</p><p>Golongan Obat: GREEN</p><p>Bentuk Sediaan: DROPS</p><p>NIE:DBL9418811836A1</p><p>Exp Date:02/2028</p>",Inofarma,,"","Kesehatan, mqty:1",true,Title,Default Title,,,,,,,,ID115654-1,15.0,shopify,deny,manual,46900.00,,true,true,,,,,,https://cdn.shopify.com/s/files/1/0957/0002/5634/files/ID115654-1_12092025_8b7915c6-0d4c-459e-84fe-095e9901aefc.jpg?v=1760338235,1,Ottopan Otto Drops,false,Ottopan Otto Drops,"OTTOPAN Otto DROPS  obat yang mengandung parasetamol yang diindikasikan untuk mengatasi nyeri ringan sampai sedang, nyeri sesudah operasi cabut gigi, pireksia.",,,,,,,,,g,,,active
lapifed-dm-lapi-sirup,Lapifed Dm Lapi Sirup,"<p>Dus, 1 Botol @ 100 Ml</p><p>Deskripsi: LAPIFED DM Lapi SIRUP adalah obat yang mengandung triprolidine HCl, pseudoephedrine, dextromethorphan yang diindikasikan untuk meringankan gejala flu dan batuk</p><p>Komposisi: Per 5 mL : Triprolidine HCl 1.25 mg, Pseudoephedrine 30 mg, Dextromethorphan HBr 10 mg</p><p>Golongan Obat: BLUE</p><p>Bentuk Sediaan: SIRUP</p><p>NIE:DTL9813308837A1</p><p>Exp Date:08/2027</p>",Inofarma,,"","Kesehatan, mqty:1",true,Title,Default Title,,,,,,,,ID111273-1,100.0,shopify,deny,manual,46300.00,,true,true,,,,,,https://cdn.shopify.com/s/files/1/0957/0002/5634/files/ID111273-1_26082025_42c5c46f-0127-4fb6-b1c9-5ba63e318731.jpg?v=1760338234,1,Lapifed Dm Lapi Sirup,false,Lapifed Dm Lapi Sirup,"LAPIFED DM Lapi SIRUP  obat yang mengandung triprolidine HCl, pseudoephedrine, dextromethorphan yang diindikasikan untuk meringankan gejala flu dan batuk",,,,,,,,,g,,,active
maltofer-drops,Maltofer Drops,"<p>Dus, 1 Botol @ 30 Ml</p><p>Deskripsi: MALTOFER Combiphar DROPS adalah obat yang mengandung iron yang diindikasikan untuk pengobatan pada defisiensi zat besi laten dan anemia, terapi pencegahan defisiensi zat besi selama kehamilan</p><p>Komposisi: Tiap mL (setara dengan 20 tetes) mengandung Iron (III)-Hydroxide Polymaltose Complex (IPC) setara dengan Besi elemental 50 mg</p><p>Golongan Obat: GREEN</p><p>Bentuk Sediaan: DROPS</p><p>NIE:DBL0304128636A1</p><p>Exp Date:03/2029</p>",Inofarma,,"","mqty:2, Vitamin & Suplemen",true,Title,Default Title,,,,,,,,ID112318-1,30.0,shopify,deny,manual,78100.00,,true,true,,,,,,https://cdn.shopify.com/s/files/1/0957/0002/5634/files/ID112318-1_02092025_31e6e7e3-a32c-44df-a2a0-3433e13e1245.png?v=1760338230,1,Maltofer Drops,false,Maltofer Drops,"MALTOFER Combiphar DROPS  obat yang mengandung iron yang diindikasikan untuk pengobatan pada defisiensi zat besi laten dan anemia, terapi pencegahan defisiensi zat besi selama kehamilan</p>",,,,,,,,,g,,,active
solinfec-ifars-krim,Solinfec Ifars Krim,"<p>Dus, 1 Tube @ 5 Gram</p><p>Deskripsi: SOLINFEC Ifars KRIM adalah obat yang mengandung ketoconazole yang diindikasikan untuk mengatasi infeksi jamur pada kulit</p><p>Komposisi: KETOCONAZOLE 200 MG</p><p>Golongan Obat: BLUE</p><p>Bentuk Sediaan: KRIM</p><p>NIE:DTL0009211629A1</p><p>Exp Date:08/2029</p>",Inofarma,,"","Kesehatan, mqty:1",true,Title,Default Title,,,,,,,,ID119749-2,5.0,shopify,deny,manual,8300.00,,true,true,,,,,,https://cdn.shopify.com/s/files/1/0957/0002/5634/files/ID119749-2_09092025_14c38827-58d0-475e-bb8b-8b3589ba64dd.jpg?v=1760338229,1,Solinfec Ifars Krim,false,Solinfec Ifars Krim,SOLINFEC Ifars KRIM  obat yang mengandung ketoconazole yang diindikasikan untuk mengatasi infeksi jamur pada kulit,,,,,,,,,g,,,active
obh-combi-anak-batuk-plus-flu-madu-sirup,Obh Combi Anak Batuk Plus Flu (Madu) Sirup,"<p>Dus, 1 Botol Plastik @ 60 Ml</p><p>Deskripsi: OBH COMBI ANAK BATUK PLUS FLU (Madu) Combiphar SIRUP adalah sirup yang mengandung ammonium chloride, chlorphenamine maleate, paracetamol, pseudoephedrine hydrochloride, succus liquiritiae yang berkhasiat untuk meredakan batuk yang disertai gejala-gejala flu pada anak seperti demam, sakit kepala, hidung tersumbat dan bersin-bersin dengan rasa madu</p><p>Komposisi: Tiap 5 ml mengandung : Succus Liquiritiae 167 mg, Paracetamol 150 mg, Ammonium Chloride 50 mg, Pseudoephedrine HCl 10 mg, Chlorpheniramine maleate 1 mg</p><p>Golongan Obat: BLUE</p><p>Bentuk Sediaan: SIRUP</p><p>NIE:DTL0604129337B1</p><p>Exp Date:03/2027</p>",Inofarma,,"","Kesehatan, mqty:2",true,Title,Default Title,,,,,,,,ID115137-1,60.0,shopify,deny,manual,17600.00,,true,true,,,,,,https://cdn.shopify.com/s/files/1/0957/0002/5634/files/ID115137-1_03092025_8f9ad17d-1893-425a-b9c3-5ce681f5d744.jpg?v=1760338228,1,Obh Combi Anak Batuk Plus Flu (Madu) Sirup,false,Obh Combi Anak Batuk Plus Flu (Madu) Sirup,"OBH COMBI ANAK BATUK PLUS FLU (Madu) Combiphar SIRUP  sirup yang mengandung ammonium chloride, chlorphenamine maleate, paracetamol, pseudoephedrine hydrochloride, succus liquiritiae yang berkhasiat untuk meredakan batuk yang disertai gejala-gejala flu pada anak seperti demam, sakit kepala, hidung tersumbat dan bersin-bersin dengan rasa madu",,,,,,,,,g,,,active
maag-gel-suspensi,Maag Gel Suspensi,"<p>Dus, 1 Botol @ 60 Ml</p><p>Deskripsi: MAAG GEL Erela SUSPENSI adalah obat yang mengandung Calcium Carbonate, Dimethylpolysiloxane, and Magnesium Trisilicate. Obat diindikasikan untuk mengatasi gastrittis, peptik esofagitis dan antiflatulen</p><p>Komposisi: Tiap 5 ml: kalsium karbonat (500 mg), magnesium trisilikat (250 mg), simetikon (4 mg)</p><p>Golongan Obat: GREEN</p><p>Bentuk Sediaan: SUSPENSI</p><p>NIE:DBL8306301433A1</p><p>Exp Date:05/2027</p>",Inofarma,,"","Kesehatan, mqty:2",true,Title,Default Title,,,,,,,,ID112125-1,60.0,shopify,deny,manual,9100.00,,true,true,,,,,,https://cdn.shopify.com/s/files/1/0957/0002/5634/files/ID112125-1_02092025_25580026-92de-43b7-b263-ba5d6ef9956e.png?v=1760338227,1,Maag Gel Suspensi,false,Maag Gel Suspensi,"MAAG GEL Erela SUSPENSI  obat yang mengandung Calcium Carbonate, Dimethylpolysiloxane, and Magnesium Trisilicate. Obat diindikasikan untuk mengatasi gastrittis, peptik esofagitis dan antiflatulen",,,,,,,,,g,,,active
erlaflu-sirup,Erlaflu Sirup,"<p>Dus, 1 Botol @ 60 Ml</p><p>Deskripsi: ERLAFLU Erela SIRUP adalah obat yang mengandung Paracetamol, Pseudoephedrine Hydrochloride, Chlorpheniramine Maleat dan Guaifenesin. Obat diindikasikan untuk membantu meringankan gejala flu seperti demam, hidung tersumbat, dan batuk</p><p>Komposisi: Paracetamol 120 mg, Ephedrine Hydrochloride 2.5 mg, Chlorpheniramine Maleate 1 mg, Guaifenesin 50 mg</p><p>Golongan Obat: BLUE</p><p>Bentuk Sediaan: SIRUP</p><p>NIE:DTL1206313837A1</p><p>Exp Date:03/2027</p>",Inofarma,,"","Kesehatan, mqty:2",true,Title,Default Title,,,,,,,,ID105781-1,60.0,shopify,deny,manual,9600.00,,true,true,,,,,,https://cdn.shopify.com/s/files/1/0957/0002/5634/files/ID105781-1_29082025_3b00884a-b2e8-431d-9df6-e2023f78f2ca.jpg?v=1760338226,1,Erlaflu Sirup,false,Erlaflu Sirup,"ERLAFLU Erela SIRUP  obat yang mengandung Paracetamol, Pseudoephedrine Hydrochloride, Chlorpheniramine Maleat dan Guaifenesin. Obat diindikasikan untuk membantu meringankan gejala flu seperti demam, hidung tersumbat, dan batuk",,,,,,,,,g,,,active
antasida-doen-suspensi,Antasida Doen Suspensi,"<p>Botol Plastik @ 60 Ml</p><p>Deskripsi: ANTASIDA DOEN Erela SUSPENSI adalah obat yang mengandung alluminium hydroxide, magnesium hydroxyde yang diindikasikan untuk kelebihan asam lambung, gastritis, tukak lambung dan tukak usus</p><p>Komposisi: Tiap 5 mL: alumunium hydroxide gel 200 mg, magnesium hydroxide paste (30%) 200 mg</p><p>Golongan Obat: GREEN</p><p>Bentuk Sediaan: SUSPENSI</p><p>NIE:GBL9106306133A1</p><p>Exp Date:07/2027</p>",Inofarma,,"","Kesehatan, mqty:2",true,Title,Default Title,,,,,,,,ID101081-1,60.0,shopify,deny,manual,6000.00,,true,true,,,,,,https://cdn.shopify.com/s/files/1/0957/0002/5634/files/ID101081-1_19082025_82f205be-d1a9-4ffc-9ce4-8861c56032a9.png?v=1760338225,1,Antasida Doen Suspensi,false,Antasida Doen Suspensi,"ANTASIDA DOEN Erela SUSPENSI  obat yang mengandung alluminium hydroxide, magnesium hydroxyde yang diindikasikan untuk kelebihan asam lambung, gastritis, tukak lambung dan tukak usus",,,,,,,,,g,,,active
obh-combi-batuk-berdahak-rasa-menthol-sirup-1,Obh Combi Batuk Berdahak Rasa Menthol Sirup,"<p>Dus, 20 Sachet @ 7,5 Ml</p><p>Deskripsi: OBH COMBI BATUK BERDAHAK RASA MENTHOL Combiphar SIRUP adalah obat yang mengandung succus liquiriate dan ammonium chloride yang diindikasikan untuk meredakan batuk berdahak</p><p>Komposisi: Tiap 5 mL sirup mengandung Succus liquiritiae extract 167 mg, ammonium Chloride 50 mg, anise oil 0.99 mg, ammon liqduid 7 microliter, menthol crystal 4.44 mg, peppermint oil 3.16 mg, alcohol 2%</p><p>Golongan Obat: GREEN</p><p>Bentuk Sediaan: SIRUP</p><p>NIE:DBL7204116137A2</p><p>Exp Date:12/1899</p>",Inofarma,,"","mqty:1, Obat Tradisional",true,Title,Default Title,,,,,,,,ID115140-4,8.0,shopify,deny,manual,21100.00,,true,true,,,,,,https://cdn.shopify.com/s/files/1/0957/0002/5634/files/ID115140-4_03092025_247e89cc-51a1-422c-b9a2-bd74f0954894.jpg?v=1760338224,1,Obh Combi Batuk Berdahak Rasa Menthol Sirup,false,Obh Combi Batuk Berdahak Rasa Menthol Sirup,OBH COMBI BATUK BERDAHAK RASA MENTHOL Combiphar SIRUP  obat yang mengandung succus liquiriate dan ammonium chloride yang diindikasikan untuk meredakan batuk berdahak,,,,,,,,,g,,,active
ailin-tetes-mata-0-5-mg,Ailin Tetes Mata 0.5 Mg,"<p>Dus, 1 Botol Plastik @ 10 Ml</p><p>Deskripsi: AILIN Erela TETES MATA 0.5 MG adalah obat yang mengandung tetrahydrozoline hydrochloride yang diindikasikan untuk membantu mengatasi mata merah karena iritasi ringan.</p><p>Komposisi: Tiap ml mengandung: Tetrahydrozoline Hydrochloride (HCl) 0,5 mg dalam larutan buffer isotonis</p><p>Golongan Obat: BLUE</p><p>Bentuk Sediaan: TETES MATA</p><p>NIE:DTL9506308546A1</p><p>Exp Date:04/2027</p>",Inofarma,,"","Kesehatan, mqty:1",true,Title,Default Title,,,,,,,,ID100312-1,10.0,shopify,deny,manual,10300.00,,true,true,,,,,,https://cdn.shopify.com/s/files/1/0957/0002/5634/files/ID100312-1_22082025_409ef716-1329-4c15-b4bd-98be03484a91.jpg?v=1760338223,1,Ailin Tetes Mata 0.5 Mg,false,Ailin Tetes Mata 0.5 Mg,AILIN Erela TETES MATA 0.5 MG  obat yang mengandung tetrahydrozoline hydrochloride yang diindikasikan untuk membantu mengatasi mata merah karena iritasi ringan.,,,,,,,,,g,,,active
kutilos-cairan,Kutilos Cairan,"<p>Dus, Botol 10 Ml</p><p>Deskripsi: KUTILOS Etercon CAIRAN adalah obat yang mengandung asam salisilat, asam laktat, polidocanol yang diindikasikan untuk mengobati masalah pada kulit seperti psoriasis, kutil, mata ikan dan kapalan.</p><p>Komposisi: Asam Salisilat 0,2 G; Asam Laktat 0,05 G; Polidocanol 0,02 G</p><p>Golongan Obat: GREEN</p><p>Bentuk Sediaan: CAIRAN TOPIKAL</p><p>NIE:DBL1315713441A1</p><p>Exp Date:05/2027</p>",Inofarma,,"","Kesehatan, mqty:1",true,Title,Default Title,,,,,,,,ID111060-1,10.0,shopify,deny,manual,32100.00,,true,true,,,,,,https://cdn.shopify.com/s/files/1/0957/0002/5634/files/ID111060-1_26082025_c6f561b9-140c-476b-9493-2dfeca583293.jpg?v=1760338223,1,Kutilos Cairan,false,Kutilos Cairan,"KUTILOS Etercon CAIRAN  obat yang mengandung asam salisilat, asam laktat, polidocanol yang diindikasikan untuk mengobati masalah pada kulit seperti psoriasis, kutil, mata ikan dan kapalan.",,,,,,,,,g,,,active
komix-bintang-toedjoe-sirup-rasa-jahe,Komix Bintang Toedjoe Sirup Rasa Jahe,"<p>Dus, 30 Sachet @ 7 Ml</p><p>Deskripsi: KOMIX Bintang Toedjoe SIRUP RASA JAHE adalah obat yang mengandung chlorphenamine maleate, dextromethorphan hydrobromide, guaifenesin yang diindikasikan untuk membantu meredakan batuk dan menghangatkan tenggorokan</p><p>Komposisi: Setiap Sachet mengandung Guaifenesin 100 mg, Dextromethorphan Hbr 15 mg, Chlorpheniramine Maleate 2 mg</p><p>Golongan Obat: BLUE</p><p>Bentuk Sediaan: SIRUP</p><p>NIE:DTL9202805837A1</p><p>Exp Date:06/2027</p>",Inofarma,,"","mqty:1, Obat Tradisional",true,Title,Default Title,,,,,,,,ID110799-2,10.0,shopify,deny,manual,50600.00,,true,true,,,,,,https://cdn.shopify.com/s/files/1/0957/0002/5634/files/ID110799-2_26082025_1a4d18cb-7a90-4a7a-a5fe-f599c63a4dd0.jpg?v=1760338222,1,Komix Bintang Toedjoe Sirup Rasa Jahe,false,Komix Bintang Toedjoe Sirup Rasa Jahe,"KOMIX Bintang Toedjoe SIRUP RASA JAHE  obat yang mengandung chlorphenamine maleate, dextromethorphan hydrobromide, guaifenesin yang diindikasikan untuk membantu meredakan batuk dan menghangatkan tenggorokan",,,,,,,,,g,,,active
anakonidin-konimex-sirup,Anakonidin Konimex Sirup,"<p>Dus, Botol @ 30 Ml</p><p>Deskripsi: ANAKONIDIN Konimex SIRUP adalah sirup yang mengandung guaifenesin, dextromethorphan, pseudoephedrine hydrochloride, chlorphenamine maleate yang di indikasikan untuk meringankan batuk dan pilek</p><p>Komposisi: Tiap 5 mL :Dextromethrophan HBr 5 mg, Guaifenesin 25 mg, Pseudoephedrine HCl 7.5 mg, Chlorpheniramine Maleate 0.5 mg. Tanpa alkohol</p><p>Golongan Obat: BLUE</p><p>Bentuk Sediaan: SIRUP</p><p>NIE:DTL7613004337A1</p><p>Exp Date:05/2028</p>",Inofarma,,"","Kesehatan, mqty:2",true,Title,Default Title,,,,,,,,ID100932-2,30.0,shopify,deny,manual,8600.00,,true,true,,,,,,https://cdn.shopify.com/s/files/1/0957/0002/5634/files/ID100932-2_22082025_6f376032-a1c2-471d-89de-5a29f10dd7db.jpg?v=1760338221,1,Anakonidin Konimex Sirup,false,Anakonidin Konimex Sirup,"ANAKONIDIN Konimex SIRUP  sirup yang mengandung guaifenesin, dextromethorphan, pseudoephedrine hydrochloride, chlorphenamine maleate yang di indikasikan untuk meringankan batuk dan pilek",,,,,,,,,g,,,active
termorex-plus-konimex-sirup-1,Termorex Plus Konimex Sirup,"<p>Dus, Botol Plastik @ 30 Ml</p><p>Deskripsi: TERMOREX PLUS Konimex SIRUP adalah sirup obat flu yang mengandung paracetamol, guaifenesin, pseudoephedrine hydrochloride, chlorphenamine maleate yang diindikasikan untuk meringankan gejala flu seperti demam, sakit kepala, hidung tersumbat dan bersin bersin yang di sertai batuk</p><p>Komposisi: Tiap sendok takar (5 ml) mengandung : Paracetamol 120 mg, Pseudoephedrine HCl 7.5 mg, Gliseril guaiakoalat 25 mg, Chlorpheniramine Maleate 0.5 mg</p><p>Golongan Obat: BLUE</p><p>Bentuk Sediaan: SIRUP</p><p>NIE:DTL0113019737A1</p><p>Exp Date:05/2027</p>",Inofarma,,"","Kesehatan, mqty:2",true,Title,Default Title,,,,,,,,ID120690-2,30.0,shopify,deny,manual,10500.00,,true,true,,,,,,https://cdn.shopify.com/s/files/1/0957/0002/5634/files/ID120690-2_18092025_d9abc86b-2d55-477e-b2b2-e7fd7f63a97d.png?v=1760338221,1,Termorex Plus Konimex Sirup,false,Termorex Plus Konimex Sirup,"TERMOREX PLUS Konimex SIRUP  sirup obat flu yang mengandung paracetamol, guaifenesin, pseudoephedrine hydrochloride, chlorphenamine maleate yang diindikasikan untuk meringankan gejala flu seperti demam, sakit kepala, hidung tersumbat dan bersin bersin yang di sertai batuk",,,,,,,,,g,,,active
konvermex-250-konimex-suspensi-250-mg-5-ml,Konvermex 250 Konimex Suspensi 250 Mg/5 Ml,"<p>Dus, 10 Blister @ 1 Botol Plastik @ 10 Ml</p><p>Deskripsi: KONVERMEX 250 Konimex SUSPENSI 250 MG/5 mL adalah obat yang mengandung pyrantel pamoate yang diindikasikan untuk melumpuhkan dan menghancurkan cacing serta mengeluarkannya dari dalam tubuh tanpa memerlukan pencahar</p><p>Komposisi: pyrantel pamoat 250 mg / 5 ml</p><p>Golongan Obat: BLUE</p><p>Bentuk Sediaan: SUSPENSI</p><p>NIE:DTL7813021933A1</p><p>Exp Date:-</p>",Inofarma,,"","Kesehatan, mqty:1",true,Title,Default Title,,,,,,,,ID110845-1,10.0,shopify,deny,manual,195500.00,,true,true,,,,,,https://cdn.shopify.com/s/files/1/0957/0002/5634/files/ID110845-1_26082025_3fa146f8-8127-48ae-b1cf-90cd9b33c9bc.jpg?v=1760338221,1,Konvermex 250 Konimex Suspensi 250 Mg/5 Ml,false,Konvermex 250 Konimex Suspensi 250 Mg/5 Ml,KONVERMEX 250 Konimex SUSPENSI 250 MG/5 mL  obat yang mengandung pyrantel pamoate yang diindikasikan untuk melumpuhkan dan menghancurkan cacing serta mengeluarkannya dari dalam tubuh tanpa memerlukan pencahar,,,,,,,,,g,,,active
actifed-sirup-kuning,Actifed Sirup (Kuning),"<p>Dus, 1 Botol Plastik @ 60 Ml</p><p>Deskripsi: ACTIFED Sterling SIRUP (KUNING) adalah obat yang mengandung pseudoephedrine hydrochloride , triprolidine hydrochloride yang diindikasikan untuk gejalagejala yang berhubungan dengan selesma, sinusitis, &amp; kondisi alergi. Mengurangi peradangan pada mukosa hidung &amp; membantu menghentikan gejala hidung berair.</p><p>Komposisi: Tiap 5 ml sirup mengandung: Pseudoephedrine HCl 30 mg, Triprolidine HCl 1.25 mg</p><p>Golongan Obat: BLUE</p><p>Bentuk Sediaan: SIRUP</p><p>NIE:DTL1624504037A1</p><p>Exp Date:03/2028</p>",Inofarma,,"","Kesehatan, mqty:2",true,Title,Default Title,,,,,,,,ID100167-2,60.0,shopify,deny,manual,64000.00,,true,true,,,,,,https://cdn.shopify.com/s/files/1/0957/0002/5634/files/ID100167-2_22082025_04479fa2-8f27-4b96-abcc-487aa093c38d.jpg?v=1760338217,1,Actifed Sirup (Kuning),false,Actifed Sirup (Kuning),"ACTIFED Sterling SIRUP (KUNING)  obat yang mengandung pseudoephedrine hydrochloride , triprolidine hydrochloride yang diindikasikan untuk gejalagejala yang berhubungan dengan selesma, sinusitis, &amp; kondisi alergi. Mengurangi peradangan pada mukosa hidung &amp; membantu menghentikan gejala hidung berair.",,,,,,,,,g,,,active
actifed-plus-expectorant-sterling-sirup,Actifed Plus Expectorant Sterling Sirup,"<p>Dus, 1 Botol Plastik @ 60 Ml</p><p>Deskripsi: ACTIFED PLUS EXPECTORANT Sterling SIRUP adalah obat yang mengandung guaifenesin, pseudoephedrine hydrochloride, triprolidine hydrochlorid yang diindikasikan untuk meredakan gejala peradangan saluran pernafasan bagian atas, rinitis alergi, rinitis vasomotor ( gejala pilek sperti bersinbersin dan hidung tersumbat disertai batuk)</p><p>Komposisi: Tiap 5 ml sirup mengandung: Pseudoephedrine HCl 30 mg, Triprolidine HCl 1.25 mg</p><p>Golongan Obat: BLUE</p><p>Bentuk Sediaan: SIRUP</p><p>NIE:DTL1624504237A1</p><p>Exp Date:02/2028</p>",Inofarma,,"","Kesehatan, mqty:2",true,Title,Default Title,,,,,,,,ID100166-2,60.0,shopify,deny,manual,64000.00,,true,true,,,,,,https://cdn.shopify.com/s/files/1/0957/0002/5634/files/ID100166-2_22082025_e9e9ddad-d142-46b7-9563-27ee0b69f7f0.jpg?v=1760338217,1,Actifed Plus Expectorant Sterling Sirup,false,Actifed Plus Expectorant Sterling Sirup,"ACTIFED PLUS EXPECTORANT Sterling SIRUP  obat yang mengandung guaifenesin, pseudoephedrine hydrochloride, triprolidine hydrochlorid yang diindikasikan untuk meredakan gejala peradangan saluran pernafasan bagian atas, rinitis alergi, rinitis vasomotor ( gejala pilek sperti bersinbersin dan hidung tersumbat disertai batuk)",,,,,,,,,g,,,active
betadine-feminine-hygiene-mbf-cairan-obat-luar-10,Betadine Feminine Hygiene Mbf Cairan Obat Luar 10%,"<p>Botol Plastik @ 60 Ml</p><p>Deskripsi: BETADINE FEMININE HYGIENE Mbf CAIRAN OBAT LUAR 10% adalah antiseptik kewanitaan yang mengandung povidoneiodine yang berkhasiat untuk mengatasi gejala iritasi ringan, gatalgatal dan keputihan yang di sebabkan oleh Trichomonas vaginalis (desinfektan vagina)</p><p>Komposisi: POVIDONE-IODINE 10 %</p><p>Golongan Obat: BLUE</p><p>Bentuk Sediaan: CAIRAN TOPIKAL</p><p>NIE:DTL1613711841B1</p><p>Exp Date:04/2027</p>",Inofarma,,"","mqty:2, Perawatan Tubuh",true,Title,Default Title,,,,,,,,ID102066-1,60.0,shopify,deny,manual,39000.00,,true,true,,,,,,https://cdn.shopify.com/s/files/1/0957/0002/5634/files/ID102066-1_19082025_16ff6c35-9668-4c1c-b11e-bb283d1a747d.jpg?v=1760338215,1,Betadine Feminine Hygiene Mbf Cairan Obat Luar 10%,false,Betadine Feminine Hygiene Mbf Cairan Obat Luar 10%,"BETADINE FEMININE HYGIENE Mbf CAIRAN OBAT LUAR 10%  antiseptik kewanitaan yang mengandung povidoneiodine yang berkhasiat untuk mengatasi gejala iritasi ringan, gatalgatal dan keputihan yang di sebabkan oleh Trichomonas vaginalis (desinfektan vagina)",,,,,,,,,g,,,active
laxadine-emulsi-1,Laxadine Emulsi,"<p>Dus, 1 Botol Plastik @ 110 Ml</p><p>Deskripsi: LAXADINE Galenium EMULSI adalah obat yang mengandung phenolphthalein, paraffin liquidum glycerin yang diindikasikan untuk perbaikan peristaltik, pelicin jalannya feses, penambahan volume feses secara sistematis sehingga feces mudah dikeluarkan, persiapan menjelang tindakan radiologis dan operasi.</p><p>Komposisi: Setiap 5 ml mengandung Phenolphthalein 55 mg, Paraffin Liquidum 1200 mg, Glycerin 378 mg</p><p>Golongan Obat: BLUE</p><p>Bentuk Sediaan: EMULSI</p><p>NIE:DTL8327800932A1</p><p>Exp Date:04/2027</p>",Inofarma,,"","Kesehatan, mqty:2",true,Title,Default Title,,,,,,,,ID111453-2,110.0,shopify,deny,manual,69500.00,,true,true,,,,,,https://cdn.shopify.com/s/files/1/0957/0002/5634/files/ID111453-2_05092025_1421ae0b-a00f-4fbb-b8a6-cc9896b3ed03.jpg?v=1760338215,1,Laxadine Emulsi,false,Laxadine Emulsi,"LAXADINE Galenium EMULSI  obat yang mengandung phenolphthalein, paraffin liquidum glycerin yang diindikasikan untuk perbaikan peristaltik, pelicin jalannya feses, penambahan volume feses secara sistematis sehingga feces mudah dikeluarkan, persiapan menjelang tindakan radiologis dan operasi.",,,,,,,,,g,,,active
thrombophob-salep,Thrombophob Salep,"<p>Dus, Tube @ 15 G</p><p>Deskripsi: THROMBOPHOB Tunggal Idaman SALEP adalah obat yang mengandung benzyl nicotinate, heparin sodium yang diindikasikan untuk trombosis permukaan, tromboflebitis, kaku kedinginan, koreng kaki, radang selaput dada (pleuritis), kejang betis, tendovaginitis, bisul, menghilangkan hematomata, mencegah dan mengobati radang pembuluh balik setelah penyuntikan intravena dan infiltrat setelah injeksi paravenous, pencegahan ulkus dekubitus, perawatan setelah amputasi.</p><p>Komposisi: Setiap 100 gram mengandung 5000 IU Sodium Heparin, 0.25 gram Asam Nikotinat Bezylester</p><p>Golongan Obat: BLUE</p><p>Bentuk Sediaan: SALEP</p><p>NIE:DTL7226108930A1</p><p>Exp Date:07/2028</p>",Inofarma,,"","Kesehatan, mqty:1",true,Title,Default Title,,,,,,,,ID120822-1,15.0,shopify,deny,manual,55500.00,,true,true,,,,,,https://cdn.shopify.com/s/files/1/0957/0002/5634/files/ID120822-1_18092025_e7135e32-93d0-46a6-9367-c5bd05fd57e1.png?v=1760338215,1,Thrombophob Salep,false,Thrombophob Salep,"THROMBOPHOB Tunggal Idaman SALEP  obat yang mengandung benzyl nicotinate, heparin sodium yang diindikasikan untuk trombosis permukaan, tromboflebitis, kaku kedinginan, koreng kaki, radang selaput dada (pleuritis), kejang betis, tendovaginitis, bisul, menghilangkan hematomata, mencegah dan mengobati radang pembuluh balik setelah penyuntikan intravena dan infiltrat setelah injeksi paravenous, pencegahan ulkus dekubitus, perawatan setelah amputasi.",,,,,,,,,g,,,active
ikadryl-ika-sirup-1,Ikadryl Ika Sirup,"<p>Dus, Botol @ 100 Ml</p><p>Deskripsi: IKADRYL Ika SIRUP adalah obat yang mengandung diphenhydramine hydrochloride, ammonium chloride, sodium citrate dihydrate, menthol yang diindikasikan untuk mengatasi batuk berdahak yang disertai pilek, demam, pusing, serta melegakan saluran pernapasan.</p><p>Komposisi: Per 5 mL: Diphenhydramine HCl 12.5 mg, Ammon Cl 125 mg, Na Citrate 50 mg, Menthol 1 mg</p><p>Golongan Obat: BLUE</p><p>Bentuk Sediaan: SIRUP</p><p>NIE:DTL7809322737A1</p><p>Exp Date:10/2026</p>",Inofarma,,"","Kesehatan, mqty:1",true,Title,Default Title,,,,,,,,ID109177-2,100.0,shopify,deny,manual,23600.00,,true,true,,,,,,https://cdn.shopify.com/s/files/1/0957/0002/5634/files/ID109177-2_26082025_12e4971d-8b99-465e-93c4-89b5bfa91ad1.png?v=1760338214,1,Ikadryl Ika Sirup,false,Ikadryl Ika Sirup,"IKADRYL Ika SIRUP  obat yang mengandung diphenhydramine hydrochloride, ammonium chloride, sodium citrate dihydrate, menthol yang diindikasikan untuk mengatasi batuk berdahak yang disertai pilek, demam, pusing, serta melegakan saluran pernapasan.",,,,,,,,,g,,,active
actifed-plus-cough-supressant-sterling-sirup,Actifed Plus Cough Supressant Sterling Sirup,"<p>Dus, 1 Botol Plastik @ 60 Ml</p><p>Deskripsi: ACTIFED PLUS COUGH SUPRESSANT Sterling SIRUP adalah obat yang mengandung tripolidine HCl BP, Pseudoephedrine HCl BP, Dextromethrophan HBr Bp, Ethanol yang diindikasikan untuk meringankan pilek, batuk gatal dan kering</p><p>Komposisi: Per 5 ml: Tripolidine HCl 1.25 mg, Pseudoephedrine HCl 30 mg, Dextromethorphan HBr 10 mg</p><p>Golongan Obat: BLUE</p><p>Bentuk Sediaan: SIRUP</p><p>NIE:DTL1624504137A1</p><p>Exp Date:03/2028</p>",Inofarma,,"","Kesehatan, mqty:2",true,Title,Default Title,,,,,,,,ID100165-2,60.0,shopify,deny,manual,64000.00,,true,true,,,,,,https://cdn.shopify.com/s/files/1/0957/0002/5634/files/ID100165-2_22082025_c2c87dad-286f-4667-b20e-b07ce7db2494.jpg?v=1760338213,1,Actifed Plus Cough Supressant Sterling Sirup,false,Actifed Plus Cough Supressant Sterling Sirup,"ACTIFED PLUS COUGH SUPRESSANT Sterling SIRUP  obat yang mengandung tripolidine HCl BP, Pseudoephedrine HCl BP, Dextromethrophan HBr Bp, Ethanol yang diindikasikan untuk meringankan pilek, batuk gatal dan kering",,,,,,,,,g,,,active
laxadine-emulsi,Laxadine Emulsi,"<p>Dus, 1 Botol Plastik @ 60 Ml</p><p>Deskripsi: LAXADINE Galenium EMULSI adalah obat yang mengandung phenolphthalein, paraffin liquidum glycerin yang diindikasikan untuk perbaikan peristaltik, pelicin jalannya feses, penambahan volume feses secara sistematis sehingga feces mudah dikeluarkan, persiapan menjelang tindakan radiologis dan operasi.</p><p>Komposisi: Setiap 5 ml mengandung Phenolphthalein 55 mg, Paraffin Liquidum 1200 mg, Glycerin 378 mg</p><p>Golongan Obat: BLUE</p><p>Bentuk Sediaan: EMULSI</p><p>NIE:DTL8327800932A1</p><p>Exp Date:04/2027</p>",Inofarma,,"","Kesehatan, mqty:2",true,Title,Default Title,,,,,,,,ID111453-1,60.0,shopify,deny,manual,52900.00,,true,true,,,,,,https://cdn.shopify.com/s/files/1/0957/0002/5634/files/ID111453-1_05092025_d6c55ee8-828b-4f3d-9e19-3c668231da9c.jpg?v=1760338214,1,Laxadine Emulsi,false,Laxadine Emulsi,"LAXADINE Galenium EMULSI  obat yang mengandung phenolphthalein, paraffin liquidum glycerin yang diindikasikan untuk perbaikan peristaltik, pelicin jalannya feses, penambahan volume feses secara sistematis sehingga feces mudah dikeluarkan, persiapan menjelang tindakan radiologis dan operasi.</p>",,,,,,,,,g,,,active
mycorine-serbuk-obat-luar-2,Mycorine Serbuk Obat Luar 2 %,<p>1 Botol Plastik @ 25 G</p><p>Deskripsi: MYCORINE Galenium SERBUK OBAT LUAR 2 % adalah obat yang mengandung miconazole nitrat yang diindikasikan untuk mengatasi kandidiasis.</p><p>Komposisi: Miconazole nitrate 2%</p><p>Golongan Obat: BLUE</p><p>Bentuk Sediaan: SERBUK</p><p>NIE:DTL9127804424A1</p><p>Exp Date:04/2030</p>,Inofarma,,"","Kesehatan, mqty:1",true,Title,Default Title,,,,,,,,ID113779-1,25.0,shopify,deny,manual,52900.00,,true,true,,,,,,https://cdn.shopify.com/s/files/1/0957/0002/5634/files/ID113779-1_04092025_73108621-3060-4b05-9b18-c0bbb2c4af20.jpg?v=1760338213,1,Mycorine Serbuk Obat Luar 2 %,false,Mycorine Serbuk Obat Luar 2 %,MYCORINE Galenium SERBUK OBAT LUAR 2 %  obat yang mengandung miconazole nitrat yang diindikasikan untuk mengatasi kandidiasis.,,,,,,,,,g,,,active
iliadin-semprot-hidung-0-05,Iliadin Semprot Hidung 0.05 %,"<p>Dus, 1 Botol @10 Ml</p><p>Deskripsi: ILIADIN Merck SEMPROT HIDUNG 0.05 % adalah obat yang mengandung oxymetazoline hydrochloride yang diindikasikan untuk meringankan simtomatik dari kongesti (kesembaban) hidung dan nasofaring karena salesma (flu), sinusitis, hay fever atau alergi saluran napas bagian atas lainnya.</p><p>Komposisi: Oxymetazoline HCl 0.05%</p><p>Golongan Obat: BLUE</p><p>Bentuk Sediaan: SEMPROT HIDUNG</p><p>NIE:DTL9315804656A1</p><p>Exp Date:-</p>",Inofarma,,"","Kesehatan, mqty:1",true,Title,Default Title,,,,,,,,ID109194-1,10.0,shopify,deny,manual,91900.00,,true,true,,,,,,https://cdn.shopify.com/s/files/1/0957/0002/5634/files/ID109194-1_26082025_40089d49-ddd7-44b9-98ec-d6929c7d7e9a.png?v=1760338212,1,Iliadin Semprot Hidung 0.05 %,false,Iliadin Semprot Hidung 0.05 %,"ILIADIN Merck SEMPROT HIDUNG 0.05 %  obat yang mengandung oxymetazoline hydrochloride yang diindikasikan untuk meringankan simtomatik dari kongesti (kesembaban) hidung dan nasofaring karena salesma (flu), sinusitis, hay fever atau alergi saluran napas bagian atas lainnya.</p>",,,,,,,,,g,,,active
thrombogel-gel-200-iu-g,Thrombogel Gel 200 Iu/G,"<p>Dus, 1 Tube @ 10 G</p><p>Deskripsi: THROMBOGEL Tunggal Idaman GEL 200 IU/G adalah obat yang mengandung heparin sodium yang diindikasikan untuk flebitis superfisial, penyempitan pembuluh vena, cedera karena olahraga dan kecelakaan.</p><p>Komposisi: Per 100 g: Heparin Sodium 20,000 IU</p><p>Golongan Obat: BLUE</p><p>Bentuk Sediaan: GEL</p><p>NIE:DTL0526110928A1</p><p>Exp Date:06/2029</p>",Inofarma,,"","Kesehatan, mqty:1",true,Title,Default Title,,,,,,,,ID120820-1,10.0,shopify,deny,manual,49400.00,,true,true,,,,,,https://cdn.shopify.com/s/files/1/0957/0002/5634/files/ID120820-1_18092025_0f184942-5f4c-48fd-9fd7-2e014c793d7e.png?v=1760338212,1,Thrombogel Gel 200 Iu/G,false,Thrombogel Gel 200 Iu/G,"THROMBOGEL Tunggal Idaman GEL 200 IU/G  obat yang mengandung heparin sodium yang diindikasikan untuk flebitis superfisial, penyempitan pembuluh vena, cedera karena olahraga dan kecelakaan.",,,,,,,,,g,,,active
sanadryl-expectorant-sirup-1,Sanadryl Expectorant Sirup,"<p>Dus, 1 Botol @ 120 Ml</p><p>Deskripsi: SANADRYL EXPECTORANT Sanbe SIRUP adalah obat yang mengandung ammonium chloride, diphenhydramine hydrochloride, sodium citrate dihydrate, sulfogaiacol potassium yang diindikasikan untuk meringankan batuk berdahak yang di sebabkan alergi</p><p>Komposisi: Per 5 ml: Diphenhydramine HCl 12.5 mg, Ammon Cl 100 mg, K-guaiacolsulfonate 30 mg, Na citrate 50 mg, Menthol 1 mg</p><p>Golongan Obat: BLUE</p><p>Bentuk Sediaan: SIRUP</p><p>NIE:DTL7822209237A1</p><p>Exp Date:05/2027</p>",Inofarma,,"","Kesehatan, mqty:1",true,Title,Default Title,,,,,,,,ID118552-1,120.0,shopify,deny,manual,22100.00,,true,true,,,,,,https://cdn.shopify.com/s/files/1/0957/0002/5634/files/ID118552-1_12092025_4743c2c7-0fbb-4f76-bfdf-9b3720d1de4b.jpg?v=1760338211,1,Sanadryl Expectorant Sirup,false,Sanadryl Expectorant Sirup,"SANADRYL EXPECTORANT Sanbe SIRUP  obat yang mengandung ammonium chloride, diphenhydramine hydrochloride, sodium citrate dihydrate, sulfogaiacol potassium yang diindikasikan untuk meringankan batuk berdahak yang di sebabkan alergi",,,,,,,,,g,,,active
decadryl-expectorant-harsen-sirup-1,Decadryl Expectorant Harsen Sirup,"<p>Dus, 1 Botol @ 60 Ml</p><p>Deskripsi: DECADRYL EXPECTORANT Harsen SIRUP adalah obat yang mengandung ammonium chloride, diphenhydramine hydrochloride, sodium citrate dihydrate, menthol yang diindikasikan untuk meringankan batuk yang disertai alergi.</p><p>Komposisi: Per 5 mL: Diphenhydramine HCl 13.5 mg, Ammonium Chloride 131.5 mg,</p><p>Golongan Obat: BLUE</p><p>Bentuk Sediaan: SIRUP</p><p>NIE:DTL7207918937A1</p><p>Exp Date:04/2028</p>",Inofarma,,"","Kesehatan, mqty:2",true,Title,Default Title,,,,,,,,ID104660-2,60.0,shopify,deny,manual,18200.00,,true,true,,,,,,https://cdn.shopify.com/s/files/1/0957/0002/5634/files/ID104660-2_22082025_bb756aa3-7110-46cb-957f-3b368f219a89.jpg?v=1760338210,1,Decadryl Expectorant Harsen Sirup,false,Decadryl Expectorant Harsen Sirup,"DECADRYL EXPECTORANT Harsen SIRUP  obat yang mengandung ammonium chloride, diphenhydramine hydrochloride, sodium citrate dihydrate, menthol yang diindikasikan untuk meringankan batuk yang disertai alergi.",,,,,,,,,g,,,active
ikadryl-ika-sirup,Ikadryl Ika Sirup,"<p>Dus, Botol @ 60 Ml</p><p>Deskripsi: IKADRYL Ika SIRUP adalah obat yang mengandung diphenhydramine hydrochloride, ammonium chloride, sodium citrate dihydrate, menthol, yang diindikasikan untuk mengatasi batuk berdahak yang disertai pilek, demam, pusing, serta melegakan saluran pernapasan.</p><p>Komposisi: Per 5 mL: Diphenhydramine HCl 12.5 mg, Ammon Cl 125 mg, Na Citrate 50 mg, Menthol 1 mg</p><p>Golongan Obat: BLUE</p><p>Bentuk Sediaan: SIRUP</p><p>NIE:DTL7809322737A1</p><p>Exp Date:04/2027</p>",Inofarma,,"","Kesehatan, mqty:2",true,Title,Default Title,,,,,,,,ID109177-1,60.0,shopify,deny,manual,17400.00,,true,true,,,,,,https://cdn.shopify.com/s/files/1/0957/0002/5634/files/ID109177-1_26082025_1a70ebd8-a4b2-449b-8a0e-6a223a10397e.png?v=1760338211,1,Ikadryl Ika Sirup,false,Ikadryl Ika Sirup,"IKADRYL Ika SIRUP  obat yang mengandung diphenhydramine hydrochloride, ammonium chloride, sodium citrate dihydrate, menthol, yang diindikasikan untuk mengatasi batuk berdahak yang disertai pilek, demam, pusing, serta melegakan saluran pernapasan.",,,,,,,,,g,,,active
sanadryl-expectorant-sirup,Sanadryl Expectorant Sirup,"<p>Dus, 1 Botol @ 60 Ml</p><p>Deskripsi: SANADRYL EXPECTORANT Sanbe SIRUP adalah obat yang mengandung ammonium chloride, diphenhydramine hydrochloride, sodium citrate dihydrate, sulfogaiacol potassium yang diindikasikan untuk meringankan batuk berdahak yang di sebabkan alergi</p><p>Komposisi: Per 5 ml: Diphenhydramine HCl 12.5 mg, Ammon Cl 100 mg, K-guaiacolsulfonate 30 mg, Na citrate 50 mg, Menthol 1 mg</p><p>Golongan Obat: BLUE</p><p>Bentuk Sediaan: SIRUP</p><p>NIE:DTL7822209237A1</p><p>Exp Date:05/2027</p>",Inofarma,,"","Kesehatan, mqty:2",true,Title,Default Title,,,,,,,,ID118552-2,60.0,shopify,deny,manual,15400.00,,true,true,,,,,,https://cdn.shopify.com/s/files/1/0957/0002/5634/files/ID118552-2_12092025_218301eb-3cef-4711-8f19-e73260caab07.jpg?v=1760338209,1,Sanadryl Expectorant Sirup,false,Sanadryl Expectorant Sirup,"SANADRYL EXPECTORANT Sanbe SIRUP  obat yang mengandung ammonium chloride, diphenhydramine hydrochloride, sodium citrate dihydrate, sulfogaiacol potassium yang diindikasikan untuk meringankan batuk berdahak yang di sebabkan alergi",,,,,,,,,g,,,active
hufagripp-pilek-sirup,Hufagripp Pilek Sirup,"<p>Dus, 1 Botol @ 60 Ml</p><p>Deskripsi: HUFAGRIPP PILEK Hufa SIRUP adalah obat yang mengandung pseudoephedrine hydrochloride, chlorphenamine maleate yang diindikasikan untuk meringankan bersinbersin dan hidung tersumbat karena pilek</p><p>Komposisi: Tiap 5 ml mengandung Pseudoephedrine HCI 15 mg dan Chlorpheniramine Maleate 1 mg</p><p>Golongan Obat: BLUE</p><p>Bentuk Sediaan: SIRUP</p><p>NIE:DTL0907810237A1</p><p>Exp Date:04/2028</p>",Inofarma,,"","Kesehatan, mqty:2",true,Title,Default Title,,,,,,,,ID108984-1,60.0,shopify,deny,manual,17300.00,,true,true,,,,,,https://cdn.shopify.com/s/files/1/0957/0002/5634/files/ID108984-1_02092025_0655ef87-02b4-401f-9583-41df7fa7fe17.jpg?v=1760338209,1,Hufagripp Pilek Sirup,false,Hufagripp Pilek Sirup,"HUFAGRIPP PILEK Hufa SIRUP  obat yang mengandung pseudoephedrine hydrochloride, chlorphenamine maleate yang diindikasikan untuk meringankan bersinbersin dan hidung tersumbat karena pilek",,,,,,,,,g,,,active
bisolvon-kids-aventis-sirup,Bisolvon Kids Aventis Sirup,"<p>Dus, 1 Botol @ 60 Ml</p><p>Deskripsi: BISOLVON KIDS Boehringer SIRUP adalah obat yang mengandung bromhexine hydrochloride yang diindikasikan untuk mengatasi batuk berdahak</p><p>Komposisi: Per 5 mL : Bromhexine HCl 4 mg</p><p>Golongan Obat: BLUE</p><p>Bentuk Sediaan: SIRUP</p><p>NIE:DTL1821207237A1</p><p>Exp Date:07/2026</p>",Inofarma,,"","Kesehatan, mqty:2",true,Title,Default Title,,,,,,,,ID102413-2,60.0,shopify,deny,manual,49800.00,,true,true,,,,,,https://cdn.shopify.com/s/files/1/0957/0002/5634/files/ID102413-2_19082025_04ce8ef6-e674-4558-952f-5d5f72602ebc.jpg?v=1760338208,1,Bisolvon Kids Aventis Sirup,false,Bisolvon Kids Aventis Sirup,BISOLVON KIDS Boehringer SIRUP  obat yang mengandung bromhexine hydrochloride yang diindikasikan untuk mengatasi batuk berdahak,,,,,,,,,g,,,active
decadryl-expectorant-harsen-sirup,Decadryl Expectorant Harsen Sirup,"<p>Dus, 1 Botol @ 120 Ml</p><p>Deskripsi: DECADRYL EXPECTORANT Harsen SIRUP adalah obat yang mengandung ammonium chloride, diphenhydramine hydrochloride, sodium citrate dihydrate, menthol yang diindikasikan untuk meringankan batuk yang disertai alergi.</p><p>Komposisi: Per 5 mL: Diphenhydramine HCl 13.5 mg, Ammonium Chloride 131.5 mg,</p><p>Golongan Obat: BLUE</p><p>Bentuk Sediaan: SIRUP</p><p>NIE:DTL7207918937A1</p><p>Exp Date:03/2028</p>",Inofarma,,"","Kesehatan, mqty:1",true,Title,Default Title,,,,,,,,ID104660-1,120.0,shopify,deny,manual,32400.00,,true,true,,,,,,https://cdn.shopify.com/s/files/1/0957/0002/5634/files/ID104660-1_22082025_b839a3b8-be08-40e6-b89c-2416303d591b.jpg?v=1760338208,1,Decadryl Expectorant Harsen Sirup,false,Decadryl Expectorant Harsen Sirup,"DECADRYL EXPECTORANT Harsen SIRUP  obat yang mengandung ammonium chloride, diphenhydramine hydrochloride, sodium citrate dihydrate, menthol yang diindikasikan untuk meringankan batuk yang disertai alergi.",,,,,,,,,g,,,active
thrombophob-gel,Thrombophob Gel,"<p>Dus, 1 Tube @ 20 G</p><p>Deskripsi: THROMBOPHOB Tunggal Idaman GEL adalah obat yang mengandung heparin sodium yang diindikasikan untuk flebitis superfisial, penyempitan pembuluh vena, cedera karena olahraga dan kecelakaan.</p><p>Komposisi: Per 100 g: Heparin Sodium 20,000 IU</p><p>Golongan Obat: BLUE</p><p>Bentuk Sediaan: GEL</p><p>NIE:DTL8526103028A1</p><p>Exp Date:03/2029</p>",Inofarma,,"","Kesehatan, mqty:1",true,Title,Default Title,,,,,,,,ID120821-1,20.0,shopify,deny,manual,72600.00,,true,true,,,,,,https://cdn.shopify.com/s/files/1/0957/0002/5634/files/ID120821-1_18092025_ab56b1be-68a4-4ff5-bbe1-74a406ecec7a.png?v=1760338207,1,Thrombophob Gel,false,Thrombophob Gel,"THROMBOPHOB Tunggal Idaman GEL  obat yang mengandung heparin sodium yang diindikasikan untuk flebitis superfisial, penyempitan pembuluh vena, cedera karena olahraga dan kecelakaan.",,,,,,,,,g,,,active
hufagripp-bp-batuk-kering-dan-pilek-anak-sirup,Hufagripp Bp Batuk Kering Dan Pilek Anak Sirup,"<p>Dus, 1 Botol @ 60 Ml</p><p>Deskripsi: HUFAGRIPP BP Hufa SIRUP adalah obat yang mengandung dextromethorphan hydrobromide, pseudoephedrine hydrochloride yang diindikasikan untuk meringankan batuk tidak berdahak dan pilek.</p><p>Komposisi: Tiap 5 ml mengandung Dextromethorphan HBr 7.5 mg, Pseudoephedrine HCl 15 mg, Chlorpheniramine Maleate 0.5 mg</p><p>Golongan Obat: BLUE</p><p>Bentuk Sediaan: SIRUP</p><p>NIE:DTL0607809137A1</p><p>Exp Date:04/2029</p>",Inofarma,,"","Kesehatan, mqty:2",true,Title,Default Title,,,,,,,,ID108981-1,60.0,shopify,deny,manual,20400.00,,true,true,,,,,,https://cdn.shopify.com/s/files/1/0957/0002/5634/files/ID108981-1_02092025_42f26aa4-f6e1-46d0-8933-d5fc03d82d62.jpg?v=1760338207,1,Hufagripp Bp Batuk Kering Dan Pilek Anak Sirup,false,Hufagripp Bp Batuk Kering Dan Pilek Anak Sirup,"HUFAGRIPP BP Hufa SIRUP  obat yang mengandung dextromethorphan hydrobromide, pseudoephedrine hydrochloride yang diindikasikan untuk meringankan batuk tidak berdahak dan pilek.",,,,,,,,,g,,,active
bodrexin-flu-dan-batuk-pe-sirup-rasa-jeruk,Bodrexin Flu Dan Batuk Pe Sirup Rasa Jeruk,"<p>Dus, 1 Botol Plastik @ 56 Ml</p><p>Deskripsi: BODREXIN FLU &amp; BATUK PE Tempo Scan SIRUP RASA JERUK adalah obat yang mengandung bromhexine hydrochloride, chlorphenamine maleate, guaifenesin, paracetamol, phenylephrine hydrochloride yang diindikasikan untuk meringankan gejala flu seperti demam, sakit kepala, hidung tersumbat dan bersin-bersin yang disertai batuk berdahak</p><p>Komposisi: Tiap sendok takar (5 ml) mengandung Paracetamol 120 mg, Phenylephrine HCl 2.5 mg, Guaifenesin 25 mg, Bromhexine HCl 2 mg, Chlorpheniramine Mlaeate 1 mg</p><p>Golongan Obat: BLUE</p><p>Bentuk Sediaan: SIRUP</p><p>NIE:DTL1422723337A2</p><p>Exp Date:04/2027</p>",Inofarma,,"","Kesehatan, mqty:2",true,Title,Default Title,,,,,,,,ID102545-1,60.0,shopify,deny,manual,13900.00,,true,true,,,,,,https://cdn.shopify.com/s/files/1/0957/0002/5634/files/ID102545-1_19082025_d9d914d0-a57a-4121-971d-66013a610cb0.jpg?v=1760338206,1,Bodrexin Flu Dan Batuk Pe Sirup Rasa Jeruk,false,Bodrexin Flu Dan Batuk Pe Sirup Rasa Jeruk,"BODREXIN FLU &amp; BATUK PE Tempo Scan SIRUP RASA JERUK  obat yang mengandung bromhexine hydrochloride, chlorphenamine maleate, guaifenesin, paracetamol, phenylephrine hydrochloride yang diindikasikan untuk meringankan gejala flu seperti demam, sakit kepala, hidung tersumbat dan bersin-bersin yang disertai batuk berdahak",,,,,,,,,g,,,active
fungiderm-konimex-krim,Fungiderm Konimex Krim,"<p>Dus, Tube @ 10 G</p><p>Deskripsi: FUNGIDERM Konimex KRIM adalah obat yang mengandung clotrimazole yang diindikasikan untuk mengatasi kandidiasis dan trikomoniasis.</p><p>Komposisi: CLOTRIMAZOLE 1%</p><p>Golongan Obat: BLUE</p><p>Bentuk Sediaan: KRIM</p><p>NIE:DTL8913004429A1</p><p>Exp Date:04/2030</p>",Inofarma,,"","Kesehatan, mqty:1",true,Title,Default Title,,,,,,,,ID106942-1,10.0,shopify,deny,manual,25500.00,,true,true,,,,,,https://cdn.shopify.com/s/files/1/0957/0002/5634/files/ID106942-1_25082025_01d90696-6b3d-4d93-8304-882ddd6d7b61.jpg?v=1760338206,1,Fungiderm Konimex Krim,false,Fungiderm Konimex Krim,FUNGIDERM Konimex KRIM  obat yang mengandung clotrimazole yang diindikasikan untuk mengatasi kandidiasis dan trikomoniasis.,,,,,,,,,g,,,active
insto-dry-eyes-tetes-mata,Insto Dry Eyes Tetes Mata,"<p>Dus, 1 Botol Plastik @ 7,5 Ml</p><p>Deskripsi: INSTO DRY EYES Combiphar TETES MATA adalah obat yang mengandung hypromellose yang diindikasikan untuk mengatasi kekeringan pada mata dan sebagai pelumas mata</p><p>Komposisi: Hypromellose 3 mg</p><p>Golongan Obat: BLUE</p><p>Bentuk Sediaan: TETES MATA</p><p>NIE:DTL1438202146A1</p><p>Exp Date:04/2028</p>",Inofarma,,"","Kesehatan, mqty:1",true,Title,Default Title,,,,,,,,ID109412-1,8.0,shopify,deny,manual,15900.00,,true,true,,,,,,https://cdn.shopify.com/s/files/1/0957/0002/5634/files/ID109412-1_26082025_7f246782-df04-4619-9b75-2d6f95c63722.png?v=1760338205,1,Insto Dry Eyes Tetes Mata,false,Insto Dry Eyes Tetes Mata,INSTO DRY EYES Combiphar TETES MATA  obat yang mengandung hypromellose yang diindikasikan untuk mengatasi kekeringan pada mata dan sebagai pelumas mata</p>,,,,,,,,,g,,,active
mycoral-krim-2,Mycoral Krim 2 %,"<p>Dus, 1 Tube @ 5 G</p><p>Deskripsi: MYCORAL Kalbe KRIM 2 % adalah obat yang mengandung ketoconazole yang diindikasikan untuk mengatasi infeksi jamur pada kulit</p><p>Komposisi: KETOCONAZOLE 2 %</p><p>Golongan Obat: BLUE</p><p>Bentuk Sediaan: KRIM</p><p>NIE:DTL8911608429A1</p><p>Exp Date:01/2027</p>",Inofarma,,"","Kesehatan, mqty:1",true,Title,Default Title,,,,,,,,ID113775-3,5.0,shopify,deny,manual,19700.00,,true,true,,,,,,https://cdn.shopify.com/s/files/1/0957/0002/5634/files/ID113775-3_04092025_aabbd57a-a480-455f-9ec7-eb01fecba07b.jpg?v=1760338205,1,Mycoral Krim 2 %,false,Mycoral Krim 2 %,MYCORAL Kalbe KRIM 2 %  obat yang mengandung ketoconazole yang diindikasikan untuk mengatasi infeksi jamur pada kulit,,,,,,,,,g,,,active
oculenta-cendo-gel,Oculenta Cendo Gel,<p>Tube Plastik @ 5 G</p><p>Deskripsi: 05 OCULENTA Cendo GEL adalah obat yang mengandung Vitamin A yang diindikasikan untuk pengganti air mata pada kondisi mata kering akibat keratokonjungtivitis sicca dan tidak stabilnya lapisan air mata serta kornea kurang lembab.</p><p>Komposisi: Vitamin A Palmitate (Retinol Palmitat) 10 mg (1000 IU)</p><p>Golongan Obat: BLUE</p><p>Bentuk Sediaan: GEL</p><p>NIE:DTL0903812687A1</p><p>Exp Date:01/2028</p>,Inofarma,,"","Kesehatan, mqty:1",true,Title,Default Title,,,,,,,,ID115201-2,5.0,shopify,deny,manual,78800.00,,true,true,,,,,,https://cdn.shopify.com/s/files/1/0957/0002/5634/files/ID115201-2_03092025_375fb5ce-c64e-4d37-ac8a-390055e59863.jpg?v=1760338204,1,Oculenta Cendo Gel,false,Oculenta Cendo Gel,05 OCULENTA Cendo GEL  obat yang mengandung Vitamin A yang diindikasikan untuk pengganti air mata pada kondisi mata kering akibat keratokonjungtivitis sicca dan tidak stabilnya lapisan air mata serta kornea kurang lembab.,,,,,,,,,g,,,active
tantum-verde-oral-rinse-soho-obat-kumur-7-5-mg-5-ml,Tantum Verde Oral Rinse Soho Obat Kumur 7.5 Mg/5 Ml,"<p>Dus, Botol @ 120 Ml</p><p>Deskripsi: TANTUM VERDE ORAL RINSE Soho OBAT KUMUR 7.5 MG5 ML adalah obat yang mengandung benzydamine hydrochloride yang diindikasikan untuk mengatasi kondisi inflamasi orofaring yang sakit.</p><p>Komposisi: Per 5 mL Benzydamine HCl 7.5 mg, alkohol 10%</p><p>Golongan Obat: BLUE</p><p>Bentuk Sediaan: CAIRAN KUMUR</p><p>NIE:DTL8824206840A1</p><p>Exp Date:05/2028</p>",Inofarma,,"","mqty:1, Perawatan Tubuh",true,Title,Default Title,,,,,,,,ID120374-1,120.0,shopify,deny,manual,37600.00,,true,true,,,,,,https://cdn.shopify.com/s/files/1/0957/0002/5634/files/ID120374-1_19092025_1e9acb94-f243-4cda-a259-0174416b6479.jpg?v=1760338204,1,Tantum Verde Oral Rinse Soho Obat Kumur 7.5 Mg/5 Ml,false,Tantum Verde Oral Rinse Soho Obat Kumur 7.5 Mg/5 Ml,TANTUM VERDE ORAL RINSE Soho OBAT KUMUR 7.5 MG5 ML  obat yang mengandung benzydamine hydrochloride yang diindikasikan untuk mengatasi kondisi inflamasi orofaring yang sakit.,,,,,,,,,g,,,active
woods-peppermint-antitussive-sirup,Woods' Peppermint Antitussive Sirup,"<p>Dus, 1 Botol Plastik @ 60 Ml</p><p>Deskripsi: WOOD'S PEPPERMINT ANTITUSSIVE Kalbe SIRUP adalah obat herbal yang mengandung dextromethorphan hydrobromide, diphenhydramine hydrochloride yang berkhasiat untuk membantu mengatasi batuk tidak berdahak yang di sebabkan oleh alergi</p><p>Komposisi: Per 5 mL: Dextromethorphan HBr 7.5 mg, Diphenhydramine HCl 12.5 mg</p><p>Golongan Obat: BLUE</p><p>Bentuk Sediaan: SIRUP</p><p>NIE:DTL0111633037A1</p><p>Exp Date:09/2026</p>",Inofarma,,"","Kesehatan, mqty:2",true,Title,Default Title,,,,,,,,ID122620-2,60.0,shopify,deny,manual,25500.00,,true,true,,,,,,https://cdn.shopify.com/s/files/1/0957/0002/5634/files/ID122620-2_19092025_dfe1589b-c0d5-4c2d-a103-ee05dd4c4dd7.jpg?v=1760338203,1,Woods' Peppermint Antitussive Sirup,false,Woods' Peppermint Antitussive Sirup,"WOOD'S PEPPERMINT ANTITUSSIVE Kalbe SIRUP  obat herbal yang mengandung dextromethorphan hydrobromide, diphenhydramine hydrochloride yang berkhasiat untuk membantu mengatasi batuk tidak berdahak yang di sebabkan oleh alergi",,,,,,,,,g,,,active
zoralin-medikon-krim-2,Zoralin Medikon Krim 2 %,"<p>Dus, 1 Tube @ 10 G</p><p>Deskripsi: ZORALIN Medikon KRIM 2 % adalah obat yang mengandung ketoconazole yang diindikasikan untuk mengatasi infeksi jamur pada kulit</p><p>Komposisi: KETOCONAZOLE 2 %</p><p>Golongan Obat: BLUE</p><p>Bentuk Sediaan: KRIM</p><p>NIE:DTL9014803729A1</p><p>Exp Date:05/2028</p>",Inofarma,,"","Kesehatan, mqty:1",true,Title,Default Title,,,,,,,,ID123122-1,10.0,shopify,deny,manual,17500.00,,true,true,,,,,,https://cdn.shopify.com/s/files/1/0957/0002/5634/files/ID123122-1_19092025_1727e9ee-9fdb-4d25-a3c1-54c006d277df.jpg?v=1760338203,1,Zoralin Medikon Krim 2 %,false,Zoralin Medikon Krim 2 %,ZORALIN Medikon KRIM 2 %  obat yang mengandung ketoconazole yang diindikasikan untuk mengatasi infeksi jamur pada kulit,,,,,,,,,g,,,active
insto-reguler-tetes-mata,Insto Reguler Tetes Mata,"<p>Dus, 1 Botol Plastik @ 15 Ml</p><p>Deskripsi: INSTO REGULER Combiphar TETES MATA adalah obat yang mengandung tetrahydrozoline hydrochloride yang diindikasikan untuk meredakan iritasi &amp; kemerahan pada mata</p><p>Komposisi: Tetrahydrozoline HCl 0.05% w/v, Benzalkonium Cl 0.01% w/v</p><p>Golongan Obat: BLUE</p><p>Bentuk Sediaan: TETES MATA</p><p>NIE:DTL1438202046A1</p><p>Exp Date:05/2029</p>",Inofarma,,"","Kesehatan, mqty:1",true,Title,Default Title,,,,,,,,ID109414-1,15.0,shopify,deny,manual,23300.00,,true,true,,,,,,https://cdn.shopify.com/s/files/1/0957/0002/5634/files/ID109414-1_26082025_c2a9806c-c270-4c84-bb12-7a5815c6ebe7.png?v=1760338203,1,Insto Reguler Tetes Mata,false,Insto Reguler Tetes Mata,INSTO REGULER Combiphar TETES MATA  obat yang mengandung tetrahydrozoline hydrochloride yang diindikasikan untuk meredakan iritasi &amp; kemerahan pada mata</p>,,,,,,,,,g,,,active
rohto-rohto-tetes-mata-0-05,Rohto Rohto Tetes Mata 0.05%,"<p>Dus, 1 Botol Plastik @ 7 Ml</p><p>Deskripsi: ROHTO Rohto TETES MATA 0.05% adalah obat yang mengandung tetryzoline hydrochloride yang diindikasikan untuk kemerahan di mata akibat iritasi mata ringan</p><p>Komposisi: Tetrahydrozoline HCI 0.05%</p><p>Golongan Obat: BLUE</p><p>Bentuk Sediaan: TETES MATA</p><p>NIE:DTL1140000246A1</p><p>Exp Date:04/2028</p>",Inofarma,,"","Kesehatan, mqty:1",true,Title,Default Title,,,,,,,,ID115113-1,7.0,shopify,deny,manual,12800.00,,true,true,,,,,,https://cdn.shopify.com/s/files/1/0957/0002/5634/files/ID115113-1_03092025_1b752850-6496-49cf-9aa7-ef7fb2b7592f.jpg?v=1760338202,1,Rohto Rohto Tetes Mata 0.05%,false,Rohto Rohto Tetes Mata 0.05%,ROHTO Rohto TETES MATA 0.05%  obat yang mengandung tetryzoline hydrochloride yang diindikasikan untuk kemerahan di mata akibat iritasi mata ringan</p>,,,,,,,,,g,,,active
termorex-plus-konimex-sirup,Termorex Plus Konimex Sirup,"<p>Dus, 1 Botol Plastik @ 60 Ml</p><p>Deskripsi: TERMOREX PLUS Konimex SIRUP adalah sirup obat flu yang mengandung paracetamol, guaifenesin, pseudoephedrine hydrochloride, chlorphenamine maleate yang diindikasikan untuk meringankan gejala flu seperti demam, sakit kepala, hidung tersumbat dan bersin bersin yang di sertai batuk</p><p>Komposisi: Tiap sendok takar (5 ml) mengandung : Paracetamol 120 mg, Pseudoephedrine HCl  7.5 mg, Gliseril guaiakoalat  25 mg, Chlorpheniramine Maleate  0.5 mg</p><p>Golongan Obat: BLUE</p><p>Bentuk Sediaan: SIRUP</p><p>NIE:DTL0113019737A1</p><p>Exp Date:04/2027</p>",Inofarma,,"","Kesehatan, mqty:2",true,Title,Default Title,,,,,,,,ID120690-3,60.0,shopify,deny,manual,16900.00,,true,true,,,,,,https://cdn.shopify.com/s/files/1/0957/0002/5634/files/ID120690-3_18092025_b81af1cf-2762-47e5-a407-893576e1f007.png?v=1760338201,1,Termorex Plus Konimex Sirup,false,Termorex Plus Konimex Sirup,"TERMOREX PLUS Konimex SIRUP  sirup obat flu yang mengandung paracetamol, guaifenesin, pseudoephedrine hydrochloride, chlorphenamine maleate yang diindikasikan untuk meringankan gejala flu seperti demam, sakit kepala, hidung tersumbat dan bersin bersin yang di sertai batuk",,,,,,,,,g,,,active
obh-combi-anak-batuk-plus-flu-jeruk-sirup,Obh Combi Anak Batuk Plus Flu (Jeruk) Sirup,"<p>Dus, 1 Botol Plastik @ 60 Ml</p><p>Deskripsi: OBH COMBI ANAK BATUK PLUS FLU (Jeruk) Combiphar SIRUP adalah sirup yang mengandung ammonium chloride, chlorphenamine maleate, paracetamol, pseudoephedrine hydrochloride, succus liquiritiae yang berkhasiat untuk meredakan batuk yang disertai gejalagejala flu pada anak seperti demam, sakit kepala, hidung tersumbat dan bersinbersin dengan rasa jeruk</p><p>Komposisi: Succus Liquiritiae Extract 100 mg, Paracetamol 120 mg, Ammonium Chloride 50 mg, Pseudoephedrin HCl 7,5 mg, Chlorpheniramine Maleate 1 mg</p><p>Golongan Obat: BLUE</p><p>Bentuk Sediaan: SIRUP</p><p>NIE:DTL9804123837A1</p><p>Exp Date:05/2027</p>",Inofarma,,"","Kesehatan, mqty:2",true,Title,Default Title,,,,,,,,ID115136-1,60.0,shopify,deny,manual,17700.00,,true,true,,,,,,https://cdn.shopify.com/s/files/1/0957/0002/5634/files/ID115136-1_03092025_26b8db38-d6f1-4616-891d-ead60be56092.jpg?v=1760338201,1,Obh Combi Anak Batuk Plus Flu (Jeruk) Sirup,false,Obh Combi Anak Batuk Plus Flu (Jeruk) Sirup,"OBH COMBI ANAK BATUK PLUS FLU (Jeruk) Combiphar SIRUP  sirup yang mengandung ammonium chloride, chlorphenamine maleate, paracetamol, pseudoephedrine hydrochloride, succus liquiritiae yang berkhasiat untuk meredakan batuk yang disertai gejalagejala flu pada anak seperti demam, sakit kepala, hidung tersumbat dan bersinbersin dengan rasa jeruk",,,,,,,,,g,,,active
microlax-enema,Microlax Enema,"<p>Dus, 1 Tube @ 5 Ml</p><p>Deskripsi: MICROLAX Pharos ENEMA adalah obat yang mengandung sodium lauryl sulfoacetate, sodium citrate, sorbitol polyethylene glycol 400 yang diindikasikan untuk mengatasi susak buang air besar</p><p>Komposisi: Na lauryl sulfoacetate 45 mg, Na citrate 450 mg, sorbic acid 5 mg, sorbitol 4,465 mg, PEG-400 625 mg</p><p>Golongan Obat: GREEN</p><p>Bentuk Sediaan: ENEMA</p><p>NIE:DBL7221628958A1</p><p>Exp Date:04/2028</p>",Inofarma,,"","Kesehatan, mqty:5",true,Title,Default Title,,,,,,,,ID113080-3,5.0,shopify,deny,manual,23100.00,,true,true,,,,,,https://cdn.shopify.com/s/files/1/0957/0002/5634/files/ID113080-3_01092025_66fa9179-ceeb-44c5-b13e-952038349795.jpg?v=1760338200,1,Microlax Enema,false,Microlax Enema,"MICROLAX Pharos ENEMA  obat yang mengandung sodium lauryl sulfoacetate, sodium citrate, sorbitol polyethylene glycol 400 yang diindikasikan untuk mengatasi susak buang air besar</p>",,,,,,,,,g,,,active
obh-ika-sirup,Obh Ika Sirup,"<p>Botol @ 200 Ml</p><p>Deskripsi: OBH Ika SIRUP adalah sirup yang mengandung succus liquiritiae, ammonium chloride, anisated spirit of ammonia yang berkhasiat sebagai ekspektoran yang menstimulasi mukosa lambung dan selanjutanya secara refleks merangsang sekresi kelenjar saluran napas sehingga menurunkan viskositas dan mempermudah pengeluaran dahak</p><p>Komposisi: Succus liquiritiae 500 mg, ammon Cl 300 mg, SASA 300 mg</p><p>Golongan Obat: GREEN</p><p>Bentuk Sediaan: SIRUP</p><p>NIE:DBL0709301337A1</p><p>Exp Date:04/2028</p>",Inofarma,,"","Kesehatan, mqty:1",true,Title,Default Title,,,,,,,,ID115147-2,200.0,shopify,deny,manual,23600.00,,true,true,,,,,,https://cdn.shopify.com/s/files/1/0957/0002/5634/files/ID115147-2_03092025_ac3fb8c6-3615-4294-bbf6-58aee76512f6.jpg?v=1760338200,1,Obh Ika Sirup,false,Obh Ika Sirup,"OBH Ika SIRUP  sirup yang mengandung succus liquiritiae, ammonium chloride, anisated spirit of ammonia yang berkhasiat sebagai ekspektoran yang menstimulasi mukosa lambung dan selanjutanya secara refleks merangsang sekresi kelenjar saluran napas sehingga menurunkan viskositas dan mempermudah pengeluaran dahak",,,,,,,,,g,,,active
y-rins-cairan-mata-13-v-v,Y-Rins Cairan Mata 13% V/V,"<p>Dus, 10 Botol Plastik @ 12 Ml</p><p>Deskripsi: YRINS Pratapa Nirmala CAIRAN MATA 13% VV adalah obat yang mengandung distilled witch hazel yang diindikasikan untuk membersihkan, menyejukan dan menyegarkan mata yang lelah dan sakit, meringankan iritasi ringan pada mata yang di sebabkan oleh udara yang berdebu atau berasap, mengemudi atau pekerjaan yang memerlukan penglihatan dekat.</p><p>Komposisi: Distilled wich hazel 13% Benzalkonium cloride 0.005%,</p><p>Golongan Obat: GREEN</p><p>Bentuk Sediaan: CAIRAN MATA</p><p>NIE:DBL0231522045A1</p><p>Exp Date:12/2027</p>",Inofarma,,"","Kesehatan, mqty:1",true,Title,Default Title,,,,,,,,ID122844-1,15.0,shopify,deny,manual,62800.00,,true,true,,,,,,https://cdn.shopify.com/s/files/1/0957/0002/5634/files/ID122844-1_19092025_bbe51359-08d7-4701-bd44-45c747b8900a.jpg?v=1760338199,1,Y-Rins Cairan Mata 13% V/V,false,Y-Rins Cairan Mata 13% V/V,"YRINS Pratapa Nirmala CAIRAN MATA 13% VV  obat yang mengandung distilled witch hazel yang diindikasikan untuk membersihkan, menyejukan dan menyegarkan mata yang lelah dan sakit, meringankan iritasi ringan pada mata yang di sebabkan oleh udara yang berdebu atau berasap, mengemudi atau pekerjaan yang memerlukan penglihatan dekat.",,,,,,,,,g,,,active
obh-nellco-batuk-berdahak-nellco-sirup,Obh Nellco Batuk Berdahak Nellco Sirup,"<p>Dus, 1 Botol @ 55 Ml</p><p>Deskripsi: OBH NELLCO BATUK BERDAHAK Nellco SIRUP adalah sirup yang mengandung succus liquiritiae, ammonium chloride yang berkhasiat untuk meringankan batuk berdahak, bekerja sebagai ekspektoran pada gangguan batuk</p><p>Komposisi: Tiap 5 ml mengandung Glycherrizae succus 167 mg, Amonium klorida 100 mg</p><p>Golongan Obat: GREEN</p><p>Bentuk Sediaan: SIRUP</p><p>NIE:DBL0617206837A1</p><p>Exp Date:03/2028</p>",Inofarma,,"","Kesehatan, mqty:2",true,Title,Default Title,,,,,,,,ID115152-2,55.0,shopify,deny,manual,12000.00,,true,true,,,,,,,,,false,Obh Nellco Batuk Berdahak Nellco Sirup,"OBH NELLCO BATUK BERDAHAK Nellco SIRUP  sirup yang mengandung succus liquiritiae, ammonium chloride yang berkhasiat untuk meringankan batuk berdahak, bekerja sebagai ekspektoran pada gangguan batuk",,,,,,,,,g,,,active
komix-obh-bintang-toedjoe-sirup,Komix Obh Bintang Toedjoe Sirup,"<p>Dus, 30 Sachet @ 7 Ml</p><p>Deskripsi: KOMIX OBH Bintang Toedjoe SIRUP adalah obat yang mengandung succus liq, guaifenesin, phenylephrine HCl, chlorpheniramine Maleate yang diindikasikan untuk batuk berdahak dan pilek</p><p>Komposisi: Setiap sachet (5 ml) mengandung: Succus Liquiritae 167 mg, Guaifenesin 50 mg, Ephedrine Hydrochloride 5 mg, dan Chlopheniramine Maleate 2 mg</p><p>Golongan Obat: BLUE</p><p>Bentuk Sediaan: SIRUP</p><p>NIE:DTL1402813237A1</p><p>Exp Date:07/2027</p>",Inofarma,,"","Kesehatan, mqty:1",true,Title,Default Title,,,,,,,,ID110797-2,7.0,shopify,deny,manual,50100.00,,true,true,,,,,,https://cdn.shopify.com/s/files/1/0957/0002/5634/files/ID110797-2_26082025_f6f76643-4880-46ed-a181-ff87561766a8.jpg?v=1760338196,1,Komix Obh Bintang Toedjoe Sirup,false,Komix Obh Bintang Toedjoe Sirup,"KOMIX OBH Bintang Toedjoe SIRUP  obat yang mengandung succus liq, guaifenesin, phenylephrine HCl, chlorpheniramine Maleate yang diindikasikan untuk batuk berdahak dan pilek",,,,,,,,,g,,,active
komix-kid-strawberry-bintang-toedjoe-sirup,Komix Kid (Strawberry) Bintang Toedjoe Sirup,"<p>Dus, 10 Sachet @ 5 Ml</p><p>Deskripsi: KOMIX KID (STRAWBERRY) Bintang Toedjoe SIRUP adalah obat yang mengandung chlorphenamine maleate, dextromethorphan hydrobromide, guaifenesin yang diindikasikan untuk membantu meredakan batuk pada anak-anak</p><p>Komposisi: Setiap sachet (5 ml): Succus Liquiritiae 167 mg, Guaifenesin 50 ml, Ephedrine HCL 4 mg, Chlorpheniramine Maleate 2 mg</p><p>Golongan Obat: BLUE</p><p>Bentuk Sediaan: SIRUP</p><p>NIE:DTL0602812137A1</p><p>Exp Date:-</p>",Inofarma,,"","Kesehatan, mqty:1",true,Title,Default Title,,,,,,,,ID110794-1,5.0,shopify,deny,manual,12400.00,,true,true,,,,,,https://cdn.shopify.com/s/files/1/0957/0002/5634/files/ID110794-1_26082025_2cd33495-f7e1-4388-acbb-ee8876d5adcb.jpg?v=1760338195,1,Komix Kid (Strawberry) Bintang Toedjoe Sirup,false,Komix Kid (Strawberry) Bintang Toedjoe Sirup,"KOMIX KID (STRAWBERRY) Bintang Toedjoe SIRUP  obat yang mengandung chlorphenamine maleate, dextromethorphan hydrobromide, guaifenesin yang diindikasikan untuk membantu meredakan batuk pada anak-anak",,,,,,,,,g,,,active
gastrucid-nufarindo-suspensi,Gastrucid Nufarindo Suspensi,"<p>Dus, 1 Botol Plastik @ 60 Ml</p><p>Deskripsi: GASTRUCID Nufarindo SUSPENSI adalah obat yang diindikasikan untuk mengurangi gejalagejala yang berhubungan dengan kelebihan sama lambung, gastritis, tukak lambung, tukak usus dua belas jari dengan gejalagejala seperti mual, nyeri lambung, nyeri ulu hati, kembung dan persaan penuh pada lambung</p><p>Komposisi: Tiap sendok takar (5 ml) mengandung: Aluminium Hydroxide gel kering setara dengan Aluminium Hydroxide 325 mg, Magnesium Hydroxide 325 mg, Simethicone 50 mg</p><p>Golongan Obat: GREEN</p><p>Bentuk Sediaan: SUSPENSI</p><p>NIE:DBL8718203333A1</p><p>Exp Date:12/2026</p>",Inofarma,,"","Kesehatan, mqty:2",true,Title,Default Title,,,,,,,,ID107260-2,60.0,shopify,deny,manual,10700.00,,true,true,,,,,,https://cdn.shopify.com/s/files/1/0957/0002/5634/files/ID107260-2_25082025_705e336a-134f-40ff-b88e-9213eac59a1a.jpg?v=1760338195,1,Gastrucid Nufarindo Suspensi,false,Gastrucid Nufarindo Suspensi,"GASTRUCID Nufarindo SUSPENSI  obat yang diindikasikan untuk mengurangi gejalagejala yang berhubungan dengan kelebihan sama lambung, gastritis, tukak lambung, tukak usus dua belas jari dengan gejalagejala seperti mual, nyeri lambung, nyeri ulu hati, kembung dan persaan penuh pada lambung",,,,,,,,,g,,,active
fasidol-ifars-sirup,Fasidol Ifars Sirup,"<p>Dus, 1 Botol @ 60 Ml</p><p>Deskripsi: FASIDOL Ifars SIRUP adalah obat yang mengandung parasetamol yang diindikasikan untuk mengatasi nyeri ringan sampai sedang, nyeri sesudah operasi cabut gigi, pireksia.</p><p>Komposisi: Paracetamol 120 mg/5 ml</p><p>Golongan Obat: GREEN</p><p>Bentuk Sediaan: SIRUP</p><p>NIE:DBL8509201137A1</p><p>Exp Date:09/2027</p>",Inofarma,,"","Kesehatan, mqty:2",true,Title,Default Title,,,,,,,,ID106215-1,60.0,shopify,deny,manual,6900.00,,true,true,,,,,,https://cdn.shopify.com/s/files/1/0957/0002/5634/files/ID106215-1_26082025_c991a8e9-429a-4871-9d02-941fa5e31b3a.png?v=1760338194,1,Fasidol Ifars Sirup,false,Fasidol Ifars Sirup,"FASIDOL Ifars SIRUP  obat yang mengandung parasetamol yang diindikasikan untuk mengatasi nyeri ringan sampai sedang, nyeri sesudah operasi cabut gigi, pireksia.",,,,,,,,,g,,,active
fungasol-guardian-krim-2,Fungasol Guardian Krim 2 %,"<p>Dus, 1 Tube @ 10 G</p><p>Deskripsi: FUNGASOL Guardian KRIM 2 % adalah obat yang mengandung ketoconazole yang diindikasikan untuk mengatasi infeksi jamur pada kulit</p><p>Komposisi: KETOCONAZOLE 2 %</p><p>Golongan Obat: BLUE</p><p>Bentuk Sediaan: KRIM</p><p>NIE:DTL9408002929A1</p><p>Exp Date:07/2027</p>",Inofarma,,"","Kesehatan, mqty:1",true,Title,Default Title,,,,,,,,ID106937-1,10.0,shopify,deny,manual,34600.00,,true,true,,,,,,https://cdn.shopify.com/s/files/1/0957/0002/5634/files/ID106937-1_25082025_85a8d604-4c8b-47eb-bba9-54059e648067.jpg?v=1760338194,1,Fungasol Guardian Krim 2 %,false,Fungasol Guardian Krim 2 %,FUNGASOL Guardian KRIM 2 %  obat yang mengandung ketoconazole yang diindikasikan untuk mengatasi infeksi jamur pada kulit,,,,,,,,,g,,,active
tempra-rasa-anggur-drops,Tempra (Rasa Anggur) Drops,"<p>Dus, 1 Botol Plastik @ 15 Ml</p><p>Deskripsi: TEMPRA (RASA ANGGUR) Taisho DROPS adalah obat yang mengandung parasetamol yang diindikasikan untuk mengatasi nyeri ringan sampai sedang, nyeri sesudah operasi cabut gigi, pireksia.</p><p>Komposisi: Tiap 0.8 ml mengandung Paracetamol 80 mg</p><p>Golongan Obat: GREEN</p><p>Bentuk Sediaan: DROPS</p><p>NIE:DBL1124403036A1</p><p>Exp Date:03/2027</p>",Inofarma,,"","Kesehatan, mqty:1",true,Title,Default Title,,,,,,,,ID120560-1,15.0,shopify,deny,manual,51200.00,,true,true,,,,,,https://cdn.shopify.com/s/files/1/0957/0002/5634/files/ID120560-1_19092025_9c1cf2f1-a013-4f12-ab61-265cf9e457de.jpg?v=1760338190,1,Tempra (Rasa Anggur) Drops,false,Tempra (Rasa Anggur) Drops,"TEMPRA (RASA ANGGUR) Taisho DROPS  obat yang mengandung parasetamol yang diindikasikan untuk mengatasi nyeri ringan sampai sedang, nyeri sesudah operasi cabut gigi, pireksia.",,,,,,,,,g,,,active
pedialyte-aroma-bubble-gum-larutan-elektrolit,Pedialyte (Aroma Bubble Gum) Larutan Elektrolit,"<p>Botol Plastik @ 500 Ml</p><p>Deskripsi: PEDIALYTE (AROMA BUBBLE GUM) Abbott LARUTAN ELEKTROLIT adalah obat yang mengandung dextrose anhydrate, potassium citrate, sodium chloride, sodium citrate dihydrate yang diindikasikan untuk mencegah dan mengobati kondisi saat tubuh kehilangan lebih banyak cairan daripada yang didapatkan (dehidrasi) ringan hingga sedang akibat diare dan muntah.</p><p>Komposisi: Per liter: Dextrose 25 g, Sodium 45 mEq, Potassium 20 mEq, Chloride 35 mEq, Citrate 30 mEq</p><p>Golongan Obat: GREEN</p><p>Bentuk Sediaan: CAIRAN ORAL</p><p>NIE:DBL1000203935A1</p><p>Exp Date:02/2027</p>",Inofarma,,"","mqty:1, Vitamin & Suplemen",true,Title,Default Title,,,,,,,,ID116086-1,500.0,shopify,deny,manual,44000.00,,true,true,,,,,,https://cdn.shopify.com/s/files/1/0957/0002/5634/files/ID116086-1_11092025_42361e91-464b-41b0-b5ee-fac82bea5a29.png?v=1760338190,1,Pedialyte (Aroma Bubble Gum) Larutan Elektrolit,false,Pedialyte (Aroma Bubble Gum) Larutan Elektrolit,"PEDIALYTE (AROMA BUBBLE GUM) Abbott LARUTAN ELEKTROLIT  obat yang mengandung dextrose anhydrate, potassium citrate, sodium chloride, sodium citrate dihydrate yang diindikasikan untuk mencegah dan mengobati kondisi saat tubuh kehilangan lebih banyak cairan daripada yang didapatkan (dehidrasi) ringan hingga sedang akibat diare dan muntah.",,,,,,,,,g,,,active
paracetamol-mersi-sirup,Paracetamol Mersi Sirup,"<p>Botol Plastik @ 60 Ml</p><p>Deskripsi: PARACETAMOL Mersi SIRUP adalah obat yang mengandung parasetamol yang diindikasikan untuk mengatasi nyeri ringan sampai sedang, nyeri sesudah operasi cabut gigi, pireksia.</p><p>Komposisi: Paracetamol 120 mg / 5 ml</p><p>Golongan Obat: GREEN</p><p>Bentuk Sediaan: SIRUP</p><p>NIE:GBL1533312737A1</p><p>Exp Date:07/2028</p>",Inofarma,,"","Kesehatan, mqty:2",true,Title,Default Title,,,,,,,,ID115918-1,60.0,shopify,deny,manual,3400.00,,true,true,,,,,,https://cdn.shopify.com/s/files/1/0957/0002/5634/files/ID115918-1_12092025_db1ad8cf-aa0f-4799-9411-7ae064b86daa.jpg?v=1760338189,1,Paracetamol Mersi Sirup,false,Paracetamol Mersi Sirup,"PARACETAMOL Mersi SIRUP  obat yang mengandung parasetamol yang diindikasikan untuk mengatasi nyeri ringan sampai sedang, nyeri sesudah operasi cabut gigi, pireksia.",,,,,,,,,g,,,active
lerzin-ifars-sirup,Lerzin Ifars Sirup,"<p>Dus, 1 Botol @ 60 Ml</p><p>Deskripsi: LERZIN Ifars SIRUP adalah obat yang mengandung cetirizine hydrochloride yang diindikasikan untuk mengatasi rinitis menahun, rinitis alergi seasonal, konjungtivitis, pruritus, urtikaria idiopati kronis.</p><p>Komposisi: Per 5 ml Cetirizine 5 mg</p><p>Golongan Obat: BLUE</p><p>Bentuk Sediaan: SIRUP</p><p>NIE:DTL0509215237A1</p><p>Exp Date:07/2029</p>",Inofarma,,"","Kesehatan, mqty:2",true,Title,Default Title,,,,,,,,ID111525-1,60.0,shopify,deny,manual,7800.00,,true,true,,,,,,https://cdn.shopify.com/s/files/1/0957/0002/5634/files/ID111525-1_05092025_f01e2985-0126-420a-91ff-38c0e58ab7d2.jpg?v=1760338188,1,Lerzin Ifars Sirup,false,Lerzin Ifars Sirup,"LERZIN Ifars SIRUP  obat yang mengandung cetirizine hydrochloride yang diindikasikan untuk mengatasi rinitis menahun, rinitis alergi seasonal, konjungtivitis, pruritus, urtikaria idiopati kronis.",,,,,,,,,g,,,active
plantacid-suspensi,Plantacid Suspensi,"<p>Dus, 1 Botol Plastik @ 100 Ml</p><p>Deskripsi: PLANTACID Kalbe SUSPENSI adalah obat yang mengandung aluminium hydroxide, magnesium hydroxide, dimeticone yang diindikasika untuk mengurangi gejalagejala yang berhubungan dengan kelebihan asam lambung, tukak lambung, tukak usus 12 jari dengan gejalagejala seperti mual, kembung dan perasaan penuh pada lambung.</p><p>Komposisi: Per 5 mL Al(OH)3 300 mg, Mg(OH)2 300 mg, Dimethylpolysiloxane 30 mg</p><p>Golongan Obat: GREEN</p><p>Bentuk Sediaan: SUSPENSI</p><p>NIE:DBL8511602633A1</p><p>Exp Date:03/2027</p>",Inofarma,,"","Kesehatan, mqty:2",true,Title,Default Title,,,,,,,,ID116612-1,100.0,shopify,deny,manual,15600.00,,true,true,,,,,,https://cdn.shopify.com/s/files/1/0957/0002/5634/files/ID116612-1_11092025_db5814ea-0b57-4bed-9431-89debaf9ad26.png?v=1760338188,1,Plantacid Suspensi,false,Plantacid Suspensi,"PLANTACID Kalbe SUSPENSI  obat yang mengandung aluminium hydroxide, magnesium hydroxide, dimeticone yang diindikasika untuk mengurangi gejalagejala yang berhubungan dengan kelebihan asam lambung, tukak lambung, tukak usus 12 jari dengan gejalagejala seperti mual, kembung dan perasaan penuh pada lambung.",,,,,,,,,g,,,active
lambucid-suspensi,Lambucid Suspensi,"<p>Dus,1 Botol Plastik @ 100 Ml</p><p>Deskripsi: LAMBUCID Hexpharm SUSPENSI adalah obat yang mengandung aluminium hydroxide, magnesium hydroxide, simethicone yang diindikasika untuk mengurangi gejala-gejala yang berhubungan dengan kelebihan asam lambung, gastritis, tukak lambung, tukak usus 12 jari, dengan gejalagejala seperti mual, nyeri lambung, nyeri ulu hati</p><p>Komposisi: Al(Oh)3300 Mg, Mg(Oh)2300 Mg, Simetikon 30 Mg</p><p>Golongan Obat: GREEN</p><p>Bentuk Sediaan: SUSPENSI</p><p>NIE:DBL0008502633A1</p><p>Exp Date:04/2027</p>",Inofarma,,"","Kesehatan, mqty:3",true,Title,Default Title,,,,,,,,ID111139-1,100.0,shopify,deny,manual,12200.00,,true,true,,,,,,https://cdn.shopify.com/s/files/1/0957/0002/5634/files/ID111139-1_26082025_0a47e467-04ea-4c19-b2dd-f3a07736e473.jpg?v=1760338187,1,Lambucid Suspensi,false,Lambucid Suspensi,"LAMBUCID Hexpharm SUSPENSI  obat yang mengandung aluminium hydroxide, magnesium hydroxide, simethicone yang diindikasika untuk mengurangi gejala-gejala yang berhubungan dengan kelebihan asam lambung, gastritis, tukak lambung, tukak usus 12 jari, dengan gejalagejala seperti mual, nyeri lambung, nyeri ulu hati",,,,,,,,,g,,,active
rohto-eye-flush-rohto-cairan-mata-13,Rohto Eye Flush Rohto Cairan Mata 13%,"<p>Dus, 1 Botol Plastik @ 150 Ml</p><p>Deskripsi: ROHTO EYE FLUSH Rohto CAIRAN MATA 13% adalah obat yang mengandung distilled witch hazel yang diindikasikan untuk membersihkan, menyejukan dan menyegarkan mata yang lelah dan sakit, meringankan iritasi ringan pada mata yang di sebabkan oleh udara yang berdebu atau berasap, mengemudi atau pekerjaan yang memerlukan penglihatan dekat.</p><p>Komposisi: Distilled wich hazel 13%, Benzalkonium cloride 0.005%</p><p>Golongan Obat: GREEN</p><p>Bentuk Sediaan: CAIRAN MATA</p><p>NIE:DBL1440000645A1</p><p>Exp Date:04/2028</p>",Inofarma,,"","Kesehatan, mqty:1",true,Title,Default Title,,,,,,,,ID118189-1,150.0,shopify,deny,manual,38300.00,,true,true,,,,,,https://cdn.shopify.com/s/files/1/0957/0002/5634/files/ID118189-1_12092025_c7d8d5dd-7b8b-4eeb-8102-e032b2f77d66.jpg?v=1760338184,1,Rohto Eye Flush Rohto Cairan Mata 13%,false,Rohto Eye Flush Rohto Cairan Mata 13%,"ROHTO EYE FLUSH Rohto CAIRAN MATA 13%  obat yang mengandung distilled witch hazel yang diindikasikan untuk membersihkan, menyejukan dan menyegarkan mata yang lelah dan sakit, meringankan iritasi ringan pada mata yang di sebabkan oleh udara yang berdebu atau berasap, mengemudi atau pekerjaan yang memerlukan penglihatan dekat.",,,,,,,,,g,,,active
plantacid-forte-suspensi,Plantacid Forte Suspensi,"<p>Dus, 1 Botol Plastik @ 100 Ml</p><p>Deskripsi: PLANTACID FORTE Kalbe SUSPENSI adalah obat yang mengandung dimeticone, dried aluminium hydroxide gel, magnesium hydroxide yang diindikasikan untuk mengatasi gangguan pada saluran pencernaan sperti gastritis, perut kembung, maag, dispepsia, hiatus hernia, tukak lambung dan tukak usus duabelas jari</p><p>Komposisi: Tiap 5 mL mengandung: Dried Aluminium Hydroxide Gel 400 mg, Mg Hydroxide 400 mg, Simethicone 100 mg</p><p>Golongan Obat: GREEN</p><p>Bentuk Sediaan: SUSPENSI</p><p>NIE:DBL8511602633B1</p><p>Exp Date:05/2027</p>",Inofarma,,"","Kesehatan, mqty:2",true,Title,Default Title,,,,,,,,ID116610-1,100.0,shopify,deny,manual,34100.00,,true,true,,,,,,https://cdn.shopify.com/s/files/1/0957/0002/5634/files/ID116610-1_11092025_241ec20a-b214-4633-8c43-a7b9f270122c.png?v=1760338183,1,Plantacid Forte Suspensi,false,Plantacid Forte Suspensi,"PLANTACID FORTE Kalbe SUSPENSI  obat yang mengandung dimeticone, dried aluminium hydroxide gel, magnesium hydroxide yang diindikasikan untuk mengatasi gangguan pada saluran pencernaan sperti gastritis, perut kembung, maag, dispepsia, hiatus hernia, tukak lambung dan tukak usus duabelas jari",,,,,,,,,g,,,active
naprex-drops,Naprex Drops,"<p>Dus, Botol Plastik 15 Ml</p><p>Deskripsi: NAPREX Darya-Varia DROPS adalah obat yang mengandung parasetamol yang diindikasikan untuk mengatasi nyeri ringan sampai sedang, nyeri sesudah operasi cabut gigi, pireksia.</p><p>Komposisi: Per 0.6 mL : Paracetamol 60 mg</p><p>Golongan Obat: GREEN</p><p>Bentuk Sediaan: DROPS</p><p>NIE:DBL0204518236A1</p><p>Exp Date:07/2026</p>",Inofarma,,"","Kesehatan, mqty:1",true,Title,Default Title,,,,,,,,ID113860-1,15.0,shopify,deny,manual,55300.00,,true,true,,,,,,https://cdn.shopify.com/s/files/1/0957/0002/5634/files/ID113860-1_04092025_57ce27df-fc53-42cc-860d-b5ec6e3adc90.jpg?v=1760338183,1,Naprex Drops,false,Naprex Drops,"NAPREX Darya-Varia DROPS  obat yang mengandung parasetamol yang diindikasikan untuk mengatasi nyeri ringan sampai sedang, nyeri sesudah operasi cabut gigi, pireksia.",,,,,,,,,g,,,active
obh-combi-anak-batuk-plus-flu-strawberry-sirup,Obh Combi Anak Batuk Plus Flu (Strawberry) Sirup,"<p>Dus, 1 Botol Plastik @ 60 Ml</p><p>Deskripsi: OBH COMBI ANAK BATUK PLUS FLU (Strawberry) Combiphar SIRUP adalah sirup yang mengandung ammonium chloride, chlorphenamine maleate, paracetamol, pseudoephedrine hydrochloride, succus liquiritiae yang berkhasiat untuk meredakan batuk yang disertai gejalagejala flu pada anak seperti demam, sakit kepala, hidung tersumbat dan bersinbersin dengan rasa strawberry</p><p>Komposisi: Succus Liquiritiae 100 mg, Paracetamol 120 mg, Ammonium Chloride 50 mg, Pseudoephedrine HCL 7.5 mg, Chlorpheniramine Maleate 1.0 mg</p><p>Golongan Obat: BLUE</p><p>Bentuk Sediaan: SIRUP</p><p>NIE:DTL9804123737A1</p><p>Exp Date:05/2027</p>",Inofarma,,"","Kesehatan, mqty:2",true,Title,Default Title,,,,,,,,ID115138-1,60.0,shopify,deny,manual,17700.00,,true,true,,,,,,https://cdn.shopify.com/s/files/1/0957/0002/5634/files/ID115138-1_03092025_b026ccec-f068-42e0-b77d-5714f11b84bd.jpg?v=1760338182,1,Obh Combi Anak Batuk Plus Flu (Strawberry) Sirup,false,Obh Combi Anak Batuk Plus Flu (Strawberry) Sirup,"OBH COMBI ANAK BATUK PLUS FLU (Strawberry) Combiphar SIRUP  sirup yang mengandung ammonium chloride, chlorphenamine maleate, paracetamol, pseudoephedrine hydrochloride, succus liquiritiae yang berkhasiat untuk meredakan batuk yang disertai gejalagejala flu pada anak seperti demam, sakit kepala, hidung tersumbat dan bersinbersin dengan rasa strawberry",,,,,,,,,g,,,active
naprex-suspensi-250-mg,Naprex Suspensi 250 Mg,"<p>Dus, 1 Botol Plastik @ 60 Ml</p><p>Deskripsi: NAPREX DaryaVaria SUSPENSI 250 MG adalah obat yang mengandung parasetamol yang diindikasikan untuk mengatasi nyeri ringan sampai sedang, nyeri sesudah operasi cabut gigi, pireksia.</p><p>Komposisi: Tiap 5 ml sirup mengandung Paracetamol 120 mg</p><p>Golongan Obat: GREEN</p><p>Bentuk Sediaan: SUSPENSI</p><p>NIE:DBL0304518633A1</p><p>Exp Date:02/2027</p>",Inofarma,,"","Kesehatan, mqty:2",true,Title,Default Title,,,,,,,,ID113861-1,60.0,shopify,deny,manual,51300.00,,true,true,,,,,,https://cdn.shopify.com/s/files/1/0957/0002/5634/files/ID113861-1_04092025_1aaf1b9b-c11e-46e0-863f-cb6efbe4d8fd.jpg?v=1760338182,1,Naprex Suspensi 250 Mg,false,Naprex Suspensi 250 Mg,"NAPREX DaryaVaria SUSPENSI 250 MG  obat yang mengandung parasetamol yang diindikasikan untuk mengatasi nyeri ringan sampai sedang, nyeri sesudah operasi cabut gigi, pireksia.",,,,,,,,,g,,,active
lactulax-ika-sirup,Lactulax Ika Sirup,"<p>Dus, 1 Botol @ 120 Ml</p><p>Deskripsi: LACTULAX Ika SIRUP adalah obat yang mengandung lactulose yang diindikasikan untuk mengatasi konstipasi (bekerja dalam waktu 48 jam), ensefalopati hepatik (ensefalopati sistemik portal)</p><p>Komposisi: Per 5 mL : Lactulose 3.335 g</p><p>Golongan Obat: GREEN</p><p>Bentuk Sediaan: SIRUP</p><p>NIE:DBL8709303937A1</p><p>Exp Date:10/2026</p>",Inofarma,,"","Kesehatan, mqty:2",true,Title,Default Title,,,,,,,,ID111108-3,120.0,shopify,deny,manual,74600.00,,true,true,,,,,,https://cdn.shopify.com/s/files/1/0957/0002/5634/files/ID111108-3_26082025_fc771b50-7b60-4c43-8545-a7ad708774f4.jpg?v=1760338181,1,Lactulax Ika Sirup,false,Lactulax Ika Sirup,"LACTULAX Ika SIRUP  obat yang mengandung lactulose yang diindikasikan untuk mengatasi konstipasi (bekerja dalam waktu 48 jam), ensefalopati hepatik (ensefalopati sistemik portal)",,,,,,,,,g,,,active
panadol-anak-1-6-thn-sirup-160-mg-5-ml,Panadol Anak 1-6 Thn Sirup 160 Mg/5 Ml,"<p>Dus, 1 Botol Plastik @ 60 Ml</p><p>Deskripsi: PANADOL ANAK 16 Thn Gsk SIRUP 160 MG/5 ML adalah obat yang mengandung parasetamol yang diindikasikan untuk mengatasi nyeri ringan sampai sedang, nyeri sesudah operasi cabut gigi, pireksia.</p><p>Komposisi: Tiap 5 ml (sendok takar) mengandung Paracetamol 160 mg</p><p>Golongan Obat: GREEN</p><p>Bentuk Sediaan: SIRUP</p><p>NIE:DBL7624501537A1</p><p>Exp Date:10/2027</p>",Inofarma,,"","Kesehatan, mqty:1",true,Title,Default Title,,,,,,,,ID115786-2,60.0,shopify,deny,manual,55500.00,,true,true,,,,,,https://cdn.shopify.com/s/files/1/0957/0002/5634/files/ID115786-2_12092025_8df6d2a7-e5bb-4605-8b04-87a4bcd1ad26.jpg?v=1760338181,1,Panadol Anak 1-6 Thn Sirup 160 Mg/5 Ml,false,Panadol Anak 1-6 Thn Sirup 160 Mg/5 Ml,"PANADOL ANAK 16 Thn Gsk SIRUP 160 MG/5 ML  obat yang mengandung parasetamol yang diindikasikan untuk mengatasi nyeri ringan sampai sedang, nyeri sesudah operasi cabut gigi, pireksia.",,,,,,,,,g,,,active
obh-combi-batuk-berdahak-rasa-menthol-sirup,Obh Combi Batuk Berdahak Rasa Menthol Sirup,"<p>Dus, 1 Botol Plastik @ 100 Ml</p><p>Deskripsi: OBH COMBI BATUK BERDAHAK RASA MENTHOL Combiphar SIRUP adalah sirup yang mengandung ammonia water strong 25%, ammonium chloride, anise oil, succus liquiritiae, alcohol, menthol yang berkhasiat untuk meredakan batuk berdahak disertai gejalagejala flu seperti demam, sakit kepala, hidung tersumbat dan bersinbersin</p><p>Komposisi: Tiap 5 mL sirup mengandung Succus liquiritiae extract 167 mg, ammonium Chloride 50 mg, anise oil 0.99 mg, ammon liqduid 7 microliter, menthol crystal 4.44 mg, peppermint oil 3.16 mg, alcohol 2%</p><p>Golongan Obat: GREEN</p><p>Bentuk Sediaan: SIRUP</p><p>NIE:DBL7204116137A1</p><p>Exp Date:05/2027</p>",Inofarma,,"","Kesehatan, mqty:2",true,Title,Default Title,,,,,,,,ID115140-1,100.0,shopify,deny,manual,16500.00,,true,true,,,,,,https://cdn.shopify.com/s/files/1/0957/0002/5634/files/ID115140-1_03092025_3862ab0a-ce89-457c-97c4-64b4eb23e8be.jpg?v=1760338180,1,Obh Combi Batuk Berdahak Rasa Menthol Sirup,false,Obh Combi Batuk Berdahak Rasa Menthol Sirup,"OBH COMBI BATUK BERDAHAK RASA MENTHOL Combiphar SIRUP  sirup yang mengandung ammonia water strong 25%, ammonium chloride, anise oil, succus liquiritiae, alcohol, menthol yang berkhasiat untuk meredakan batuk berdahak disertai gejalagejala flu seperti demam, sakit kepala, hidung tersumbat dan bersinbersin",,,,,,,,,g,,,active
fasidol-ifars-drops,Fasidol Ifars Drops,"<p>Dus, Botol 15 Ml</p><p>Deskripsi: FASIDOL Ifars DROPS adalah obat yang mengandung parasetamol yang diindikasikan untuk mengatasi nyeri ringan sampai sedang, nyeri sesudah operasi cabut gigi, pireksia.</p><p>Komposisi: PARACETAMOL 100 MG</p><p>Golongan Obat: GREEN</p><p>Bentuk Sediaan: DROPS</p><p>NIE:DBL0309213936A1</p><p>Exp Date:05/2027</p>",Inofarma,,"","Kesehatan, mqty:1",true,Title,Default Title,,,,,,,,ID106213-1,15.0,shopify,deny,manual,13000.00,,true,true,,,,,,https://cdn.shopify.com/s/files/1/0957/0002/5634/files/ID106213-1_26082025_d38440da-7769-48a9-be3d-a10800b3979f.png?v=1760338180,1,Fasidol Ifars Drops,false,Fasidol Ifars Drops,"FASIDOL Ifars DROPS  obat yang mengandung parasetamol yang diindikasikan untuk mengatasi nyeri ringan sampai sedang, nyeri sesudah operasi cabut gigi, pireksia.",,,,,,,,,g,,,active
zenirex-zenith-sirup,Zenirex Zenith Sirup,"<p>Dus, Botol @ 60 Ml</p><p>Deskripsi: ZENIREX Zenith SIRUP adalah obat yang mengandung guaifenesin, ipecacuanha fluid extract, promethazine hydrochloride yang diindikasikan untuk meredakan batuk berdahak atau batuk yang disebabkan oleh alergi</p><p>Komposisi: Tiap 5ml mengandung Promethazine HCl 5 mg, Ipecacuanhea Extractum 4 mg, Guaifenesin 50 mg</p><p>Golongan Obat: BLUE</p><p>Bentuk Sediaan: SIRUP</p><p>NIE:DTL7827909637A1</p><p>Exp Date:05/2027</p>",Inofarma,,"","Kesehatan, mqty:2",true,Title,Default Title,,,,,,,,ID122968-2,60.0,shopify,deny,manual,7900.00,,true,true,,,,,,https://cdn.shopify.com/s/files/1/0957/0002/5634/files/ID122968-2_19092025_890be515-73f7-46fb-b7dd-98f6d8f73ed1.jpg?v=1760338179,1,Zenirex Zenith Sirup,false,Zenirex Zenith Sirup,"ZENIREX Zenith SIRUP  obat yang mengandung guaifenesin, ipecacuanha fluid extract, promethazine hydrochloride yang diindikasikan untuk meredakan batuk berdahak atau batuk yang disebabkan oleh alergi",,,,,,,,,g,,,active
obh-combi-batuk-berdahak-rasa-jahe-sirup,Obh Combi Batuk Berdahak Rasa Jahe Sirup,"<p>Dus, Botol Plastik 100 Ml</p><p>Deskripsi: OBH COMBI BATUK BERDAHAK RASA JAHE Combiphar SIRUP adalah sirup yang mengandung ammonia water strong 25%, ammonium chloride, anise oil, succus liquiritiae, alcohol, menthol yang berkhasiat untuk meredakan batuk berdahak disertai gejalagejala flu seperti demam, sakit kepala, hidung tersumbat dan bersinbersin</p><p>Komposisi: Tiap 5 ml sirup mengandung Ekstrak Succus liquiritiae 167 mg, Ammonium klorida 50 mg, Alkohol 2%</p><p>Golongan Obat: GREEN</p><p>Bentuk Sediaan: SIRUP</p><p>NIE:DBL0804130437A1</p><p>Exp Date:07/2027</p>",Inofarma,,"","Kesehatan, mqty:2",true,Title,Default Title,,,,,,,,ID115139-1,100.0,shopify,deny,manual,16500.00,,true,true,,,,,,https://cdn.shopify.com/s/files/1/0957/0002/5634/files/ID115139-1_03092025_a0e10614-f051-4515-872f-b616f172e073.jpg?v=1760338176,1,Obh Combi Batuk Berdahak Rasa Jahe Sirup,false,Obh Combi Batuk Berdahak Rasa Jahe Sirup,"OBH COMBI BATUK BERDAHAK RASA JAHE Combiphar SIRUP  sirup yang mengandung ammonia water strong 25%, ammonium chloride, anise oil, succus liquiritiae, alcohol, menthol yang berkhasiat untuk meredakan batuk berdahak disertai gejalagejala flu seperti demam, sakit kepala, hidung tersumbat dan bersinbersin",,,,,,,,,g,,,active
benzolac-5-medica-lab-gel-5,Benzolac 5 Medica Lab Gel 5 %,"<p>Dus, Tube Plastik @ 5 G</p><p>Deskripsi: BENZOLAC 5 Surya Dermato Medica Lab GEL 5 % adalah obat yang mengandung benzoyl peroxide. Obat digunakan untuk mengatasi jerawat.</p><p>Komposisi: Per gram : Benzoyl Peroxide 5%</p><p>Golongan Obat: BLUE</p><p>Bentuk Sediaan: GEL</p><p>NIE:DTL9028600828A1</p><p>Exp Date:05/2027</p>",Inofarma,,"","mqty:2, Perawatan Tubuh",true,Title,Default Title,,,,,,,,ID101955-2,5.0,shopify,deny,manual,25000.00,,true,true,,,,,,https://cdn.shopify.com/s/files/1/0957/0002/5634/files/ID101955-2_20082025_06d47a30-6bf6-4abe-8491-b1c310bb8dde.png?v=1760338176,1,Benzolac 5 Medica Lab Gel 5 %,false,Benzolac 5 Medica Lab Gel 5 %,BENZOLAC 5 Surya Dermato Medica Lab GEL 5 %  obat yang mengandung benzoyl peroxide. Obat digunakan untuk mengatasi jerawat.</p>,,,,,,,,,g,,,active
termorex-konimex-sirup,Termorex Konimex Sirup,"<p>Dus, Botol Plastik @ 60 Ml</p><p>Deskripsi: TERMOREX Konimex SIRUP adalah obat yang mengandung parasetamol yang diindikasikan untuk mengatasi nyeri ringan sampai sedang, nyeri sesudah operasi cabut gigi, pireksia.</p><p>Komposisi: Tiap sendok takar (5 ml) mengandung : Paracetamol 160 mg</p><p>Golongan Obat: GREEN</p><p>Bentuk Sediaan: SIRUP</p><p>NIE:DBL7813003537A1</p><p>Exp Date:04/2028</p>",Inofarma,,"","Kesehatan, mqty:2",true,Title,Default Title,,,,,,,,ID120688-2,60.0,shopify,deny,manual,14900.00,,true,true,,,,,,https://cdn.shopify.com/s/files/1/0957/0002/5634/files/ID120688-2_19092025_7f6df20e-b413-4c77-8d0a-834e7b66c8e3.jpg?v=1760338175,1,Termorex Konimex Sirup,false,Termorex Konimex Sirup,"TERMOREX Konimex SIRUP  obat yang mengandung parasetamol yang diindikasikan untuk mengatasi nyeri ringan sampai sedang, nyeri sesudah operasi cabut gigi, pireksia.",,,,,,,,,g,,,active
betadine-salep-1,Betadine Salep,"<p>Dus, Tube 20 G</p><p>Deskripsi: BETADINE Mbf SALEP adalah salep antiseptik yang mengandung povidoneiodine yang berkhasiat untuk mencegh dan mengobati infeksi pada luka dan luka bakar</p><p>Komposisi: Povidone iodine 10%</p><p>Golongan Obat: PKRT</p><p>Bentuk Sediaan: SALEP</p><p>NIE:PKD 20501320862</p><p>Exp Date:08/2027</p>",Inofarma,,"","Alat Kesehatan, mqty:0",true,Title,Default Title,,,,,,,,ID102067-7,20.0,shopify,deny,manual,39300.00,,true,true,,,,,,https://cdn.shopify.com/s/files/1/0957/0002/5634/files/ID102067-7_19082025_8d614647-a8b9-41d8-ba3b-ae68b203a4bd.jpg?v=1760338175,1,Betadine Salep,false,Betadine Salep,BETADINE Mbf SALEP  salep antiseptik yang mengandung povidoneiodine yang berkhasiat untuk mencegh dan mengobati infeksi pada luka dan luka bakar,,,,,,,,,g,,,active
kratingdaeng-super-asia-kesehatan-energi-beverages,Kratingdaeng Super Asia Kesehatan Energi Beverages,"<p>Botol Kaca @ 150 Ml</p><p>Deskripsi: KRATINGDAENG SUPER Asia Health Energi Beverages merupakan suplemen yang berkhasiat untuk menjaga stamina tubuh.</p><p>Komposisi: Caffeine, Choline Bitartrate, Cyanocobalamine, Dexpanthenol, Glucuronolactone, Inositol, Lysine, Niacinamide, Pyridoxine HCl, Taurine</p><p>Golongan Obat: SUPLEMEN</p><p>Bentuk Sediaan: CAIRAN</p><p>NIE:SL031600111</p><p>Exp Date:08/2026</p>",Inofarma,,"","Kebutuhan Keluarga, mqty:0",true,Title,Default Title,,,,,,,,ID110878-1,150.0,shopify,deny,manual,8700.00,,true,true,,,,,,https://cdn.shopify.com/s/files/1/0957/0002/5634/files/ID110878-1_26082025_92486eeb-c671-47a7-86c1-7c612056e67f.jpg?v=1760338174,1,Kratingdaeng Super Asia Kesehatan Energi Beverages,false,Kratingdaeng Super Asia Kesehatan Energi Beverages,KRATINGDAENG SUPER Asia Kesehatan Energi Beverages merupakan suplemen yang berkhasiat untuk menjaga stamina tubuh.,,,,,,,,,g,,,active
larutan-penyegar-cap-badak-1,Larutan Penyegar Cap Badak,"<p>Botol 200 Ml</p><p>Deskripsi: LARUTAN PENYEGAR CAP BADAK Sinde adalah minuman penyegar yang mengandung gypsum fibrosum, calcitum yang berfungsi untuk membantu meredakan panas dalam, sariawan, tenggorokan kering dan membantu menyegarkan badan</p><p>Komposisi: Tiap 500 ml mengandung: Gypsum Fibrosum 17.5 g, Calcitum 0.9 g, Air, Fruktosa, Perisa</p><p>Golongan Obat: OBAT TRADISIONAL</p><p>Bentuk Sediaan: CAIRAN</p><p>NIE:TR112627351</p><p>Exp Date:03/2030</p>",Inofarma,,"","Kebutuhan Keluarga, mqty:0",true,Title,Default Title,,,,,,,,ID111380-1,200.0,shopify,deny,manual,3600.00,,true,true,,,,,,https://cdn.shopify.com/s/files/1/0957/0002/5634/files/ID111380-1_26082025_03d83955-fe19-4763-a98e-37c2dee19338.jpg?v=1760338173,1,Larutan Penyegar Cap Badak,false,Larutan Penyegar Cap Badak,"LARUTAN PENYEGAR CAP BADAK Sinde  minuman penyegar yang mengandung gypsum fibrosum, calcitum yang berfungsi untuk membantu meredakan panas dalam, sariawan, tenggorokan kering dan membantu menyegarkan badan",,,,,,,,,g,,,active
larutan-penyegar-cap-badak,Larutan Penyegar Cap Badak,"<p>Botol 200 Ml</p><p>Deskripsi: LARUTAN PENYEGAR CAP BADAK Sinde adalah minuman penyegar yang mengandung gypsum fibrosum, calcitum yang berfungsi untuk membantu meredakan panas dalam, sariawan, tenggorokan kering dan membantu menyegarkan badan</p><p>Komposisi: Tiap 500 ml mengandung: Gypsum Fibrosum 17.5 g, Calcitum 0.9 g, Air, Fruktosa, Perisa</p><p>Golongan Obat: OBAT TRADISIONAL</p><p>Bentuk Sediaan: CAIRAN</p><p>NIE:TR112627351</p><p>Exp Date:03/2030</p>",Inofarma,,"","Kebutuhan Keluarga, mqty:0",true,Title,Default Title,,,,,,,,ID111380-1,200.0,shopify,deny,manual,3600.00,,true,true,,,,,,https://cdn.shopify.com/s/files/1/0957/0002/5634/files/ID111380-1_26082025_e031008a-a90f-42ae-bc50-3ef7a779ecf0.jpg?v=1760338170,1,Larutan Penyegar Cap Badak ,false,Larutan Penyegar Cap Badak ,"LARUTAN PENYEGAR CAP BADAK Sinde  minuman penyegar yang mengandung gypsum fibrosum, calcitum yang berfungsi untuk membantu meredakan panas dalam, sariawan, tenggorokan kering dan membantu menyegarkan badan",,,,,,,,,g,,,active
lanakeloid-e-krim,Lanakeloid-E Krim,"<p>Dus, Tube @ 10 G</p><p>Deskripsi: LANAKELOIDE Pertiwi Agung KRIM adalah obat yang mengandung Centella asiatica phytosome, Vitamin E yang diindikasikan untuk membantu proses penyembuhan luka bakar ringan</p><p>Komposisi: Per gram Centella Asiatica Phytosome 1% (10 mg), Vitamin E (Tocopherol) 0.2% (2 mg)</p><p>Golongan Obat: KUASI</p><p>Bentuk Sediaan: KRIM</p><p>NIE:QD051705251</p><p>Exp Date:05/2028</p>",Inofarma,,"","Kesehatan, mqty:0",true,Title,Default Title,,,,,,,,ID111173-1,10.0,shopify,deny,manual,183600.00,,true,true,,,,,,https://cdn.shopify.com/s/files/1/0957/0002/5634/files/ID111173-1_26082025_3278b11b-1365-44ba-96bd-99fbba0d0480.jpg?v=1760338170,1,Lanakeloid-E Krim,false,Lanakeloid-E Krim,"LANAKELOIDE Pertiwi Agung KRIM  obat yang mengandung Centella asiatica phytosome, Vitamin E yang diindikasikan untuk membantu proses penyembuhan luka bakar ringan",,,,,,,,,g,,,active
lafalos-krim,Lafalos Krim,"<p>Dus, Tube @ 20 G</p><p>Deskripsi: LAFALOS Sanbe KRIM adalah obat yang mengandung Menthol, eugenol , methyl salicylate , vitamin E, kapsikum yang diindikasikan untuk rasa nyeri otot dan punggung, nyeri sendi dan keseleo.</p><p>Komposisi: Menthol 55 mg, Eugenol 14 mg, Methyl Salicylate 102 mg</p><p>Golongan Obat: KUASI</p><p>Bentuk Sediaan: KRIM</p><p>NIE:QD041703381</p><p>Exp Date:05/2027</p>",Inofarma,,"","Kesehatan, mqty:0",true,Title,Default Title,,,,,,,,ID111125-2,20.0,shopify,deny,manual,15900.00,,true,true,,,,,,https://cdn.shopify.com/s/files/1/0957/0002/5634/files/ID111125-2_26082025_4d554e93-888f-4d62-9c11-343f3114d12e.jpg?v=1760338169,1,Lafalos Krim,false,Lafalos Krim,"LAFALOS Sanbe KRIM  obat yang mengandung Menthol, eugenol , methyl salicylate , vitamin E, kapsikum yang diindikasikan untuk rasa nyeri otot dan punggung, nyeri sendi dan keseleo.",,,,,,,,,g,,,active
lafalos-capcaisin-krim,Lafalos + Capcaisin Krim,"<p>Outerbox 12 Dus @ 1 Tube @ 20 G</p><p>Deskripsi: LAFALOS + CAPCAISIN Sanbe KRIM adalah obat yang mengandung nthol, Eugenol, Methyl Salicylate, Capsicum Oleoresin, Vitamin E acetate. Obat diindikasikan untuk meredakan nyeri otot, nyeri punggung, nyeri sendi dan nyeri akibat terkilir.</p><p>Komposisi: Menthol 55 mg, Eugenol 14 mg, Methyl Salicylate 102 mg, Capsicum Oleoresin setara Capsaicin 0.3 mg, Vitamin E acetate 30 mg</p><p>Golongan Obat: KUASI</p><p>Bentuk Sediaan: KRIM</p><p>NIE:QD041703391</p><p>Exp Date:12/1899</p>",Inofarma,,"","Kesehatan, mqty:0",true,Title,Default Title,,,,,,,,ID111124-2,20.0,shopify,deny,manual,240800.00,,true,true,,,,,,https://cdn.shopify.com/s/files/1/0957/0002/5634/files/ID111124-2_26082025_39e8d514-be9a-415f-b860-ffd2762523a5.jpg?v=1760338168,1,Lafalos + Capcaisin Krim,false,Lafalos + Capcaisin Krim,"LAFALOS + CAPCAISIN Sanbe KRIM  obat yang mengandung nthol, Eugenol, Methyl Salicylate, Capsicum Oleoresin, Vitamin E acetate. Obat diindikasikan untuk meredakan nyeri otot, nyeri punggung, nyeri sendi dan nyeri akibat terkilir.</p>",,,,,,,,,g,,,active
lacidofil-serbuk,Lacidofil Serbuk,"<p>Dus, 30 Sachet @ 1 G</p><p>Deskripsi: LACIDOFIL Dexa Medica SERBUK merupakan suplemen yang berfungsi untuk memelihara kesehatan fungsi pencernaan pada anak dan dewasa.</p><p>Komposisi: Tiap Sachet Mengandung 4 Milyar Cfu Lactobacillus Helveticus Rosell-52 Dan Lactobacillus Rhamnosus Rosell-11. Zat tambahan : Maltodextrin</p><p>Golongan Obat: SUPLEMEN</p><p>Bentuk Sediaan: SERBUK</p><p>NIE:SI134204371</p><p>Exp Date:01/2027</p>",Inofarma,,"","mqty:0, Vitamin & Suplemen",true,Title,Default Title,,,,,,,,ID111083-2,1.0,shopify,deny,manual,390600.00,,true,true,,,,,,https://cdn.shopify.com/s/files/1/0957/0002/5634/files/ID111083-2_26082025_3e7bffe0-d0af-4b66-826b-3811acf458e5.jpg?v=1760338168,1,Lacidofil Serbuk,false,Lacidofil Serbuk,LACIDOFIL Dexa Medica SERBUK merupakan suplemen yang berfungsi untuk memelihara kesehatan fungsi pencernaan pada anak dan dewasa.,,,,,,,,,g,,,active
kratingdaeng-super,Kratingdaeng Super,"<p>Botol Kaca @ 150 Ml</p><p>Deskripsi: KRATINGDAENG SUPER Asia Health Energi Beverages merupakan suplemen yang berkhasiat untuk menjaga stamina tubuh.</p><p>Komposisi: Caffeine, Choline Bitartrate, Cyanocobalamine, Dexpanthenol, Glucuronolactone, Inositol, Lysine, Niacinamide, Pyridoxine HCl, Taurine</p><p>Golongan Obat: SUPLEMEN</p><p>Bentuk Sediaan: CAIRAN</p><p>NIE:SL031600111</p><p>Exp Date:08/2026</p>",Inofarma,,"","Kebutuhan Keluarga, mqty:0",true,Title,Default Title,,,,,,,,ID110878-1,150.0,shopify,deny,manual,8700.00,,true,true,,,,,,https://cdn.shopify.com/s/files/1/0957/0002/5634/files/ID110878-1_26082025_b6286ddf-19f8-4cb3-824d-6aa65a6b2e41.jpg?v=1760338167,1,Kratingdaeng Super,false,Kratingdaeng Super,KRATINGDAENG SUPER Asia Kesehatan Energi Beverages merupakan suplemen yang berkhasiat untuk menjaga stamina tubuh.,,,,,,,,,g,,,active
konicare-minyak-telon-plus-lavender,Konicare Minyak Telon Plus Lavender,"<p>Botol 125 Ml</p><p>Deskripsi: KONICARE MINYAK TELON PLUS LAVENDER Konimex adalah obat oles yang mengandung oleum lavandulae, oleum gerani, oleum cajuputi, oleum anisi, oleum cocos digunakan untuk membantu meredakan perut kembung serta membantu menghindarkan bayi dari gigitan nyamuk atau serangga selama 8 jam</p><p>Komposisi: Oleum lavandulae 30 mg, oleum geranii 30 mg, oleum cajuputi 420 mg, oleum anisi 100 mg, oleum cocos 420 mg</p><p>Golongan Obat: OBAT TRADISIONAL</p><p>Bentuk Sediaan: CAIRAN TOPIKAL</p><p>NIE:TR112624891</p><p>Exp Date:05/2028</p>",Inofarma,,"","Kesehatan, mqty:0",true,Title,Default Title,,,,,,,,ID110816-1,125.0,shopify,deny,manual,49200.00,,true,true,,,,,,https://cdn.shopify.com/s/files/1/0957/0002/5634/files/ID110816-1_26082025_7b84e78c-5ef5-41cb-ad46-6b7a98a274b1.jpg?v=1760338167,1,Konicare Minyak Telon Plus Lavender ,false,Konicare Minyak Telon Plus Lavender ,"KONICARE MINYAK TELON PLUS LAVENDER Konimex  obat oles yang mengandung oleum lavandulae, oleum gerani, oleum cajuputi, oleum anisi, oleum cocos digunakan untuk membantu meredakan perut kembung serta membantu menghindarkan bayi dari gigitan nyamuk atau serangga selama 8 jam",,,,,,,,,g,,,active
komix-herbal-rasa-lemon-sirup,Komix Herbal Rasa Lemon Sirup,"<p>Dus, 4 Tube @ 15 Ml</p><p>Deskripsi: KOMIX HERBAL RASA LEMON Bintang Toedjoe SIRUP adalah obat herbal yang mengandung Vitex negundo folium extract, Zingiberis officinale, Thymus vulgaris herba extract, Glycyrhiza glabra radix extract, Oleum menthae piperitae, mel depuratum yang diindikasikan untuk membantu meredakan batuk karena masuk angin, mengencerkan dahak, dan membantu mengeluarkan dahak sehingga melegakan pernafasan.</p><p>Komposisi: Vitex negundo folium extract (lagundi) 200mg, Zingiberis officinale Rosch Extract (jahe merah) 30mg, Thymus vulgaris herba extract (thymi herba) 100mg, Glycyrrhiza glabra radix extract (licorice) 167mg, Oleum menthae piperitae (pepermint oil) 11mg, Mel depuratum (madu) 3000mg</p><p>Golongan Obat: OBAT TRADISIONAL</p><p>Bentuk Sediaan: SIRUP</p><p>NIE:TR142679251</p><p>Exp Date:11/2026</p>",Inofarma,,"","mqty:0, Obat Tradisional",true,Title,Default Title,,,,,,,,ID110793-1,15.0,shopify,deny,manual,11700.00,,true,true,,,,,,https://cdn.shopify.com/s/files/1/0957/0002/5634/files/ID110793-1_26082025_624d7cdf-a585-4cca-9fea-28f983720a28.jpg?v=1760338164,1,Komix Herbal Rasa Lemon Sirup,false,Komix Herbal Rasa Lemon Sirup,"KOMIX HERBAL RASA LEMON Bintang Toedjoe SIRUP  obat herbal yang mengandung Vitex negundo folium extract, Zingiberis officinale, Thymus vulgaris herba extract, Glycyrhiza glabra radix extract, Oleum menthae piperitae, mel depuratum yang diindikasikan untuk membantu meredakan batuk karena masuk angin, mengencerkan dahak, dan membantu mengeluarkan dahak sehingga melegakan pernafasan.",,,,,,,,,g,,,active
interlac-serbuk,Interlac Serbuk,"<p>Dus, 30 Sachet @ 0.3 G</p><p>Deskripsi: INTERLAC Interbat SERBUK adalah suplemen yang mengandung Lactobacillus reuteri dan membantu untuk memelihara kesehatan pencernaan</p><p>Komposisi: Lactobacillus reuteri DSM 17938 100.000.000 CFU</p><p>Golongan Obat: SUPLEMEN</p><p>Bentuk Sediaan: SERBUK</p><p>NIE:SI154205601</p><p>Exp Date:01/2027</p>",Inofarma,,"","mqty:0, Vitamin & Suplemen",true,Title,Default Title,,,,,,,,ID109447-3,0.3,shopify,deny,manual,421800.00,,true,true,,,,,,https://cdn.shopify.com/s/files/1/0957/0002/5634/files/ID109447-3_26082025_ca0f15ec-6efb-4b9f-9f07-5b5bbea6300c.png?v=1760338164,1,Interlac Serbuk,false,Interlac Serbuk,INTERLAC Interbat SERBUK  suplemen yang mengandung Lactobacillus reuteri dan membantu untuk memelihara kesehatan pencernaan</p>,,,,,,,,,g,,,active
interlac-drops,Interlac Drops,"<p>Dus, Botol Kaca 5 Ml</p><p>Deskripsi: INTERLAC Interbat DROPS adalah suplemen yang mengandung Lactobacillus reuteri, minyak bunga matahari (sun flower oil), medium chain triglyceride oil, silicon dioxide yang diindikasikan untuk memelihara kesehatan saluran cerna, dan mempercepat proses pemulihan pasca diare</p><p>Komposisi: Bahan aktif: Lactobacillus reuteri DSM 17938 100.000.000 CFU. Bahan tambahan: Sunflower oil, medium chain triglyceride oil, silicone dioxide</p><p>Golongan Obat: SUPLEMEN</p><p>Bentuk Sediaan: DROPS</p><p>NIE:SI114602931</p><p>Exp Date:04/2027</p>",Inofarma,,"","mqty:0, Vitamin & Suplemen",true,Title,Default Title,,,,,,,,ID109447-2,5.0,shopify,deny,manual,369100.00,,true,true,,,,,,https://cdn.shopify.com/s/files/1/0957/0002/5634/files/ID109447-2_26082025_687a7967-d18f-408b-a7a2-688a76dc9666.png?v=1760338162,1,Interlac Drops,false,Interlac Drops,"INTERLAC Interbat DROPS  suplemen yang mengandung Lactobacillus reuteri, minyak bunga matahari (sun flower oil), medium chain triglyceride oil, silicon dioxide yang diindikasikan untuk memelihara kesehatan saluran cerna, dan mempercepat proses pemulihan pasca diare",,,,,,,,,g,,,active
immu-cea-sirup,Immu-Cea Sirup,"<p>Dus, Botol 60 Ml</p><p>Deskripsi: IMMU-CEA Interbat SIRUP adalah suplemen yang mengandung Echinacea dan zinc yang diindikasikan untuk terapi suportif untuk infeksi akut, kronik atau kekambuhan terutama pada saluran Nafas.</p><p>Komposisi: Per 5 ml : Echinacea fresh juice 50 % 1.66 ml, Zn picolinate 5 mg</p><p>Golongan Obat: SUPLEMEN</p><p>Bentuk Sediaan: SIRUP</p><p>NIE:SD161648791</p><p>Exp Date:12/2026</p>",Inofarma,,"","mqty:0, Vitamin & Suplemen",true,Title,Default Title,,,,,,,,ID109211-2,60.0,shopify,deny,manual,128500.00,,true,true,,,,,,https://cdn.shopify.com/s/files/1/0957/0002/5634/files/ID109211-2_26082025_e5704648-dc02-4967-98dc-4b27cf1a2350.png?v=1760338161,1,Immu-Cea Sirup,false,Immu-Cea Sirup,"IMMU-CEA Interbat SIRUP  suplemen yang mengandung Echinacea dan zinc yang diindikasikan untuk terapi suportif untuk infeksi akut, kronik atau kekambuhan terutama pada saluran Nafas.",,,,,,,,,g,,,active
imboost-kids-sirup,Imboost Kids Sirup,"<p>Dus, Botol Kaca @ 120 Ml</p><p>Deskripsi: IMBOOST KIDS Soho SIRUP adalah suplement yang mengandung Echinacea purpurea herb dry extract, Zn picolinate yang berkhasiat untuk memelihara daya tahan tubuh</p><p>Komposisi: Tiap 5 ml mengandung Echinacea Purpurea extract 250 mg, Zn Picolinate 5 mg</p><p>Golongan Obat: SUPLEMEN</p><p>Bentuk Sediaan: SIRUP</p><p>NIE:SD071632241</p><p>Exp Date:03/2027</p>",Inofarma,,"","mqty:0, Vitamin & Suplemen",true,Title,Default Title,,,,,,,,ID109200-1,120.0,shopify,deny,manual,63200.00,,true,true,,,,,,https://cdn.shopify.com/s/files/1/0957/0002/5634/files/ID109200-1_26082025_e017772b-0e72-46cc-a5f5-cf44ccd91b88.png?v=1760338161,1,Imboost Kids Sirup,false,Imboost Kids Sirup,"IMBOOST KIDS Soho SIRUP  suplement yang mengandung Echinacea purpurea herb dry extract, Zn picolinate yang berkhasiat untuk memelihara daya tahan tubuh",,,,,,,,,g,,,active
ika-sariawan,Ika Sariawan,"<p>Dus, Botol 120 Ml</p><p>Deskripsi: IKA SARIAWAN Ika adalah obat yang mengandung sari daun saga, sari daun sirih, sari akar kayu manis, oleum menthae piperitae yang diindikasikan untuk membantu meringankan sariawan, menyegarkan mulut</p><p>Komposisi: Abrus precatorius extr 75 mg, piper betle leaf extr 450 mg, liquiritiae radix extr 20 mg, oleum menthae piperitae 10 mg</p><p>Golongan Obat: OBAT TRADISIONAL</p><p>Bentuk Sediaan: SIRUP</p><p>NIE:TR022617551</p><p>Exp Date:01/2027</p>",Inofarma,,"","mqty:0, Perawatan Tubuh",true,Title,Default Title,,,,,,,,ID109169-1,120.0,shopify,deny,manual,19100.00,,true,true,,,,,,https://cdn.shopify.com/s/files/1/0957/0002/5634/files/ID109169-1_26082025_ba8c5c9b-83ab-4762-b572-8a7fa5565de7.png?v=1760338159,1,Ika Sariawan ,false,Ika Sariawan ,"IKA SARIAWAN Ika  obat yang mengandung sari daun saga, sari daun sirih, sari akar kayu manis, oleum menthae piperitae yang diindikasikan untuk membantu meringankan sariawan, menyegarkan mulut",,,,,,,,,g,,,active
gandapura-minyak-gosok,Gandapura Minyak Gosok,"<p>Botol 60 Ml</p><p>Deskripsi: GANDAPURA Ika MINYAK GOSOK adalah obat yang mengandung methyl salicylate yang diindikasikan untuk meredakan nyeri sendi, keseleo, encok, dan pegal-pegal.</p><p>Komposisi: Methyl Salicylate 100 %</p><p>Golongan Obat: KUASI</p><p>Bentuk Sediaan: CAIRAN TOPIKAL</p><p>NIE:QD152613491</p><p>Exp Date:12/2026</p>",Inofarma,,"","Kesehatan, mqty:0",true,Title,Default Title,,,,,,,,ID107173-3,60.0,shopify,deny,manual,18500.00,,true,true,,,,,,https://cdn.shopify.com/s/files/1/0957/0002/5634/files/ID107173-3_25082025_c39f66aa-af6e-465b-83de-6176bd72e647.jpg?v=1760338159,1,Gandapura Minyak Gosok,false,Gandapura Minyak Gosok,"GANDAPURA Ika MINYAK GOSOK  obat yang mengandung methyl salicylate yang diindikasikan untuk meredakan nyeri sendi, keseleo, encok, dan pegal-pegal.",,,,,,,,,g,,,active
galpain-krim,Galpain Krim,"<p>Dus, Tube @ 20 G</p><p>Deskripsi: GALPAIN Galenium KRIM adalah krim yang mengandung eugenol, menthol, methyl salicilate yang diindikasikan untuk membantu meredakan nyeri minor yang berhubungan dengan nyeri sendi, keseleo, memar</p><p>Komposisi: Metil salisilat 102 mg, mentol 54.4 mg, eugenol 13.6 mg</p><p>Golongan Obat: KUASI</p><p>Bentuk Sediaan: KRIM</p><p>NIE:QD181716371</p><p>Exp Date:02/2028</p>",Inofarma,,"","Kesehatan, mqty:0",true,Title,Default Title,,,,,,,,ID107117-1,20.0,shopify,deny,manual,27500.00,,true,true,,,,,,https://cdn.shopify.com/s/files/1/0957/0002/5634/files/ID107117-1_25082025_d426a3f0-04ae-4aed-81fe-5822a12ff584.jpg?v=1760338157,1,Galpain Krim,false,Galpain Krim,"GALPAIN Galenium KRIM  krim yang mengandung eugenol, menthol, methyl salicilate yang diindikasikan untuk membantu meredakan nyeri minor yang berhubungan dengan nyeri sendi, keseleo, memar",,,,,,,,,g,,,active
gabumin-kapsul,Gabumin Kapsul,"<p>Dus, Botol Plastik @ 30 Kapsul @ 500 Mg</p><p>Deskripsi: GABUMIN Herba Utama KAPSUL merupakan suplemen untuk meningkatkan daya tahan tubuh dan membantu proses penyembuhan luka</p><p>Komposisi: Channa striata ekstrak</p><p>Golongan Obat: OBAT TRADISIONAL</p><p>Bentuk Sediaan: KAPSUL</p><p>NIE:TR172301161</p><p>Exp Date:07/2028</p>",Inofarma,,"","mqty:0, Vitamin & Suplemen",true,Title,Default Title,,,,,,,,ID106995-1,0.5,shopify,deny,manual,75900.00,,true,true,,,,,,https://cdn.shopify.com/s/files/1/0957/0002/5634/files/ID106995-1_25082025_e5808e36-d918-4999-bf62-261715cd67f9.jpg?v=1760338157,1,Gabumin Kapsul,false,Gabumin Kapsul,GABUMIN Herba Utama KAPSUL merupakan suplemen untuk meningkatkan daya tahan tubuh dan membantu proses penyembuhan luka</p>,,,,,,,,,g,,,active
freshcare-sports,Freshcare Sports,"<p>Dus, Botol Kaca Roll On @10 Ml</p><p>Deskripsi: FRESHCARE SPORTS Ultrasakti adalah obat gosok yang mengandung menthol, camphor, methyl saicylate, essential oil ( cedarwood) yang di gunakan untuk membantu meredakan perut kembung, pusing, masuk angin dan mabuk perjalanan</p><p>Komposisi: Menthol 20%, camphor 4%, olive virgin oil 19%, essential oil 6%, dan lain-lain hingga 100%</p><p>Golongan Obat: KUASI</p><p>Bentuk Sediaan: CAIRAN TOPIKAL</p><p>NIE:QD123610821</p><p>Exp Date:08/2028</p>",Inofarma,,"","Kesehatan, mqty:0",true,Title,Default Title,,,,,,,,ID106852-1,10.0,shopify,deny,manual,11600.00,,true,true,,,,,,https://cdn.shopify.com/s/files/1/0957/0002/5634/files/ID106852-1_29082025_4374a0b5-41af-48c1-82d5-30be60b3017d.png?v=1760338156,1,Freshcare Sports ,false,Freshcare Sports ,"FRESHCARE SPORTS Ultrasakti  obat gosok yang mengandung menthol, camphor, methyl saicylate, essential oil ( cedarwood) yang di gunakan untuk membantu meredakan perut kembung, pusing, masuk angin dan mabuk perjalanan",,,,,,,,,g,,,active
freshcare-minyak-kayu-putih-roll-on,Freshcare Minyak Kayu Putih (Roll On),"<p>Dus, Botol Roll On @10 Ml</p><p>Deskripsi: FRESHCARE MINYAK KAYU PUTIH (ROLL ON) Ultrasakti adalah obat gosok yang mengandung cajuputi oil digunakan untuk meringankan gatalgatal karena gigitan serangga atau nyamuk, meringankan masuk angin dengan gejala perut kembung dan mual serta memberikan kehangatan</p><p>Komposisi: Menthol 20%, Camphor 4%, Olive Virgin Oil 19%, Essensial oil 6% hingga 100%</p><p>Golongan Obat: KUASI</p><p>Bentuk Sediaan: CAIRAN TOPIKAL</p><p>NIE:QD183616721</p><p>Exp Date:02/2028</p>",Inofarma,,"","Kesehatan, mqty:0",true,Title,Default Title,,,,,,,,ID106844-1,10.0,shopify,deny,manual,12300.00,,true,true,,,,,,https://cdn.shopify.com/s/files/1/0957/0002/5634/files/ID106844-1_29082025_f28be20f-3a0c-4f3b-ae36-b2ff27ef923c.png?v=1760338155,1,Freshcare Minyak Kayu Putih (Roll On) ,false,Freshcare Minyak Kayu Putih (Roll On) ,"FRESHCARE MINYAK KAYU PUTIH (ROLL ON) Ultrasakti  obat gosok yang mengandung cajuputi oil digunakan untuk meringankan gatalgatal karena gigitan serangga atau nyamuk, meringankan masuk angin dengan gejala perut kembung dan mual serta memberikan kehangatan",,,,,,,,,g,,,active
freshcare-lavender,Freshcare Lavender,"<p>Dus, Botol Kaca Roll On @ 10 Ml</p><p>Deskripsi: FRESHCARE LAVENDER Ultrasakti adalah obat gosok yang mengandung menthol, camphol, olive virgin oil, essensal oil(lavender) yang di gunakan untuk membantu meredakan perut kembung, pusing, masuk angin dan mabuk perjalanan</p><p>Komposisi: Menthol 20%, Camphor 4%, Olive Virgin Oil 19%, Essensial oil 6% hingga 100%</p><p>Golongan Obat: KUASI</p><p>Bentuk Sediaan: CAIRAN TOPIKAL</p><p>NIE:QD212608851</p><p>Exp Date:01/2028</p>",Inofarma,,"","Kesehatan, mqty:0",true,Title,Default Title,,,,,,,,ID106824-1,10.0,shopify,deny,manual,12200.00,,true,true,,,,,,https://cdn.shopify.com/s/files/1/0957/0002/5634/files/ID106824-1_29082025_df74cf02-b4aa-44de-9faf-8fa0db72824a.png?v=1760338155,1,Freshcare Lavender ,false,Freshcare Lavender ,"FRESHCARE LAVENDER Ultrasakti  obat gosok yang mengandung menthol, camphol, olive virgin oil, essensal oil(lavender) yang di gunakan untuk membantu meredakan perut kembung, pusing, masuk angin dan mabuk perjalanan",,,,,,,,,g,,,active
freshcare-splash-fruity,Freshcare Splash Fruity,"<p>Dus, Botol Kaca Roll On @10 Ml</p><p>Deskripsi: FRESHCARE SPLASH FRUITY Ultrasakti adalah obat gosok yang mengandung menthol, camphor, olive oil, essential oil (grapefruit) yang di gunakan untuk membantu meredakan perut kembung, pusing, masuk angin dan mabuk perjalanan</p><p>Komposisi: Menthol 20%, Camphor 4%, Olive Virgin Oil 19%, Essensial oil 6% hingga 100%</p><p>Golongan Obat: KUASI</p><p>Bentuk Sediaan: CAIRAN TOPIKAL</p><p>NIE:QD212608841</p><p>Exp Date:07/2028</p>",Inofarma,,"","Kesehatan, mqty:0",true,Title,Default Title,,,,,,,,ID106816-2,10.0,shopify,deny,manual,12700.00,,true,true,,,,,,https://cdn.shopify.com/s/files/1/0957/0002/5634/files/ID106816-2_29082025_348896bb-a2e5-49c8-93bc-31ee18cac5d0.png?v=1760338155,1,Freshcare Splash Fruity ,false,Freshcare Splash Fruity ,"FRESHCARE SPLASH FRUITY Ultrasakti  obat gosok yang mengandung menthol, camphor, olive oil, essential oil (grapefruit) yang di gunakan untuk membantu meredakan perut kembung, pusing, masuk angin dan mabuk perjalanan",,,,,,,,,g,,,active
flexamine-krim,Flexamine Krim,"<p>Dus, Tube 30 G</p><p>Deskripsi: FLEXAMINE Novell KRIM merupakan kuasi yang berkhasiat untuk meredakan nyeri sendi dan otot.</p><p>Komposisi: Glucosamine sulfate 20 mg, chondroitin sulfate 10 mg, capsicum extr 3,5 mg, camphor 20 mg, methyl salycilate 100 mg</p><p>Golongan Obat: KUASI</p><p>Bentuk Sediaan: KRIM</p><p>NIE:QD101709391</p><p>Exp Date:04/2027</p>",Inofarma,,"","Kesehatan, mqty:0",true,Title,Default Title,,,,,,,,ID106497-2,30.0,shopify,deny,manual,97400.00,,true,true,,,,,,https://cdn.shopify.com/s/files/1/0957/0002/5634/files/ID106497-2_26082025_c3ccaa2b-9a44-48dc-ad43-c10d72e6eee0.png?v=1760338154,1,Flexamine Krim,false,Flexamine Krim,FLEXAMINE Novell KRIM merupakan kuasi yang berkhasiat untuk meredakan nyeri sendi dan otot.,,,,,,,,,g,,,active
fitajoint-roller,Fitajoint Roller,"<p>Dus, Botol Plastik Roller 35 G</p><p>Deskripsi: FITAJOINT ROLLER Pharma Health adalah obat yang mengandung Glukosamin, VItamin E yang diindikasikan untuk membantu memelihara fungsi sendi</p><p>Komposisi: n-acetyl glucosamin 1 mg, mint concebtrate 332 mg, lavender oil 2 mg, nano vitamin e 1 mg</p><p>Golongan Obat: KUASI</p><p>Bentuk Sediaan: CAIRAN</p><p>NIE:QD091708471</p><p>Exp Date:08/2027</p>",Inofarma,,"","Kesehatan, mqty:0",true,Title,Default Title,,,,,,,,ID106403-1,35.0,shopify,deny,manual,92500.00,,true,true,,,,,,https://cdn.shopify.com/s/files/1/0957/0002/5634/files/ID106403-1_26082025_b9e0b68b-6c6f-4d5d-a440-8b0077e99073.png?v=1760338154,1,Fitajoint Roller ,false,Fitajoint Roller ,"FITAJOINT ROLLER Pharma Kesehatan  obat yang mengandung Glukosamin, VItamin E yang diindikasikan untuk membantu memelihara fungsi sendi",,,,,,,,,g,,,active
ferriz-rasa-strawberry-sirup,Ferriz Rasa Strawberry Sirup,"<p>Dus, Botol Kaca @100 Ml</p><p>Deskripsi: FERRIZ RASA STRAWBERRY Nicholas SIRUP adalah suplemen yang mengandung Fe yang diindikasikan untuk membantu memenuhi kebutuhan zat besi.</p><p>Komposisi: Per 5 mL : Sodium Fe EDTA 115.4 mg setara dengan Fe elemen 15 mg</p><p>Golongan Obat: SUPLEMEN</p><p>Bentuk Sediaan: SIRUP</p><p>NIE:SD071630321</p><p>Exp Date:07/2028</p>",Inofarma,,"","mqty:0, Vitamin & Suplemen",true,Title,Default Title,,,,,,,,ID106331-1,100.0,shopify,deny,manual,45100.00,,true,true,,,,,,https://cdn.shopify.com/s/files/1/0957/0002/5634/files/ID106331-1_26082025_7560faef-cfbf-4622-83a8-3892a762a037.png?v=1760338153,1,Ferriz Rasa Strawberry Sirup,false,Ferriz Rasa Strawberry Sirup,FERRIZ RASA STRAWBERRY Nicholas SIRUP  suplemen yang mengandung Fe yang diindikasikan untuk membantu memenuhi kebutuhan zat besi.,,,,,,,,,g,,,active
ferriz-rasa-strawberry-drops,Ferriz Rasa Strawberry Drops,"<p>Dus, Botol Kaca 15 Ml</p><p>Deskripsi: FERRIZ RASA STRAWBERRY Nicholas DROPS adalah suplemen yang mengandung Fe yang diindikasikan untuk membantu memenuhi kebutuhan zat besi.</p><p>Komposisi: Per mL : Sodium Fe EDTA 115.4 mg setara dengan Fe elemen 15 mg</p><p>Golongan Obat: SUPLEMEN</p><p>Bentuk Sediaan: DROPS</p><p>NIE:SD071630351</p><p>Exp Date:12/2026</p>",Inofarma,,"","mqty:0, Vitamin & Suplemen",true,Title,Default Title,,,,,,,,ID106329-1,15.0,shopify,deny,manual,44900.00,,true,true,,,,,,https://cdn.shopify.com/s/files/1/0957/0002/5634/files/ID106329-1_26082025_f047eb2c-60ba-4867-868b-ac3174fcd943.png?v=1760338152,1,Ferriz Rasa Strawberry Drops,false,Ferriz Rasa Strawberry Drops,FERRIZ RASA STRAWBERRY Nicholas DROPS  suplemen yang mengandung Fe yang diindikasikan untuk membantu memenuhi kebutuhan zat besi.,,,,,,,,,g,,,active
eyevit-sirup,Eyevit Sirup,"<p>Dus, Botol Kaca @ 60 Ml</p><p>Deskripsi: EYEVIT Lapi SIRUP adalah obay herbal yang mengandung bilberry dry ekstract, retinol, beta karoten, vitamin E, lutein, zeaxanthin, selenium, zinc yang berkhasiat untuk memberikan nutrisi pada mata dan menjaga kesehatan mata</p><p>Komposisi: Tiap sendok teh (5 ml) mengandung : Ekstrak kering Billberry 40 mg; Retinol 800 IU; beta-Karoten 2,5 mg; vitamin E 20 mg; Selenium 7,5 mcg; Zn picolinat 2,5 mg</p><p>Golongan Obat: SUPLEMEN</p><p>Bentuk Sediaan: SIRUP</p><p>NIE:SD212667051</p><p>Exp Date:11/2026</p>",Inofarma,,"","mqty:0, Vitamin & Suplemen",true,Title,Default Title,,,,,,,,ID106126-1,60.0,shopify,deny,manual,67900.00,,true,true,,,,,,https://cdn.shopify.com/s/files/1/0957/0002/5634/files/ID106126-1_29082025_bbce9997-5654-4540-943d-7f258d1a0733.jpg?v=1760338152,1,Eyevit Sirup,false,Eyevit Sirup,"EYEVIT Lapi SIRUP  obay herbal yang mengandung bilberry dry ekstract, retinol, beta karoten, vitamin E, lutein, zeaxanthin, selenium, zinc yang berkhasiat untuk memberikan nutrisi pada mata dan menjaga kesehatan mata",,,,,,,,,g,,,active
esemag,Esemag,"<p>Dus, 5 Sachet @ 10 Ml</p><p>Deskripsi: ESEMAG Sido Muncul adalah obat herbal yang mengandung curcuminoid yang berkhasiat untuk membantu meringankan gangguan lambung</p><p>Komposisi: Curcuma domestica rhizoma extract 500mg, licorice extract 20mg, phyllanthus niruri herba extract 5mg, gula, fruktosa, madu dan bahan lain hingga 10ml</p><p>Golongan Obat: OBAT TRADISIONAL</p><p>Bentuk Sediaan: CAIRAN ORAL</p><p>NIE:TR142678931</p><p>Exp Date:02/2027</p>",Inofarma,,"","Kesehatan, mqty:0",true,Title,Default Title,,,,,,,,ID105878-1,10.0,shopify,deny,manual,8800.00,,true,true,,,,,,https://cdn.shopify.com/s/files/1/0957/0002/5634/files/ID105878-1_29082025_262faeef-3140-4d98-bf71-84391f940e70.jpg?v=1760338151,1,Esemag ,false,Esemag ,ESEMAG Sido Muncul  obat herbal yang mengandung curcuminoid yang berkhasiat untuk membantu meringankan gangguan lambung,,,,,,,,,g,,,active
entrostop-herbal-anak,Entrostop Herbal Anak,"<p>Dus, 6 Sachet @ 10 Ml</p><p>Deskripsi: ENTROSTOP HERBAL ANAK Kalbe adalah obat herbal yang mengandung ekstrak daun jambu biji, ekstra daun teh, ekstrak jahe yang diindikasikan untuk menghentikan diare dan mencegah sekresi air penyebab dehidrasi. Ekstra kunyit mengatasi perut kembung, mual dan mulas</p><p>Komposisi: Psidii folium leaf extr 100 mg, Curcuma domestica rhizoma extr 80 mg, Camellia sinensis leaves extr 45 mg. Zingiber rhizoma extr 50 mg</p><p>Golongan Obat: OBAT TRADISIONAL</p><p>Bentuk Sediaan: CAIRAN ORAL</p><p>NIE:TR142679501</p><p>Exp Date:01/2027</p>",Inofarma,,"","Kesehatan, mqty:0",true,Title,Default Title,,,,,,,,ID105692-1,10.0,shopify,deny,manual,16400.00,,true,true,,,,,,https://cdn.shopify.com/s/files/1/0957/0002/5634/files/ID105692-1_29082025_dc691f72-d1af-4fab-8615-db14a3e59386.jpg?v=1760338151,1,Entrostop Herbal Anak ,false,Entrostop Herbal Anak ,"ENTROSTOP HERBAL ANAK Kalbe  obat herbal yang mengandung ekstrak daun jambu biji, ekstra daun teh, ekstrak jahe yang diindikasikan untuk menghentikan diare dan mencegah sekresi air penyebab dehidrasi. Ekstra kunyit mengatasi perut kembung, mual dan mulas",,,,,,,,,g,,,active
enkasari-herbal-cairan-kumur,Enkasari Herbal Cairan Kumur,"<p>Dus, Botol @ 120 Ml</p><p>Deskripsi: ENKASARI HERBAL Kimia Farma CAIRAN KUMUR adalah obat herbal yang mengandung sari daun saga, sari daun sirih, sari akar kayu manis yang berkhasiat untuk membantu mengurangi sariawan, membantu menyegarkan mulut dan mengurangi bau mulut</p><p>Komposisi: Tiap 15 ml cairan mengandung: ekstrak daun saga (abrus precatorius folium) 0.49 ml, ekstrak daun sirih (piper betle folia) 1.48 ml, ekstrak akar kayu manis (liquiritiae radix) 0.98 ml, Bahan lainnya : mentholum cristal, methylis parabenum, sucrose, essence caramel, pewarna carmoisine, edicol s. ponceau urs, oleum menthae, aethanolum (0,4%), ad 15 air</p><p>Golongan Obat: OBAT TRADISIONAL</p><p>Bentuk Sediaan: CAIRAN KUMUR</p><p>NIE:TR202635551</p><p>Exp Date:04/2027</p>",Inofarma,,"","mqty:0, Perawatan Tubuh",true,Title,Default Title,,,,,,,,ID105686-1,120.0,shopify,deny,manual,21100.00,,true,true,,,,,,https://cdn.shopify.com/s/files/1/0957/0002/5634/files/ID105686-1_29082025_c60bc6f8-1535-4422-ae12-db70ec61774a.jpg?v=1760338150,1,Enkasari Herbal Cairan Kumur,false,Enkasari Herbal Cairan Kumur,"ENKASARI HERBAL Kimia Farma CAIRAN KUMUR  obat herbal yang mengandung sari daun saga, sari daun sirih, sari akar kayu manis yang berkhasiat untuk membantu mengurangi sariawan, membantu menyegarkan mulut dan mengurangi bau mulut",,,,,,,,,g,,,active
enercore-serbuk,Enercore Serbuk,"<p>Dus, 5 Sachet @ 8 G</p><p>Deskripsi: ENERCORE Soho SERBUK adalah suplemen yang mengandung D-Ribose, L-Carnitine Fumarate, Coenzym Q-10, Magnesium yang berkhasiat untuk memulihkan energi bagi pasien yang menderita penyakit apapun, baik itu rawat inap maupun rawat jalan, sehingga mempercepat proses penyembuhan, meningkatkan daya tahan dan kekuatan otot, mengoptimalkan fungsi jantung, yakni meningkatkan cardiac index hingga 36%, Onset cepat 30-45 menit, aman, bahkan untuk penderita diabetes</p><p>Komposisi: D-ribose 5000 mg, L-carnitine fumarate 500 mg, coenzyme Q10 50 mg, mg glycerophosphate 50 mg</p><p>Golongan Obat: SUPLEMEN</p><p>Bentuk Sediaan: SERBUK</p><p>NIE:SD071232791</p><p>Exp Date:04/2027</p>",Inofarma,,"","mqty:0, Vitamin & Suplemen",true,Title,Default Title,,,,,,,,ID105649-1,10.0,shopify,deny,manual,125100.00,,true,true,,,,,,https://cdn.shopify.com/s/files/1/0957/0002/5634/files/ID105649-1_29082025_541f13a4-90ab-4601-89be-defa2a732ae6.jpg?v=1760338150,1,Enercore Serbuk,false,Enercore Serbuk,"ENERCORE Soho SERBUK  suplemen yang mengandung D-Ribose, L-Carnitine Fumarate, Coenzym Q-10, Magnesium yang berkhasiat untuk memulihkan energi bagi pasien yang menderita penyakit apapun, baik itu rawat inap maupun rawat jalan, sehingga mempercepat proses penyembuhan, meningkatkan daya tahan dan kekuatan otot, mengoptimalkan fungsi jantung, yakni meningkatkan cardiac index hingga 36%, Onset cepat 30-45 menit, aman, bahkan untuk penderita diabetes",,,,,,,,,g,,,active
ejiao-buxue-koufuye,Ejiao Buxue Koufuye,"<p>Dus, 12 Botol @ 20 Ml</p><p>Deskripsi: EJIAO BUXUE KOUFUYE Tristar Optima merupakan obat herbal yang berkhasiat untuk meningkatkan daya tubuh, membantu penyembuhan dari demam berdarah dan mengatasi anemia</p><p>Komposisi: Astragali Radix, Atractylodis Macrocephalae Rhizoma, Colla Corii Asini, Essence Chocolate, Fructus Lycii Extract, Radix Codonopsis, Radix Rehmanaiae Praeparata, Saccharin Sodium, Sodium Benzoate</p><p>Golongan Obat: OBAT TRADISIONAL</p><p>Bentuk Sediaan: CAIR</p><p>NIE:TI194658081</p><p>Exp Date:-</p>",Inofarma,,"","mqty:0, Obat Tradisional",true,Title,Default Title,,,,,,,,ID105473-1,20.0,shopify,deny,manual,246700.00,,true,true,,,,,,https://cdn.shopify.com/s/files/1/0957/0002/5634/files/ID105473-1_22082025_335ddd05-70fd-47c0-b7d7-38c1cf0d521e.jpg?v=1760338149,1,Ejiao Buxue Koufuye ,false,Ejiao Buxue Koufuye ,"EJIAO BUXUE KOUFUYE Tristar Optima merupakan obat herbal yang berkhasiat untuk meningkatkan daya tubuh, membantu penyembuhan dari demam berdarah dan mengatasi anemia",,,,,,,,,g,,,active
egoji-rasa-apple-berry-sirup,Egoji Rasa Apple-Berry Sirup,"<p>Dus, Botol 100 Ml</p><p>Deskripsi: EGOJI RASA APPLE-BERRY Novell SIRUP merupakan obat tradisional yang berfungsi untuk meningkatkan daya tahan tubuh dan membantu proses pemulihan saat sakit.</p><p>Komposisi: Tiap 5 Ml Mengandung : Lycium Barbarum Extract (Ekstrak Buah Goji) 500 Mg, Echinaceae Purpurea Extract (Ekstrak Echinaceae) 250 Mg, Phyllanthus Niruri Extract (Ekstrak Meniran) 50 Mg, Sambucus Nigra Extract (Ekstrak Black Elderberry) 50 Mg</p><p>Golongan Obat: OBAT TRADISIONAL</p><p>Bentuk Sediaan: SIRUP</p><p>NIE:TR172602501</p><p>Exp Date:11/2026</p>",Inofarma,,"","mqty:0, Vitamin & Suplemen",true,Title,Default Title,,,,,,,,ID105471-3,100.0,shopify,deny,manual,65800.00,,true,true,,,,,,https://cdn.shopify.com/s/files/1/0957/0002/5634/files/ID105471-3_22082025_13a94ec1-bb69-4cec-b7c9-4c88f26eba4c.jpg?v=1760338149,1,Egoji Rasa Apple-Berry Sirup,false,Egoji Rasa Apple-Berry Sirup,EGOJI RASA APPLE-BERRY Novell SIRUP merupakan obat tradisional yang berfungsi untuk meningkatkan daya tahan tubuh dan membantu proses pemulihan saat sakit.,,,,,,,,,g,,,active
durol-tonik-cairan-oral,Durol Tonik Cairan Oral,"<p>Dus, Botol Plastik @ 225 Ml</p><p>Deskripsi: DUROL TONIK Actavis adalah suplemen yang mengandung vitamin B1, vitamin B2, vitamin B6, vitamin B12, vitamin B3, natrium gliserofosft, kalium gliserofosfat, mangan sulfat, zat besi (ferrazon). yang diindikasikan untuk anemia</p><p>Komposisi: Vit B1 - 2,5 mg, Vit B2 - 1,5 mg, Vit B6 - 1 mg, Vit B12 - 10 mcg, Vit B3 - 12,5 mg, Na gliserofosfat - 150 mg, K gliserofosfat - 5 mg, Mangan sulfate - 2 mg, Ferrazone (sodium feredetate) - 76,92 mg, Etanol - 0,735 ml</p><p>Golongan Obat: SUPLEMEN</p><p>Bentuk Sediaan: CAIRAN ORAL</p><p>NIE:SD091637511</p><p>Exp Date:06/2027</p>",Inofarma,,"","mqty:0, Vitamin & Suplemen",true,Title,Default Title,,,,,,,,ID105385-1,225.0,shopify,deny,manual,33700.00,,true,true,,,,,,https://cdn.shopify.com/s/files/1/0957/0002/5634/files/ID105385-1_22082025_0ff3b9d7-1c9a-49a1-b8af-107d82663f32.jpg?v=1760338148,1,Durol Tonik Cairan Oral,false,Durol Tonik Cairan Oral,"DUROL TONIK Actavis  suplemen yang mengandung vitamin B1, vitamin B2, vitamin B6, vitamin B12, vitamin B3, natrium gliserofosft, kalium gliserofosfat, mangan sulfat, zat besi (ferrazon). yang diindikasikan untuk anemia",,,,,,,,,g,,,active
cavicur-emulsion-rasa-jeruk,Cavicur Emulsion (Rasa Jeruk),"<p>Dus, Botol Kaca @ 60 Ml</p><p>Deskripsi: CAVICUR EMULSION (RASA JERUK) Erela merupakan suplemen yang mengandung ekstrak temulawak yang berkhasiat untuk membantu memenuhi kebutuhan vitamin pada masa pertumbuhan dan memperbaiki nafsu makan.</p><p>Komposisi: Calcium Glycerophosphate, Calcium Pantothenate, Cod Liver Oil, Ekstrak Curcuma Xanthorrhizae, Vitamin A palmitat, Vitamin B1 Hcl, Vitamin B12, Vitamin B2, Vitamin B6 Hcl, Vitamin D3</p><p>Golongan Obat: SUPLEMEN</p><p>Bentuk Sediaan: SIRUP</p><p>NIE:SD081635251</p><p>Exp Date:05/2027</p>",Inofarma,,"","mqty:0, Vitamin & Suplemen",true,Title,Default Title,,,,,,,,ID103150-1,60.0,shopify,deny,manual,12600.00,,true,true,,,,,,https://cdn.shopify.com/s/files/1/0957/0002/5634/files/ID103150-1_20082025_723c9f3c-d3dc-4423-ab63-19cb2d9e9780.jpg?v=1760338148,1,Cavicur Emulsion (Rasa Jeruk) ,false,Cavicur Emulsion (Rasa Jeruk) ,CAVICUR EMULSION (RASA JERUK) Erela merupakan suplemen yang mengandung ekstrak temulawak yang berkhasiat untuk membantu memenuhi kebutuhan vitamin pada masa pertumbuhan dan memperbaiki nafsu makan.,,,,,,,,,g,,,active
brd-kejibeling-kapsul,Brd Kejibeling Kapsul,"<p>Dus, 10 Strip @ 10 Kapsul @ 550 Mg</p><p>Deskripsi: BRD KEJIBELING Jamu Borobudur KAPSUL sericocalyx crispus folium extract, orthosiphon stamineus folium extract, sonchus arvensis folium extract membantu meluruhkan batu urin di ginjal dan saluran kermih serta membantu melancarkan buang air kecil</p><p>Komposisi: Sericocalysis Folium 1000 mg, Sonchi Folium 125 mg, orthosiphonis folium 125 mg</p><p>Golongan Obat: OBAT TRADISIONAL</p><p>Bentuk Sediaan: KAPSUL</p><p>NIE:TR082381741</p><p>Exp Date:02/2029</p>",Inofarma,,"","mqty:0, Obat Tradisional",true,Title,Default Title,,,,,,,,ID102623-1,0.55,shopify,deny,manual,114700.00,,true,true,,,,,,https://cdn.shopify.com/s/files/1/0957/0002/5634/files/ID102623-1_19082025_936c5718-b56d-4bea-93de-bc4b37477fef.jpg?v=1760338147,1,Brd Kejibeling Kapsul,false,Brd Kejibeling Kapsul,"BRD KEJIBELING Jamu Borobudur KAPSUL sericocalyx crispus folium extract, orthosiphon stamineus folium extract, sonchus arvensis folium extract membantu meluruhkan batu urin di ginjal dan saluran kermih serta membantu melancarkan buang air kecil",,,,,,,,,g,,,active
brainact-1000-serbuk,Brainact 1000 Serbuk,"<p>Dus, 5 Sachet @ 2 G</p><p>Deskripsi: BRAINACT 1000 Dankos SERBUK adalah obat yang mengandung citicoline sodium yang diindikasikan untuk mengatasi kondisi kehilangan kesadaran karena trauma otak dan operasi otak, percepatan rehabilitasi ekstremitas pada pasien hemiplegia apoplektik</p><p>Komposisi: Tiap sachet mengandung Citicoline 1000 mg</p><p>Golongan Obat: SUPLEMEN</p><p>Bentuk Sediaan: SERBUK</p><p>NIE:SD051424561</p><p>Exp Date:12/1899</p>",Inofarma,,"","mqty:0, Vitamin & Suplemen",true,Title,Default Title,,,,,,,,ID102596-2,2.0,shopify,deny,manual,224500.00,,true,true,,,,,,https://cdn.shopify.com/s/files/1/0957/0002/5634/files/ID102596-2_19082025_8b682969-7020-433f-ae28-ba5d755e659b.jpg?v=1760338146,1,Brainact 1000 Serbuk,false,Brainact 1000 Serbuk,"BRAINACT 1000 Dankos SERBUK  obat yang mengandung citicoline sodium yang diindikasikan untuk mengatasi kondisi kehilangan kesadaran karena trauma otak dan operasi otak, percepatan rehabilitasi ekstremitas pada pasien hemiplegia apoplektik",,,,,,,,,g,,,active
biolysin-smart-cairan-oral,Biolysin Smart Cairan Oral,"<p>Dus, Botol Kaca @ 100 Ml</p><p>Deskripsi: BIOLYSIN SMART Bernofarm CAIRAN ORAL adalah suplemen makanan yang mengandung AA, DHA, Choline, lysine, vitamin A, vitamin D3, vitamin B1, vitamin B2, vitamin B6, vitamin B12 yang berkhasiat untuk membantu memenuhi kebutuhan nutrisi, membantu memelihara kesehatan tubuh anak, membantu memulikan kondisi anak stelah sakit</p><p>Komposisi: Per 5 ml : L-Lysine HCl 200 mg, Vitamin A 1000 IU, vitamin B1 1,5 mg, vitamin B2 1,5 mg, vitamin B6 1,5 mg, vitamin B12 2 mcg, vitamin D3 200 IU</p><p>Golongan Obat: SUPLEMEN</p><p>Bentuk Sediaan: CAIRAN ORAL</p><p>NIE:SD031608431</p><p>Exp Date:06/2027</p>",Inofarma,,"","mqty:0, Vitamin & Suplemen",true,Title,Default Title,,,,,,,,ID102291-2,100.0,shopify,deny,manual,20900.00,,true,true,,,,,,https://cdn.shopify.com/s/files/1/0957/0002/5634/files/ID102291-2_19082025_430a3b89-3dc3-467f-9870-1b08299f6e66.jpg?v=1760338146,1,Biolysin Smart Cairan Oral,false,Biolysin Smart Cairan Oral,"BIOLYSIN SMART Bernofarm CAIRAN ORAL  suplemen makanan yang mengandung AA, DHA, Choline, lysine, vitamin A, vitamin D3, vitamin B1, vitamin B2, vitamin B6, vitamin B12 yang berkhasiat untuk membantu memenuhi kebutuhan nutrisi, membantu memelihara kesehatan tubuh anak, membantu memulikan kondisi anak stelah sakit",,,,,,,,,g,,,active
biolysin-smart-rasa-jeruk-cairan-oral,Biolysin Smart Rasa Jeruk Cairan Oral,"<p>Dus, Botol Kaca @ 60 Ml</p><p>Deskripsi: BIOLYSIN SMART RASA JERUK Bernofarm CAIRAN ORAL adalah suplemen makanan yang mengandung AA, DHA, Choline, lysine, vitamin A, vitamin D3, vitamin B1, vitamin B2, vitamin B6, vitamin B12 yang berkhasiat untuk membantu memenuhi kebutuhan nutrisi, membantu memelihara kesehatan tubuh anak, membantu memulikan kondisi anak stelah sakit</p><p>Komposisi: Per 5 ml : L-Lysine HCl 200 mg, Vitamin A 1000 IU, vitamin B1 1,5 mg, vitamin B2 1,5 mg, vitamin B6 1,5 mg, vitamin B12 2 mcg, vitamin D3 200 IU</p><p>Golongan Obat: SUPLEMEN</p><p>Bentuk Sediaan: CAIRAN ORAL</p><p>NIE:SD031608431</p><p>Exp Date:07/2027</p>",Inofarma,,"","mqty:0, Vitamin & Suplemen",true,Title,Default Title,,,,,,,,ID102291-1,60.0,shopify,deny,manual,15900.00,,true,true,,,,,,https://cdn.shopify.com/s/files/1/0957/0002/5634/files/ID102291-1_19082025_a83e5c8f-85ae-4b0e-b200-1ac26252623b.jpg?v=1760338146,1,Biolysin Smart Rasa Jeruk Cairan Oral,false,Biolysin Smart Rasa Jeruk Cairan Oral,"BIOLYSIN SMART RASA JERUK Bernofarm CAIRAN ORAL  suplemen makanan yang mengandung AA, DHA, Choline, lysine, vitamin A, vitamin D3, vitamin B1, vitamin B2, vitamin B6, vitamin B12 yang berkhasiat untuk membantu memenuhi kebutuhan nutrisi, membantu memelihara kesehatan tubuh anak, membantu memulikan kondisi anak stelah sakit",,,,,,,,,g,,,active
biolysin-emulsion,Biolysin Emulsion,"<p>Dus, Botol Plastik @ 250 Ml</p><p>Deskripsi: BIOLYSIN EMULSION Bernofarm adalah suplemen makanan yang mengandung lysine HCl, vitamin A vitamin B1, vitamin B2, vitamin B3, vitamin B5, vitamin B6, vitamin B12, vitamin D3, ekstrak temulawak, madu yang berkhasiat untuk membantu memenuhi kebutuhan vitamin harian serta mengandung ekstrak temulawak untuk memperbaiki nafsu makan</p><p>Komposisi: Vitamin A (1000 IU), Vitamin B1 (0,6 mg), Vitamin B2 (0,6 mg), Vitamin B6 (0,6 mg), Vitamin D3 (300 IU), Choline (75 mg), DHA (7 mg), AA (21 mg), Cod liver oil (3 mg), Mg gluconate (50 mg)</p><p>Golongan Obat: SUPLEMEN</p><p>Bentuk Sediaan: EMULSI</p><p>NIE:SD101639431</p><p>Exp Date:04/2027</p>",Inofarma,,"","mqty:0, Vitamin & Suplemen",true,Title,Default Title,,,,,,,,ID102284-3,250.0,shopify,deny,manual,29600.00,,true,true,,,,,,https://cdn.shopify.com/s/files/1/0957/0002/5634/files/ID102284-3_19082025_5e85021a-e0ab-43f0-bfd8-0b73b1bd2c28.jpg?v=1760338145,1,Biolysin Emulsion ,false,Biolysin Emulsion ,"BIOLYSIN EMULSION Bernofarm  suplemen makanan yang mengandung lysine HCl, vitamin A vitamin B1, vitamin B2, vitamin B3, vitamin B5, vitamin B6, vitamin B12, vitamin D3, ekstrak temulawak, madu yang berkhasiat untuk membantu memenuhi kebutuhan vitamin harian serta mengandung ekstrak temulawak untuk memperbaiki nafsu makan",,,,,,,,,g,,,active
betadine-salep,Betadine Salep,"<p>Dus, Tube 20 G</p><p>Deskripsi: BETADINE Mbf SALEP adalah salep antiseptik yang mengandung povidoneiodine yang berkhasiat untuk mencegh dan mengobati infeksi pada luka dan luka bakar</p><p>Komposisi: Povidone iodine 10%</p><p>Golongan Obat: PKRT</p><p>Bentuk Sediaan: SALEP</p><p>NIE:PKD 20501320862</p><p>Exp Date:08/2027</p>",Inofarma,,"","Alat Kesehatan, mqty:0",true,Title,Default Title,,,,,,,,ID102067-7,20.0,shopify,deny,manual,39300.00,,true,true,,,,,,https://cdn.shopify.com/s/files/1/0957/0002/5634/files/ID102067-7_19082025_d8c6830d-3689-42cb-9743-16ac8c7e554e.jpg?v=1760338142,1,Betadine Salep,false,Betadine Salep,BETADINE Mbf SALEP  salep antiseptik yang mengandung povidoneiodine yang berkhasiat untuk mencegh dan mengobati infeksi pada luka dan luka bakar,,,,,,,,,g,,,active
betadine-mbf-salep,Betadine Mbf Salep,"<p>Dus, Tube 5 G</p><p>Deskripsi: BETADINE Mbf SALEP adalah salep antiseptik yang mengandung povidoneiodine yang berkhasiat untuk mencegh dan mengobati infeksi pada luka dan luka bakar</p><p>Komposisi: Povidone Iodine 10%</p><p>Golongan Obat: PKRT</p><p>Bentuk Sediaan: SALEP</p><p>NIE:PKD 20501710037</p><p>Exp Date:-</p>",Inofarma,,"","Kesehatan, mqty:0",true,Title,Default Title,,,,,,,,ID102067-3,5.0,shopify,deny,manual,15800.00,,true,true,,,,,,https://cdn.shopify.com/s/files/1/0957/0002/5634/files/ID102067-3_19082025_0e458921-6bc1-489c-a9cf-d09a84414693.jpg?v=1760338141,1,Betadine Mbf Salep,false,Betadine Mbf Salep,BETADINE Mbf SALEP  salep antiseptik yang mengandung povidoneiodine yang berkhasiat untuk mencegh dan mengobati infeksi pada luka dan luka bakar,,,,,,,,,g,,,active
balsem-tolak-angin,Balsem Tolak Angin,"<p>Dus, 6 Pot Kaca @ 20 Gram</p><p>Deskripsi: BALSEM TOLAK ANGIN Sido Muncul merupakan obat herbal oles yang dapat membantu meredakan nyeri dan sakit.</p><p>Komposisi: Vaselinum Flavum, Mentholatum, Camphorae, Wax, Oleum Cajuputi, Parrafinium Liq, Oleum Menthae, Menthylis Salicylas, Oleum Cinnamoni, Oleum Caryophyli</p><p>Golongan Obat: KUASI</p><p>Bentuk Sediaan: BALSAM</p><p>NIE:QD202717741</p><p>Exp Date:07/2026</p>",Inofarma,,"","Kesehatan, mqty:0",true,Title,Default Title,,,,,,,,ID101727-2,20.0,shopify,deny,manual,100400.00,,true,true,,,,,,https://cdn.shopify.com/s/files/1/0957/0002/5634/files/ID101727-2_20082025_3de2fd53-051b-4d36-bdc4-145478d9c21a.png?v=1760338138,1,Balsem Tolak Angin ,false,Balsem Tolak Angin ,BALSEM TOLAK ANGIN Sido Muncul merupakan obat herbal oles yang dapat membantu meredakan nyeri dan sakit.,,,,,,,,,g,,,active
balsem-putih-lion-head,Balsem Putih Lion Head,"<p>Pot Kaca @ 31 G</p><p>Deskripsi: BALSEM PUTIH LION HEAD Selpasindo Pharco adalah obat gosok yang mengandung menthol, camphora, oil yang berkhasiat untuk membantu meringankan sakit kepala, sakit pinggang, pegal linu, gatal-gatal digigit serangga</p><p>Komposisi: Menthol 45 mg, champora 17 mg, oil 170 ml, basis ad 100%</p><p>Golongan Obat: KUASI</p><p>Bentuk Sediaan: BALSAM</p><p>NIE:QD073707561</p><p>Exp Date:03/2029</p>",Inofarma,,"","Kesehatan, mqty:0",true,Title,Default Title,,,,,,,,ID101713-2,35.0,shopify,deny,manual,24700.00,,true,true,,,,,,https://cdn.shopify.com/s/files/1/0957/0002/5634/files/ID101713-2_19082025_adf3cb74-2771-43e0-ad68-0e46d2b194ec.png?v=1760338138,1,Balsem Putih Lion Head ,false,Balsem Putih Lion Head ,"BALSEM PUTIH LION HEAD Selpasindo Pharco  obat gosok yang mengandung menthol, camphora, oil yang berkhasiat untuk membantu meringankan sakit kepala, sakit pinggang, pegal linu, gatal-gatal digigit serangga",,,,,,,,,g,,,active
balpirik-ekstra-kuat-merah-balsem,Balpirik Ekstra Kuat (Merah) Balsem,"<p>Dus, Pot Plastik 20 G</p><p>Deskripsi: BALPIRIK EKSTRA KUAT (MERAH) Arto BALSEM adalah obat gosok yang mengandung cajuputi oil, eucalypti oil, menthol, camphor, peppermint oil, clove oil, methyl salicylate yang berkhasiat untuk nyeri otot dan keseleo</p><p>Komposisi: Oleum cayuputi 10%, Oleum Eucalypti 4%, Oleum Miristicae 1%, Terpentine 2%, Menthol 0,5%, Vaselin Album ad 100%</p><p>Golongan Obat: KUASI</p><p>Bentuk Sediaan: BALSAM</p><p>NIE:QD072707081</p><p>Exp Date:05/2030</p>",Inofarma,,"","Kesehatan, mqty:0",true,Title,Default Title,,,,,,,,ID101667-2,20.0,shopify,deny,manual,14600.00,,true,true,,,,,,https://cdn.shopify.com/s/files/1/0957/0002/5634/files/ID101667-2_19082025_356318d0-8265-4993-ac9c-f540876ce88d.png?v=1760338133,1,Balpirik Ekstra Kuat (Merah) Balsem,false,Balpirik Ekstra Kuat (Merah) Balsem,"BALPIRIK EKSTRA KUAT (MERAH) Arto BALSEM  obat gosok yang mengandung cajuputi oil, eucalypti oil, menthol, camphor, peppermint oil, clove oil, methyl salicylate yang berkhasiat untuk nyeri otot dan keseleo",,,,,,,,,g,,,active
apialys-sirup,Apialys Sirup,"<p>Dus, Botol Kaca @ 100 Ml</p><p>Deskripsi: APIALYS Lapi SIRUP adalah suplemen vitaminngandung Tiap 5 mL sirup mengandung vitamin A 5,000 IU, vitamin B1 3 mg, vitamin B2 2 mg, vitamin B6 6 mg, vitamin B12 5 mcg, vitamin C 50 mg, vitamin D 400 IU, nicotinamide 20 mg, lysine HCl 250 mg, d pantothenol 5 mg, l glutamic acid 25 mg yang diindikasiakn untuk meningkatkan nafsu makan dan stamina tubuh pada anak2 yang bertumbuh</p><p>Komposisi: Tiap 5 mL sirup mengandung vitamin A 5,000 IU, vitamin B1 3 mg, vitamin B2 2 mg, vitamin B6 6 mg, vitamin B12 5 mcg, vitamin C 50 mg, vitamin D 400 IU, nicotinamide 20 mg, lysine HCl 250 mg, d- pantothenol 5 mg, l- glutamic acid 25 mg</p><p>Golongan Obat: SUPLEMEN</p><p>Bentuk Sediaan: SIRUP</p><p>NIE:SD041618881</p><p>Exp Date:03/2027</p>",Inofarma,,"","mqty:0, Vitamin & Suplemen",true,Title,Default Title,,,,,,,,ID101165-1,100.0,shopify,deny,manual,49400.00,,true,true,,,,,,https://cdn.shopify.com/s/files/1/0957/0002/5634/files/ID101165-1_19082025_508d1651-5b9b-49c5-8b84-5fee0e6cd3c1.png?v=1760338132,1,Apialys Sirup,false,Apialys Sirup,"APIALYS Lapi SIRUP  suplemen vitaminngandung Tiap 5 mL sirup mengandung vitamin A 5,000 IU, vitamin B1 3 mg, vitamin B2 2 mg, vitamin B6 6 mg, vitamin B12 5 mcg, vitamin C 50 mg, vitamin D 400 IU, nicotinamide 20 mg, lysine HCl 250 mg, d pantothenol 5 mg, l glutamic acid 25 mg yang diindikasiakn untuk meningkatkan nafsu makan dan stamina tubuh pada anak2 yang bertumbuh",,,,,,,,,g,,,active
apialys-drops,Apialys Drops,"<p>Dus, Botol Kaca @ 10 Ml</p><p>Deskripsi: APIALYS Lapi DROPS adalah suplemen vitaminngandung Tiap 0,6 mL sirup mengandung vitamin A 2,000 IU, vitamin C 30 mg, vitamin D 400 IU, vitamin B1 1 mg, vitamin B2 1.2 mg, vitamin B6 1 mg, vitamin B12 2 mcg, nicotinamide 10 mg, pantothenol 5 mg, lysine HCl 25 mg yang diindikasiakn untuk meningkatkan nafsu makan dan stamina tubuh pada anak2 yang bertumbuh</p><p>Komposisi: Tiap 0,6 mL sirup mengandung vitamin A 2,000 IU, vitamin C 30 mg, vitamin D 400 IU, vitamin B1 1 mg, vitamin B2 1.2 mg, vitamin B6 1 mg, vitamin B12 2 mcg, nicotinamide 10 mg, pantothenol 5 mg, lysine HCl 25 mg</p><p>Golongan Obat: SUPLEMEN</p><p>Bentuk Sediaan: DROPS</p><p>NIE:SD041618871</p><p>Exp Date:01/2027</p>",Inofarma,,"","mqty:0, Vitamin & Suplemen",true,Title,Default Title,,,,,,,,ID101164-1,10.0,shopify,deny,manual,58600.00,,true,true,,,,,,https://cdn.shopify.com/s/files/1/0957/0002/5634/files/ID101164-1_19082025_06dec889-ea3e-4bd8-92a4-62de8e3f37ab.png?v=1760338131,1,Apialys Drops,false,Apialys Drops,"APIALYS Lapi DROPS  suplemen vitaminngandung Tiap 0,6 mL sirup mengandung vitamin A 2,000 IU, vitamin C 30 mg, vitamin D 400 IU, vitamin B1 1 mg, vitamin B2 1.2 mg, vitamin B6 1 mg, vitamin B12 2 mcg, nicotinamide 10 mg, pantothenol 5 mg, lysine HCl 25 mg yang diindikasiakn untuk meningkatkan nafsu makan dan stamina tubuh pada anak2 yang bertumbuh</p>",,,,,,,,,g,,,active
antangin-mint-sirup,Antangin Mint Sirup,"<p>Dus, 12 Sachet @ 15 Ml</p><p>Deskripsi: ANTANGIN MINT Deltomed SIRUP merupakan obat herbal yang berkhasiat meredakan gejala masuk angin, seperti kelelahan, meriang, mual dan perut kembung</p><p>Komposisi: Zingiberis officinale rhizoma 3,875 mg, Menthol arvensidis folium 1.570 mg, Blumeae balsamiferae folium 1,2 mg, myristicae fragrancis semen 180 mg, glycyrhizae glabrae radix 128 mg, curcumae domestica rhizoma 53 mg, mei depuratum 800 mg, potasium sorbat</p><p>Golongan Obat: OBAT TRADISIONAL</p><p>Bentuk Sediaan: SIRUP</p><p>NIE:TR132672221</p><p>Exp Date:04/2027</p>",Inofarma,,"","mqty:0, Obat Tradisional",true,Title,Default Title,,,,,,,,ID101074-2,15.0,shopify,deny,manual,40600.00,,true,true,,,,,,https://cdn.shopify.com/s/files/1/0957/0002/5634/files/ID101074-2_19082025_eba2032f-8e41-486a-8932-3910c0e274d5.png?v=1760338131,1,Antangin Mint Sirup,false,Antangin Mint Sirup,"ANTANGIN MINT Deltomed SIRUP merupakan obat herbal yang berkhasiat meredakan gejala masuk angin, seperti kelelahan, meriang, mual dan perut kembung",,,,,,,,,g,,,active
antangin-jrg-plus-jahe-merah,Antangin Jrg Plus Jahe Merah,"<p>Dus, 20 Strip @ 4 Tablet @ 650 Mg</p><p>Deskripsi: ANTANGIN JRG PLUS JAHE MERAH Deltomed TABLET adalah sirup herbal yang mengandung ekstrak zingiberis rhizoma, ekstrak blumae folia, ekstrak menthae folia, madu, royal jelly, ekstrak panax ginseng yang berkhasiat untuk mengobati masuk angin, melegakan tenggorokan, mengobati masuk angin seperti rasa meriang, rasa mual, perut kembung, keluar keringat dingin dan capekcapek, menjaga daya tahan tubuh seperti pergantian cuaca, kurang tidur, bekerja keras dan perjalanan jauh</p><p>Komposisi: Zingiberis Rhizoma 0,743 g, Royal Jelly 0,65 g, Panax Ginseng Extract 0,13 g, blumeae Folia 0,2476 g, Menthae Folia 0,495 g</p><p>Golongan Obat: OBAT TRADISIONAL</p><p>Bentuk Sediaan: TABLET</p><p>NIE:TR152586931</p><p>Exp Date:02/2028</p>",Inofarma,,"","mqty:0, Obat Tradisional",true,Title,Default Title,,,,,,,,ID101069-1,0.65,shopify,deny,manual,71400.00,,true,true,,,,,,https://cdn.shopify.com/s/files/1/0957/0002/5634/files/ID101069-1_19082025_ffb99e7b-1378-419a-83c0-faaef6baa5e8.png?v=1760338130,1,Antangin Jrg Plus Jahe Merah ,false,Antangin Jrg Plus Jahe Merah ,"ANTANGIN JRG PLUS JAHE MERAH Deltomed TABLET  sirup herbal yang mengandung ekstrak zingiberis rhizoma, ekstrak blumae folia, ekstrak menthae folia, madu, royal jelly, ekstrak panax ginseng yang berkhasiat untuk mengobati masuk angin, melegakan tenggorokan, mengobati masuk angin seperti rasa meriang, rasa mual, perut kembung, keluar keringat dingin dan capekcapek, menjaga daya tahan tubuh seperti pergantian cuaca, kurang tidur, bekerja keras dan perjalanan jauh",,,,,,,,,g,,,active
antangin-jrg-madu-sirup-herbal,Antangin Jrg + Madu Sirup Herbal,"<p>Dus, 12 Sachet @ 15 Ml</p><p>Deskripsi: ANTANGIN JRG + MADU Deltomed SIRUP HERBAL adalah sirup herbal yang mengandung zingeberis rhizoma, royal jelly, panax ginseng, blumeae folia, menthae folia, glycyrrhizae glabra radix, madu yang berkhasiat untuk meredakan masuk angin, meriang, rasa mual, perut kembung, capekcapek dan pusing</p><p>Komposisi: Zingiberis officinalis Rhizoma 7.336 g, Menthae arventis folium 4.890 g, Blumeae balsamiferae folium 2.445 g, Panax gingseng Radix 1.00 g, Myristicae fragrancis semen 0.562 g, Glycyrhizae glabraRadix 0.4 g, Curcumae domestica Rhizoma 0.1 g, Royal jelly 0.03 g, Honey 0.8 g</p><p>Golongan Obat: OHT</p><p>Bentuk Sediaan: SIRUP</p><p>NIE:HT112600041</p><p>Exp Date:05/2027</p>",Inofarma,,"","mqty:0, Obat Tradisional",true,Title,Default Title,,,,,,,,ID101068-1,15.0,shopify,deny,manual,39900.00,,true,true,,,,,,https://cdn.shopify.com/s/files/1/0957/0002/5634/files/ID101068-1_19082025_be8a6a8b-7689-4d11-8ab9-d164ed809d53.png?v=1760338130,1,Antangin Jrg + Madu Sirup Herbal ,false,Antangin Jrg + Madu Sirup Herbal ,"ANTANGIN JRG + MADU Deltomed SIRUP HERBAL  sirup herbal yang mengandung zingeberis rhizoma, royal jelly, panax ginseng, blumeae folia, menthae folia, glycyrrhizae glabra radix, madu yang berkhasiat untuk meredakan masuk angin, meriang, rasa mual, perut kembung, capekcapek dan pusing",,,,,,,,,g,,,active
mucohexin-tablet,Mucohexin Tablet,"<p>Dus, 25 Catch Cover @ 1 Strip @ 4 Tablet</p><p>Deskripsi: MUCOHEXIN Sanbe TABLET adalah obat yang mengandung bromhexine hydrochloride yang diindikasikan untuk mengatasi batuk berdahak</p><p>Komposisi: Bromhexine Hydrochloride 8 mg</p><p>Golongan Obat: BLUE</p><p>Bentuk Sediaan: TABLET</p><p>NIE:DTL8322202010A1</p><p>Exp Date:11/2026</p>",Inofarma,,"","mqty:1, Obat Bebas",true,Title,Default Title,,,,,,,,ID113692-1,73.0,shopify,deny,manual,94900.00,,true,true,,,,,,https://cdn.shopify.com/s/files/1/0957/0002/5634/files/ID113692-1_04092025_f81984b5-7455-4491-9f4f-122fb2df34ca.jpg?v=1760337211,1,Mucohexin Tablet,false,Mucohexin Tablet,MUCOHEXIN Sanbe TABLET adalah obat yang mengandung bromhexine hydrochloride yang diindikasikan untuk mengatasi batuk berdahak,,,,,,,,,g,,,active
elevit-tablet,Elevit Tablet,"<p>Dus, 5 Strip @ 6 Tablet Salut Selaput</p><p>Deskripsi: ELEVIT Bayer TABLET merupakan obat yang mengandung ascorbic acid, biotin, calcium hydrogen phospate, calcium pantothenate, cholecalciferol, copper sulfate, cyanocobalamin, dl-alfa tocoferol, ferrous bisglycinate, folic acid, levomefolate calcium, magnesium oxide heavy, manganese sulfate, nicotinamide, potassium iodide, pyridoxine hydrochloride, riboflavin, sodium selenite, thiamine mononitrate, zinc citrate trihydrate yang diindikasikan untuk memenuhi kebutuhan vitamin dan mineral yang mendukung persiapan kehamilan ibu.</p><p>Komposisi: Vit A 4,000 IU, vit B11.6 mg, vit B21.8 mg, vit B62.6 mg, vit B124 mcg, vit C 100 mg, vit D 500 IU, d-biotin 0.2 mg, Ca pantothenate 10 mg, folic acid 0.8 mg, nicotinamide 19 mg, Ca 125 mg, Fe 60 mg, Mg 100 mg, copper 1 mg, manganese 1 mg, Zn 7.5 mg, phosphorus 125 mg</p><p>Golongan Obat: GREEN</p><p>Bentuk Sediaan: TABLET</p><p>NIE:DBL2302009917A1</p><p>Exp Date:03/2027</p>",Inofarma,,"","mqty:1, Obat Bebas",true,Title,Default Title,,,,,,,,ID105521-1,84.0,shopify,deny,manual,103800.00,,true,true,,,,,,https://cdn.shopify.com/s/files/1/0957/0002/5634/files/ID105521-1_22082025_afc701a6-2bb7-467c-8c21-42d58013413b.jpg?v=1760337210,1,Elevit Tablet,false,Elevit Tablet,"ELEVIT Bayer TABLET merupakan obat yang mengandung ascorbic acid, biotin, calcium hydrogen phospate, calcium pantothenate, cholecalciferol, copper sulfate, cyanocobalamin, dl-alfa tocoferol, ferrous bisglycinate, folic acid, levomefolate calcium, magnesium oxide heavy, manganese sulfate, nicotinamide, potassium iodide, pyridoxine hydrochloride, riboflavin, sodium selenite, thiamine mononitrate, zinc citrate trihydrate yang diindikasikan untuk memenuhi kebutuhan vitamin dan mineral yang mendukung persiapan kehamilan ibu.",,,,,,,,,g,,,active
bisacodyl-tablet-5-mg,Bisacodyl Tablet 5 Mg,"<p>Dus, 3 Catch Cover @ 1 Strip @ 10 Tablet Salut Enterik</p><p>Deskripsi: BISACODYL Etercon TABLET 5 MG merupakan obat yang mengandung bisacodyl yang berfungsi untuk mengatasi konstipasi (sembelit).</p><p>Komposisi: Bisacodyl 5 mg</p><p>Golongan Obat: BLUE</p><p>Bentuk Sediaan: TABLET</p><p>NIE:GTL1115710615A1</p><p>Exp Date:-</p>",Inofarma,,"","mqty:1, Obat Bebas",true,Title,Default Title,,,,,,,,ID102377-1,47.0,shopify,deny,manual,24200.00,,true,true,,,,,,https://cdn.shopify.com/s/files/1/0957/0002/5634/files/ID102377-1_19082025_44850554-3de1-4f44-a688-faad418617a3.jpg?v=1760337209,1,Bisacodyl Tablet 5 Mg,false,Bisacodyl Tablet 5 Mg,BISACODYL Etercon TABLET 5 MG merupakan obat yang mengandung bisacodyl yang berfungsi untuk mengatasi konstipasi (sembelit).,,,,,,,,,g,,,active
rydian-guardian-tablet-10-mg,Rydian Guardian Tablet 10 Mg,"<p>Dus, 3 Strip @ 10 Tablet Salut Selaput</p><p>Deskripsi: RYDIAN Guardian TABLET 10 MG adalah obat yang mengandung Cetirizine Hydrochloride yang diindikasikan untuk meredakan gejala akibat reaksi alergi, seperti mata berair, bersin-bersin, hidung meler, atau gatal di kulit, tenggorokan, maupun hidung.</p><p>Komposisi: Cetirizine Hcl 10 Mg per Tablet</p><p>Golongan Obat: BLUE</p><p>Bentuk Sediaan: TABLET</p><p>NIE:DTL0408013617A1</p><p>Exp Date:02/2027</p>",Inofarma,,"","mqty:1, Obat Bebas",true,Title,Default Title,,,,,,,,ID118265-2,21.0,shopify,deny,manual,191600.00,,true,true,,,,,,https://cdn.shopify.com/s/files/1/0957/0002/5634/files/ID118265-2_12092025_cf567936-0110-49c5-bdf6-da183af2280e.jpg?v=1760337208,1,Rydian Guardian Tablet 10 Mg,false,Rydian Guardian Tablet 10 Mg,"RYDIAN Guardian TABLET 10 MG adalah obat yang mengandung Cetirizine Hydrochloride yang diindikasikan untuk meredakan gejala akibat reaksi alergi, seperti mata berair, bersin-bersin, hidung meler, atau gatal di kulit, tenggorokan, maupun hidung.",,,,,,,,,g,,,active
loratadine-tablet-10-mg,Loratadine Tablet 10 Mg,"<p>Dus, 10 Strip @ 10 Tablet</p><p>Deskripsi: LORATADINE Hexpharm TABLET 10 MG adalah obat yang mengandung loratadine yang diindikasikan untuk mengatasi gejala alergi seperti hay fever, urtikaria.</p><p>Komposisi: Loratadine 10 mg</p><p>Golongan Obat: BLUE</p><p>Bentuk Sediaan: TABLET</p><p>NIE:GTL0408510510A1</p><p>Exp Date:09/2027</p>",Inofarma,,"","mqty:1, Obat Bebas",true,Title,Default Title,,,,,,,,ID111930-1,37.0,shopify,deny,manual,47800.00,,true,true,,,,,,https://cdn.shopify.com/s/files/1/0957/0002/5634/files/ID111930-1_05092025_b60c250e-f302-4e48-b234-49a68aac9f7e.jpg?v=1760337207,1,Loratadine Tablet 10 Mg,false,Loratadine Tablet 10 Mg,"LORATADINE Hexpharm TABLET 10 MG adalah obat yang mengandung loratadine yang diindikasikan untuk mengatasi gejala alergi seperti hay fever, urtikaria.",,,,,,,,,g,,,active
panadol-flu-dan-batuk-sterling-kaplet,Panadol Flu Dan Batuk Sterling Kaplet,"<p>1 Amplop @ 1 Blister @ 10 Kaplet</p><p>Deskripsi: PANADOL FLU DAN BATUK Sterling KAPLET adalah obat yang mengandung paracetamol, dextromethorphan hydrobromide, phenylephrine hydrochloride, yang di indikasikan untuk meringankan gejala flu, seperti demam, sakit kepala, hidung tersumbat, dan bersin.</p><p>Komposisi: Setiap tablet mengandung:Paracetamol 500 mg, Phenylephrine HCL 5 mg, dan Dextromethorphan HBr 15 mg</p><p>Golongan Obat: BLUE</p><p>Bentuk Sediaan: KAPLET</p><p>NIE:DTL1124503604A1</p><p>Exp Date:11/2027</p>",Inofarma,,"","mqty:2, Obat Bebas",true,Title,Default Title,,,,,,,,ID115791-2,26.0,shopify,deny,manual,20500.00,,true,true,,,,,,https://cdn.shopify.com/s/files/1/0957/0002/5634/files/ID115791-2_12092025_c381c92f-dba0-437c-b4cc-62eda99a13d7.jpg?v=1760337206,1,Panadol Flu Dan Batuk Sterling Kaplet,false,Panadol Flu Dan Batuk Sterling Kaplet,"PANADOL FLU DAN BATUK Sterling KAPLET adalah obat yang mengandung paracetamol, dextromethorphan hydrobromide, phenylephrine hydrochloride, yang di indikasikan untuk meringankan gejala flu, seperti demam, sakit kepala, hidung tersumbat, dan bersin.",,,,,,,,,g,,,active
panadol-anak-anak-sterling-tablet-kunyah-120-mg,Panadol Anak-Anak Sterling Tablet Kunyah 120 Mg,<p>1 Amplop @ 1 Blister @ 10 Tablet Kunyah</p><p>Deskripsi: PANADOL ANAK-ANAK Sterling TABLET KUNYAH 120 MG adalah obat yang mengandung parasetamol untuk meredakan demam dan nyeri pada anak-anak</p><p>Komposisi: PARACETAMOL 120 MG</p><p>Golongan Obat: GREEN</p><p>Bentuk Sediaan: TABLET KUNYAH</p><p>NIE:DBL0124501963B1</p><p>Exp Date:07/2027</p>,Inofarma,,"","mqty:2, Obat Bebas",true,Title,Default Title,,,,,,,,ID115788-2,16.0,shopify,deny,manual,19000.00,,true,true,,,,,,https://cdn.shopify.com/s/files/1/0957/0002/5634/files/ID115788-2_12092025_14e80612-44bd-46d3-9c1e-51e2b5bb8f4e.jpg?v=1760337205,1,Panadol Anak-Anak Sterling Tablet Kunyah 120 Mg,false,Panadol Anak-Anak Sterling Tablet Kunyah 120 Mg,PANADOL ANAK-ANAK Sterling TABLET KUNYAH 120 MG adalah obat yang mengandung parasetamol untuk meredakan demam dan nyeri pada anak-anak,,,,,,,,,g,,,active
panadol-extra-sterling-kaplet,Panadol Extra Sterling Kaplet,"<p>1 Amplop @ 1 Blister @ 10 Kaplet</p><p>Deskripsi: PANADOL EXTRA Sterling KAPLET merupakan obat yang mengandung caffeine dan paracetamol untuk menurunkan demam, serta meringankan sakit kepala dan sakit gigi</p><p>Komposisi: Paracetamol 500 mg dan Caffeine 65 mg</p><p>Golongan Obat: GREEN</p><p>Bentuk Sediaan: KAPLET</p><p>NIE:DBL9424502004A1</p><p>Exp Date:01/2028</p>",Inofarma,,"","mqty:2, Obat Bebas",true,Title,Default Title,,,,,,,,ID115790-2,16.0,shopify,deny,manual,15600.00,,true,true,,,,,,https://cdn.shopify.com/s/files/1/0957/0002/5634/files/ID115790-2_12092025_bc557e12-b4d5-4e07-b76f-fe802b3b4a3b.jpg?v=1760337204,1,Panadol Extra Sterling Kaplet,false,Panadol Extra Sterling Kaplet,"PANADOL EXTRA Sterling KAPLET merupakan obat yang mengandung caffeine dan paracetamol untuk menurunkan demam, serta meringankan sakit kepala dan sakit gigi",,,,,,,,,g,,,active
panadol-sterling-kaplet-500-mg,Panadol Sterling Kaplet 500 Mg,<p>1 Amplop @ 1 Blister @ 10 Kaplet</p><p>Deskripsi: PANADOL Sterling KAPLET 500 MG adalah obat yang mengandung parasetamol untuk menurunkan demam dan meredakan nyeri ringan hingga sedang</p><p>Komposisi: PARACETAMOL 500 MG</p><p>Golongan Obat: GREEN</p><p>Bentuk Sediaan: KAPLET</p><p>NIE:DBL9624502804A1</p><p>Exp Date:10/2027</p>,Inofarma,,"","mqty:2, Obat Bebas",true,Title,Default Title,,,,,,,,ID115792-2,152.0,shopify,deny,manual,13700.00,,true,true,,,,,,https://cdn.shopify.com/s/files/1/0957/0002/5634/files/ID115792-2_12092025_9a84549b-31c5-46e4-8976-e81e3df8376b.jpg?v=1760337203,1,Panadol Sterling Kaplet 500 Mg,false,Panadol Sterling Kaplet 500 Mg,PANADOL Sterling KAPLET 500 MG adalah obat yang mengandung parasetamol untuk menurunkan demam dan meredakan nyeri ringan hingga sedang,,,,,,,,,g,,,active
inclarin-tablet-10-mg,Inclarin Tablet 10 Mg,"<p>Dus, 5 Amplop @1 Strip @ 10 Tablet</p><p>Deskripsi: INCLARIN Interbat TABLET 10 MG adalah obat yang mengandung loratadine yang diindikasikan untuk mengatasi gejala alergi seperti hay fever, urtikaria.</p><p>Komposisi: LORATADINE 10MG</p><p>Golongan Obat: BLUE</p><p>Bentuk Sediaan: TABLET</p><p>NIE:DTL9417609210A1</p><p>Exp Date:06/2029</p>",Inofarma,,"","mqty:1, Obat Bebas",true,Title,Default Title,,,,,,,,ID109290-2,58.0,shopify,deny,manual,474500.00,,true,true,,,,,,https://cdn.shopify.com/s/files/1/0957/0002/5634/files/ID109290-2_26082025_67c82a66-885e-4d98-a438-45def25037a1.png?v=1760337202,1,Inclarin Tablet 10 Mg,false,Inclarin Tablet 10 Mg,"INCLARIN Interbat TABLET 10 MG adalah obat yang mengandung loratadine yang diindikasikan untuk mengatasi gejala alergi seperti hay fever, urtikaria.",,,,,,,,,g,,,active
new-enzyplex-tablet,New Enzyplex Tablet,"<p>Dus, 25 Catch Cover @ 1 Strip @ 4 Tablet Salut Selaput</p><p>Deskripsi: NEW ENZYPLEX Medifarma TABLET adalah obat yang mengandung amylase, calcium pantothenate, cholic acid, dimeticone, lipase, nicotinamide, protease, vitamin b1, vitamin b12, vitamin b2 yang diindikasikan untuk membantu proses pencernaan dengan mencegah dan mengatasi gangguan pada pencernaan seperti rasa kembung, rasa penuh pada lambung, dan keadaankeadaan dimana dobutuhkan peningkatan enzim percernaan seperti makan terlalu banyak, intolerasi terhadap makanan, salah cerna dan lainlain gangguan pencernaan fungsional</p><p>Komposisi: Tiap tablet salut enterik mengandung: Amylase, Protease, Lipase, Desoxycholic acid, Vitamin B1, Vitamin B2, Vitamin B6, Niacinamide, Calcium Pantothenate</p><p>Golongan Obat: GREEN</p><p>Bentuk Sediaan: TABLET</p><p>NIE:DBL2104530717A1</p><p>Exp Date:04/2027</p>",Inofarma,,"","mqty:1, Obat Bebas",true,Title,Default Title,,,,,,,,ID105698-8,273.0,shopify,deny,manual,337500.00,,true,true,,,,,,https://cdn.shopify.com/s/files/1/0957/0002/5634/files/ID105698-8_29082025_06895a1e-c0e3-4ab4-b352-40057911eb00.jpg?v=1760337201,1,New Enzyplex Tablet,false,New Enzyplex Tablet,"NEW ENZYPLEX Medifarma TABLET adalah obat yang mengandung amylase, calcium pantothenate, cholic acid, dimeticone, lipase, nicotinamide, protease, vitamin b1, vitamin b12, vitamin b2 yang diindikasikan untuk membantu proses pencernaan dengan mencegah dan mengatasi gangguan pada pencernaan seperti rasa kembung, rasa penuh pada lambung, dan keadaankeadaan dimana dobutuhkan peningkatan enzim percernaan seperti makan terlalu banyak, intolerasi terhadap makanan, salah cerna dan lainlain gangguan pencernaan fungsional</p>",,,,,,,,,g,,,active
neo-napacin-konimex-tablet,Neo Napacin Konimex Tablet,"<p>Dus, 25 Catch Cover @ 1 Strip @ 4 Tablet</p><p>Deskripsi: NEO NAPACIN Konimex TABLET adalah obat yang mengandung Theophylline yang diindikasikan untuk meringankan dan mengatasi penyakit asma bronkial.</p><p>Komposisi: Theophylline 150 mg</p><p>Golongan Obat: BLUE</p><p>Bentuk Sediaan: TABLET</p><p>NIE:DTL2313029410A1</p><p>Exp Date:06/2029</p>",Inofarma,,"","mqty:1, Obat Bebas",true,Title,Default Title,,,,,,,,ID114189-2,89.0,shopify,deny,manual,76300.00,,true,true,,,,,,https://cdn.shopify.com/s/files/1/0957/0002/5634/files/ID114189-2_04092025_99831bbd-fe20-42d4-9b36-6daed4e3c7ae.jpg?v=1760337200,1,Neo Napacin Konimex Tablet,false,Neo Napacin Konimex Tablet,NEO NAPACIN Konimex TABLET adalah obat yang mengandung Theophylline yang diindikasikan untuk meringankan dan mengatasi penyakit asma bronkial.,,,,,,,,,g,,,active
omegdiar-mutifa-tablet,Omegdiar Mutifa Tablet,"<p>Dus, 10 Amplop @ 1 Strip @ 10 Tablet</p><p>Deskripsi: OMEGDIAR Mutifa TABLET adalah obat yang mengandung kaolin dan pectin yang diindikasikan untuk mengatasi diare</p><p>Komposisi: Kaolin 700 mg , Pectin 50 mg</p><p>Golongan Obat: GREEN</p><p>Bentuk Sediaan: TABLET</p><p>NIE:DBL9316905710A1</p><p>Exp Date:03/2027</p>",Inofarma,,"","mqty:1, Obat Bebas",true,Title,Default Title,,,,,,,,ID115284-2,152.0,shopify,deny,manual,34600.00,,true,true,,,,,,https://cdn.shopify.com/s/files/1/0957/0002/5634/files/ID115284-2_03092025_f46ef6cd-4be2-42b5-9efc-2451662389e3.jpg?v=1760337199,1,Omegdiar Mutifa Tablet,false,Omegdiar Mutifa Tablet,OMEGDIAR Mutifa TABLET adalah obat yang mengandung kaolin dan pectin yang diindikasikan untuk mengatasi diare,,,,,,,,,g,,,active
bioron-phapros-tablet,Bioron Phapros Tablet,"<p>Dus, 10 Catch Cover @ 1 Strip @ 10 Tablet Salut Gula</p><p>Deskripsi: BIORON Phapros TABLET adalah obat yang mengandung vitamin B1, B6, B12 yang diindikasikan untuk vitamin neurotropik agar menjaga kesehatan sistem syaraf</p><p>Komposisi: Tiap tablet mengandung Thiamine HCl (Vitamin B1) 100 mg, Pyridoxine HCl (Vitamin B6) 200 mg, Cyanocobalamin (Vitamin B12) 200 mcg</p><p>Golongan Obat: GREEN</p><p>Bentuk Sediaan: TABLET</p><p>NIE:DBL9119907716A1</p><p>Exp Date:07/2026</p>",Inofarma,,"","mqty:1, Obat Bebas",true,Title,Default Title,,,,,,,,ID102333-1,178.0,shopify,deny,manual,177800.00,,true,true,,,,,,https://cdn.shopify.com/s/files/1/0957/0002/5634/files/ID102333-1_19082025_efc7ad3d-39fa-43ba-92d3-1d637824a3af.jpg?v=1760337197,1,Bioron Phapros Tablet,false,Bioron Phapros Tablet,"BIORON Phapros TABLET adalah obat yang mengandung vitamin B1, B6, B12 yang diindikasikan untuk vitamin neurotropik agar menjaga kesehatan sistem syaraf</p>",,,,,,,,,g,,,active
laxatab-tablet-50-mg,Laxatab Tablet 50 Mg,"<p>Dus, 20 Catch Cover @ 1 Strip @ 6 Tablet</p><p>Deskripsi: LAXATAB Galenium TABLET 50 MG adalah obat yang mengandung docusate sodium yang diindikasikan untuk mengatasi kesulitan buang air besar atau sembelit.</p><p>Komposisi: Docusate Sodium 50 mg</p><p>Golongan Obat: GREEN</p><p>Bentuk Sediaan: TABLET</p><p>NIE:DBL7827802110A1</p><p>Exp Date:10/2029</p>",Inofarma,,"","mqty:1, Obat Bebas",true,Title,Default Title,,,,,,,,ID111461-1,121.0,shopify,deny,manual,181600.00,,true,true,,,,,,https://cdn.shopify.com/s/files/1/0957/0002/5634/files/ID111461-1_05092025_5a9c85df-ad13-4e1c-9993-0a9de5bd85a9.jpg?v=1760337197,1,Laxatab Tablet 50 Mg,false,Laxatab Tablet 50 Mg,LAXATAB Galenium TABLET 50 MG adalah obat yang mengandung docusate sodium yang diindikasikan untuk mengatasi kesulitan buang air besar atau sembelit.</p>,,,,,,,,,g,,,active
erphahexin-tablet-8-mg,Erphahexin Tablet 8 Mg,"<p>Dus, 10 Amplop @ 1 Strip @ 10 Tablet</p><p>Deskripsi: ERPHAHEXIN Erlimpex TABLET 8 MG adalah obat yang mengandung bromhexine hydrochloride yang diindikasikan untuk mukolitik dan meredakan batuk berdahak</p><p>Komposisi: BROMHEXINE HYDROCHLORIDE 8 MG</p><p>Golongan Obat: BLUE</p><p>Bentuk Sediaan: TABLET</p><p>NIE:DTL8306403910A1</p><p>Exp Date:05/2027</p>",Inofarma,,"","mqty:1, Obat Bebas",true,Title,Default Title,,,,,,,,ID105821-1,173.0,shopify,deny,manual,19200.00,,true,true,,,,,,https://cdn.shopify.com/s/files/1/0957/0002/5634/files/ID105821-1_29082025_f2a6b78e-d8c5-457a-ab54-71897e24f136.jpg?v=1760337196,1,Erphahexin Tablet 8 Mg,false,Erphahexin Tablet 8 Mg,ERPHAHEXIN Erlimpex TABLET 8 MG adalah obat yang mengandung bromhexine hydrochloride yang diindikasikan untuk mukolitik dan meredakan batuk berdahak,,,,,,,,,g,,,active
paranervion-kaplet,Paranervion Kaplet,"<p>Dus, 10 Amplop @ 1 Strip @ 10 Kaplet Salut Gula</p><p>Deskripsi: PARANERVION Erlimpex KAPLET adalah obat yang mengandung paraceramol, thiamine nitrate, pyridoxine hcl, dan cyanocobalamine yang diindikasikan untuk eringankan rasa sakit yang disebabkan oleh syaraf (neuritis)</p><p>Komposisi: Tiap kaplet salut gula mengandung : Paracetamol 500 mg, Vit B1 (Thiamine Mononitrate) 50 mg, Vit B6 (Pyridoxine HCl) 100 mg, Vit B12 (Cyanocobalamin) 100 mcg</p><p>Golongan Obat: GREEN</p><p>Bentuk Sediaan: KAPLET</p><p>NIE:DBL8306404308A1</p><p>Exp Date:07/2027</p>",Inofarma,,"","mqty:1, Obat Bebas",true,Title,Default Title,,,,,,,,ID115986-1,268.0,shopify,deny,manual,117000.00,,true,true,,,,,,https://cdn.shopify.com/s/files/1/0957/0002/5634/files/ID115986-1_12092025_5b3fb20b-69cf-47ca-9a1b-338975869cd5.jpg?v=1760337194,1,Paranervion Kaplet,false,Paranervion Kaplet,"PARANERVION Erlimpex KAPLET adalah obat yang mengandung paraceramol, thiamine nitrate, pyridoxine hcl, dan cyanocobalamine yang diindikasikan untuk eringankan rasa sakit yang disebabkan oleh syaraf (neuritis)</p>",,,,,,,,,g,,,active
tablet-tambah-darah-tablet,Tablet Tambah Darah Tablet,"<p>Dus, 10 Amplop @ 1 Strip @ 10 Tablet Salut Gula</p><p>Deskripsi: TABLET TAMBAH DARAH Erela TABLET adalah obat yang mengandung Ferrous Fumarate dan Asam Folat yang diindikasikan untuk membantu memenuhi kebutuhan zat besi dan asam folat tubuh serta terapi anemia megaloblastik</p><p>Komposisi: Ferrous Fumarate 60 mg, Asam Folat 400 mcg</p><p>Golongan Obat: GREEN</p><p>Bentuk Sediaan: TABLET</p><p>NIE:GBL1906318716A1</p><p>Exp Date:12/2028</p>",Inofarma,,"","mqty:1, Obat Bebas",true,Title,Default Title,,,,,,,,ID120305-1,105.0,shopify,deny,manual,49100.00,,true,true,,,,,,https://cdn.shopify.com/s/files/1/0957/0002/5634/files/ID120305-1_19092025_4b2c2e28-b957-4bb3-bcd2-b73981ce1c98.jpg?v=1760337193,1,Tablet Tambah Darah Tablet,false,Tablet Tambah Darah Tablet,TABLET TAMBAH DARAH Erela TABLET adalah obat yang mengandung Ferrous Fumarate dan Asam Folat yang diindikasikan untuk membantu memenuhi kebutuhan zat besi dan asam folat tubuh serta terapi anemia megaloblastik,,,,,,,,,g,,,active
nalitik-mbf-kapsul-200-mg,Nalitik Mbf Kapsul 200 Mg,"<p>Dus, 6 Catch Cover @ 1 Strip @ 10 Kapsul</p><p>Deskripsi: NALITIK Mbf KAPSUL 200 MG adalah obat yang mengandung acetylcysteine yang diindikasikan untuk membantu mengeluarkan dahak</p><p>Komposisi: ACETYLCYSTEINE 200 MG</p><p>Golongan Obat: BLUE</p><p>Bentuk Sediaan: KAPSUL</p><p>NIE:DTL1413710201A1</p><p>Exp Date:07/2027</p>",Inofarma,,"","mqty:1, Obat Bebas",true,Title,Default Title,,,,,,,,ID113849-1,100.0,shopify,deny,manual,174200.00,,true,true,,,,,,https://cdn.shopify.com/s/files/1/0957/0002/5634/files/ID113849-1_04092025_81069d72-274e-4208-8149-082289ffc931.jpg?v=1760337192,1,Nalitik Mbf Kapsul 200 Mg,false,Nalitik Mbf Kapsul 200 Mg,NALITIK Mbf KAPSUL 200 MG adalah obat yang mengandung acetylcysteine yang diindikasikan untuk membantu mengeluarkan dahak,,,,,,,,,g,,,active
erlagin-kaplet,Erlagin Kaplet,"<p>Dus, 10 Amplop @ 1 Strip @ 10 Kaplet Salut Selaput</p><p>Deskripsi: ERLAGIN Erela KAPLET yang mengandung Paracetamol, tiamina mononitrat, piridoksin hcl , sianokobalamin yang diindikasikan untuk neuritis dan neuralgia</p><p>Komposisi: Paracetamol 500 mg, tiamina mononitrat 50 mg, piridoksin hcl 100 mcg, sianokobalamin 100 mcg</p><p>Golongan Obat: GREEN</p><p>Bentuk Sediaan: KAPLET</p><p>NIE:DBL8506302209A1</p><p>Exp Date:07/2027</p>",Inofarma,,"","mqty:1, Obat Bebas",true,Title,Default Title,,,,,,,,ID105782-1,152.0,shopify,deny,manual,86000.00,,true,true,,,,,,https://cdn.shopify.com/s/files/1/0957/0002/5634/files/ID105782-1_29082025_c70062ba-430f-4a41-8c67-33ef3cfd0552.jpg?v=1760337191,1,Erlagin Kaplet,false,Erlagin Kaplet,"ERLAGIN Erela KAPLET yang mengandung Paracetamol, tiamina mononitrat, piridoksin hcl , sianokobalamin yang diindikasikan untuk neuritis dan neuralgia",,,,,,,,,g,,,active
antasida-doen-tablet-kunyah,Antasida Doen Tablet Kunyah,"<p>Dus, 10 Amplop @ Strip @ 10 Tablet Kunyah</p><p>Deskripsi: ANTASIDA DOEN Erela TABLET KUNYAH adalah obat yang mengandung alluminium hydroxide, magnesium hydroxyde yang diindikasikan untuk kelebihan asam lambung, gastritis, tukak lambung dan tukak usus</p><p>Komposisi: Tiap tablet mengandung Alumunium Hydroxide 200 mg, Magnesium Hydroxide 200 mg</p><p>Golongan Obat: GREEN</p><p>Bentuk Sediaan: TABLET</p><p>NIE:GBL0106305463A2</p><p>Exp Date:04/2027</p>",Inofarma,,"","mqty:1, Obat Bebas",true,Title,Default Title,,,,,,,,ID101082-2,131.0,shopify,deny,manual,19800.00,,true,true,,,,,,https://cdn.shopify.com/s/files/1/0957/0002/5634/files/ID101082-2_19082025_478744f4-ccf2-413f-a76e-85d6d4bd347b.png?v=1760337190,1,Antasida Doen Tablet Kunyah,false,Antasida Doen Tablet Kunyah,"ANTASIDA DOEN Erela TABLET KUNYAH adalah obat yang mengandung alluminium hydroxide, magnesium hydroxyde yang diindikasikan untuk kelebihan asam lambung, gastritis, tukak lambung dan tukak usus",,,,,,,,,g,,,active
farmadol-kaplet-500-mg,Farmadol Kaplet 500 Mg,"<p>Dus, 10 Blister @ 10 Kaplet</p><p>Deskripsi: FARMADOL Pratapa Nirmala KAPLET 500 MG adalah obat yang mengandung parasetamol yang diindikasikan untuk mengatasi nyeri ringan sampai sedang, nyeri sesudah operasi cabut gigi, pireksia</p><p>Komposisi: PARACETAMOL 500 MG</p><p>Golongan Obat: GREEN</p><p>Bentuk Sediaan: KAPLET</p><p>NIE:DBL8831501304A1</p><p>Exp Date:08/2027</p>",Inofarma,,"","mqty:1, Obat Bebas",true,Title,Default Title,,,,,,,,ID106179-1,115.0,shopify,deny,manual,72600.00,,true,true,,,,,,https://cdn.shopify.com/s/files/1/0957/0002/5634/files/ID106179-1_29082025_5b647214-d6cd-440f-96b1-e5c51b36b776.jpg?v=1760337189,1,Farmadol Kaplet 500 Mg,false,Farmadol Kaplet 500 Mg,"FARMADOL Pratapa Nirmala KAPLET 500 MG adalah obat yang mengandung parasetamol yang diindikasikan untuk mengatasi nyeri ringan sampai sedang, nyeri sesudah operasi cabut gigi, pireksia",,,,,,,,,g,,,active
farmacrol-forte-tablet,Farmacrol Forte Tablet,"<p>Dus, 10 Amplop @ 1 Blister @ 10 Tablet Kunyah</p><p>Deskripsi: FARMACROL FORTE Pratapa Nirmala TABLET adalah obat yang mengandung aluminium hydroxide, simethicone, magnesium hydroxide yang diindikasikan untuk mengatasi mengurangi gejalagejala yang di timbulkan karena kelebihan asam lambung, tukak lambung, gastritis, tukak usus dua belas jari seperti mual, nyeri uli hati pada lambung</p><p>Komposisi: Mg(OH)2 100 mg, Al(OH)3-mg carbonate dried Gel 275 mg, Simethicone 125 mg</p><p>Golongan Obat: GREEN</p><p>Bentuk Sediaan: TABLET</p><p>NIE:DBL8831501463A1</p><p>Exp Date:04/2027</p>",Inofarma,,"","mqty:1, Obat Bebas",true,Title,Default Title,,,,,,,,ID106177-1,152.0,shopify,deny,manual,151600.00,,true,true,,,,,,https://cdn.shopify.com/s/files/1/0957/0002/5634/files/ID106177-1_29082025_b1946da2-28e4-4b72-9eb1-d8f09e9b1be0.jpg?v=1760337188,1,Farmacrol Forte Tablet,false,Farmacrol Forte Tablet,"FARMACROL FORTE Pratapa Nirmala TABLET adalah obat yang mengandung aluminium hydroxide, simethicone, magnesium hydroxide yang diindikasikan untuk mengatasi mengurangi gejalagejala yang di timbulkan karena kelebihan asam lambung, tukak lambung, gastritis, tukak usus dua belas jari seperti mual, nyeri uli hati pada lambung",,,,,,,,,g,,,active
fasgo-fima-tablet-500-mg,Fasgo Fima Tablet 500 Mg,"<p>Dus, 20 Strip @ 10 Tablet</p><p>Deskripsi: FASGO Fima TABLET 500 MG adalah obat yang mengandung paracetamol dan diindikasikan untuk meredakan sakit kepala, sakit gigi, nyeri yang menganggu dan menurunkan demam.</p><p>Komposisi: PARACETAMOL 500 MG</p><p>Golongan Obat: GREEN</p><p>Bentuk Sediaan: TABLET</p><p>NIE:DBL0928404710A1</p><p>Exp Date:05/2027</p>",Inofarma,,"","mqty:1, Obat Bebas",true,Title,Default Title,,,,,,,,ID106208-1,205.0,shopify,deny,manual,80600.00,,true,true,,,,,,https://cdn.shopify.com/s/files/1/0957/0002/5634/files/ID106208-1_26082025_21160ee5-4865-4edf-9f5c-2a89d3c02756.png?v=1760337186,1,Fasgo Fima Tablet 500 Mg,false,Fasgo Fima Tablet 500 Mg,"FASGO Fima TABLET 500 MG adalah obat yang mengandung paracetamol dan diindikasikan untuk meredakan sakit kepala, sakit gigi, nyeri yang menganggu dan menurunkan demam.",,,,,,,,,g,,,active
dapyrin-tablet-500-mg,Dapyrin Tablet 500 Mg,"<p>Dus, 20 Strip @ 10 Tablet</p><p>Deskripsi: DAPYRIN Hexpharm TABLET 500 MG adalah obat yang mengandung parasetamol yang diindikasikan untuk mengatasi nyeri ringan sampai sedang, nyeri sesudah operasi cabut gigi, pireksia.</p><p>Komposisi: PARACETAMOL 500 MG</p><p>Golongan Obat: GREEN</p><p>Bentuk Sediaan: TABLET</p><p>NIE:DBL0408510810A1</p><p>Exp Date:05/2027</p>",Inofarma,,"","mqty:1, Obat Bebas",true,Title,Default Title,,,,,,,,ID104539-1,194.0,shopify,deny,manual,62800.00,,true,true,,,,,,https://cdn.shopify.com/s/files/1/0957/0002/5634/files/ID104539-1_22082025_65a62891-db1d-4f86-9e7d-40a597b42efc.jpg?v=1760337185,1,Dapyrin Tablet 500 Mg,false,Dapyrin Tablet 500 Mg,"DAPYRIN Hexpharm TABLET 500 MG adalah obat yang mengandung parasetamol yang diindikasikan untuk mengatasi nyeri ringan sampai sedang, nyeri sesudah operasi cabut gigi, pireksia.</p>",,,,,,,,,g,,,active
theobron-kapsul-130-mg,Theobron Kapsul 130 Mg,"<p>Dus,10 Amplop @ 1 Blister @ 4 Kapsul</p><p>Deskripsi: THEOBRON Interbat KAPSUL 130 MG adalah obat yang mengandung theophylline yang diindikasikan untuk mengatasi obstruksi saluran napas reversibel, asma akut berat</p><p>Komposisi: Theophylline 130 mg</p><p>Golongan Obat: BLUE</p><p>Bentuk Sediaan: KAPSUL</p><p>NIE:DTL9317608101A1</p><p>Exp Date:02/2027</p>",Inofarma,,"","mqty:1, Obat Bebas",true,Title,Default Title,,,,,,,,ID120769-1,73.0,shopify,deny,manual,193100.00,,true,true,,,,,,https://cdn.shopify.com/s/files/1/0957/0002/5634/files/ID120769-1_18092025_b4c0df00-80c7-4edc-8661-11eab51feee9.png?v=1760337184,1,Theobron Kapsul 130 Mg,false,Theobron Kapsul 130 Mg,"THEOBRON Interbat KAPSUL 130 MG adalah obat yang mengandung theophylline yang diindikasikan untuk mengatasi obstruksi saluran napas reversibel, asma akut berat",,,,,,,,,g,,,active
oskadon-sp-tablet-350-200-mg,Oskadon Sp Tablet 350/200 Mg,"<p>Dus, 25 Catch Cover @ 1 Strip @ 4 Tablet</p><p>Deskripsi: OSKADON SP TABLET 350/200 MG adalah obat yang mengandung paracetamol, ibuprofen yang diindikasikan untuk mengurangi rasa nyeri otot pada pinggang dan punggung.</p><p>Komposisi: PARACETAMOL 350 MG, IBUPROFEN 200 MG</p><p>Golongan Obat: BLUE</p><p>Bentuk Sediaan: TABLET</p><p>NIE:DTL9930702510A1</p><p>Exp Date:05/2028</p>",Inofarma,,"","mqty:1, Obat Bebas",true,Title,Default Title,,,,,,,,ID115550-2,131.0,shopify,deny,manual,54000.00,,true,true,,,,,,https://cdn.shopify.com/s/files/1/0957/0002/5634/files/ID115550-2_12092025_919c8bc5-9ba3-4455-b2b6-c52f5fe86c8d.jpg?v=1760337183,1,Oskadon Sp Tablet 350/200 Mg,false,Oskadon Sp Tablet 350/200 Mg,"OSKADON SP TABLET 350/200 MG adalah obat yang mengandung paracetamol, ibuprofen yang diindikasikan untuk mengurangi rasa nyeri otot pada pinggang dan punggung.",,,,,,,,,g,,,active
omedrinat-mutifa-tablet-50-mg,Omedrinat Mutifa Tablet 50 Mg,"<p>Dus,10 Amplop @ 1 Strip @ 10 Tablet</p><p>Deskripsi: OMEDRINAT Mutifa TABLET 50 MG adalah obat yang mengandung dimendhidrinate dan termasuk golongan antihistamin. Obat diindikasikan untuk membantu mengurangi gejala mual, muntah serta pusing karena mabuk perjalanan serta vertigo.</p><p>Komposisi: DIMENHYDRINATE 50 MG</p><p>Golongan Obat: BLUE</p><p>Bentuk Sediaan: TABLET</p><p>NIE:DTL0616909510A1</p><p>Exp Date:-</p>",Inofarma,,"","mqty:1, Obat Bebas",true,Title,Default Title,,,,,,,,ID115267-1,89.0,shopify,deny,manual,41700.00,,true,true,,,,,,https://cdn.shopify.com/s/files/1/0957/0002/5634/files/ID115267-1_03092025_7555f26a-077b-4cd2-be11-fc88681d11f1.jpg?v=1760337183,1,Omedrinat Mutifa Tablet 50 Mg,false,Omedrinat Mutifa Tablet 50 Mg,"OMEDRINAT Mutifa TABLET 50 MG adalah obat yang mengandung dimendhidrinate dan termasuk golongan antihistamin. Obat diindikasikan untuk membantu mengurangi gejala mual, muntah serta pusing karena mabuk perjalanan serta vertigo.",,,,,,,,,g,,,active
gastran-tablet,Gastran Tablet,"<p>Dus, 10 Amplop @ 1 Strip @ 10 Tablet</p><p>Deskripsi: GASTRAN Darya-Varia TABLET adalah obat yang mengandung aluminium hydroxide, magnesium hydroxide, simethicone yang diindikasikan untuk mengurangi gejala yang berhuungan dengan kelebihan asam lambung, gastritis, tukak lambung, tukak usus 12 jari, dengan gejala seperti mual, nyeri ulu hati, kembung dan perasaan penuh pada lambung.</p><p>Komposisi: ALUMINIUM HYDROXIDE, MAGNESIUM HYDROXIDE, SIMETHICONE</p><p>Golongan Obat: GREEN</p><p>Bentuk Sediaan: TABLET</p><p>NIE:DBL1904529110A1</p><p>Exp Date:02/2027</p>",Inofarma,,"","mqty:1, Obat Bebas",true,Title,Default Title,,,,,,,,ID107244-2,163.0,shopify,deny,manual,86800.00,,true,true,,,,,,https://cdn.shopify.com/s/files/1/0957/0002/5634/files/ID107244-2_25082025_a63ce58c-bf1b-4d56-8582-bdc81d0add6d.jpg?v=1760337182,1,Gastran Tablet,false,Gastran Tablet,"GASTRAN Darya-Varia TABLET adalah obat yang mengandung aluminium hydroxide, magnesium hydroxide, simethicone yang diindikasikan untuk mengurangi gejala yang berhuungan dengan kelebihan asam lambung, gastritis, tukak lambung, tukak usus 12 jari, dengan gejala seperti mual, nyeri ulu hati, kembung dan perasaan penuh pada lambung.",,,,,,,,,g,,,active
erlamol-tablet-500-mg,Erlamol Tablet 500 Mg,"<p>Dus, 10 Amplop @ 1 Strip @ 10 Tablet</p><p>Deskripsi: ERLAMOL Erela TABLET 500 MG adalah obat yang mengandung paracetamol yang diindikasikan untuk membantu meredakan sakit kepala, sakit gigi, dan meredakan demam.</p><p>Komposisi: Parecetamol 500 mg</p><p>Golongan Obat: GREEN</p><p>Bentuk Sediaan: TABLET</p><p>NIE:DBL9206307910A1</p><p>Exp Date:04/2027</p>",Inofarma,,"","mqty:1, Obat Bebas",true,Title,Default Title,,,,,,,,ID105785-1,126.0,shopify,deny,manual,34600.00,,true,true,,,,,,https://cdn.shopify.com/s/files/1/0957/0002/5634/files/ID105785-1_29082025_0a81eec6-e075-4058-86c4-79fd901d698c.jpg?v=1760337180,1,Erlamol Tablet 500 Mg,false,Erlamol Tablet 500 Mg,"ERLAMOL Erela TABLET 500 MG adalah obat yang mengandung paracetamol yang diindikasikan untuk membantu meredakan sakit kepala, sakit gigi, dan meredakan demam.</p>",,,,,,,,,g,,,active
paracetamol-pim-kaplet-500-mg,Paracetamol Pim Kaplet 500 Mg,"<p>Dus, 10 Strip @ 10 Kaplet</p><p>Deskripsi: PARACETAMOL Pim KAPLET 500 MG adalah obat yang mengandung paracetamol yang diindikasikan untuk menurunkan demam,nyeri ringan sampai sedang, nyeri sesudah operasi cabut gigi, pireksia.</p><p>Komposisi: PARACETAMOL 500 MG</p><p>Golongan Obat: GREEN</p><p>Bentuk Sediaan: KAPLET</p><p>NIE:GBL9718905104A2</p><p>Exp Date:07/2029</p>",Inofarma,,"","mqty:1, Obat Bebas",true,Title,Default Title,,,,,,,,ID115931-2,110.0,shopify,deny,manual,24200.00,,true,true,,,,,,https://cdn.shopify.com/s/files/1/0957/0002/5634/files/ID115931-2_12092025_092329e8-c0cd-4441-b30d-e91bba19ac10.jpg?v=1760337179,1,Paracetamol Pim Kaplet 500 Mg,false,Paracetamol Pim Kaplet 500 Mg,"PARACETAMOL Pim KAPLET 500 MG adalah obat yang mengandung paracetamol yang diindikasikan untuk menurunkan demam,nyeri ringan sampai sedang, nyeri sesudah operasi cabut gigi, pireksia.",,,,,,,,,g,,,active
mixagrip-flu-dan-batuk-kaplet,Mixagrip Flu Dan Batuk Kaplet,"<p>Dus, 25 Catch Cover @ 1 Strip @ 4 Kaptab</p><p>Deskripsi: MIXAGRIP FLU &amp; BATUK Kalbe KAPLET adalah obat analgesikantipiretik, antitusif dan dekongestan yang mengandung dextromethorpan hydrobromide, paracetamol dan phenyleprine hcl. Obat digunkan untuk mengobati  gejala flu seperti sakit kepala, demam, hidung tersumbat, dan batuk tidak berdahak.</p><p>Komposisi: Paracetamol 500 mg, Dextromethorphan HBr 10 mg, Phenylephrine HCl 10 mg</p><p>Golongan Obat: BLUE</p><p>Bentuk Sediaan: KAPLET</p><p>NIE:DTL1604429504A1</p><p>Exp Date:04/2027</p>",Inofarma,,"","mqty:1, Obat Bebas",true,Title,Default Title,,,,,,,,ID113530-1,152.0,shopify,deny,manual,109900.00,,true,true,,,,,,https://cdn.shopify.com/s/files/1/0957/0002/5634/files/ID113530-1_02092025_8c871daf-c647-4ada-8fcc-cd6370f3c67d.jpg?v=1760337179,1,Mixagrip Flu Dan Batuk Kaplet,false,Mixagrip Flu Dan Batuk Kaplet,"MIXAGRIP FLU & BATUK Kalbe KAPLET adalah obat analgesikantipiretik, antitusif dan dekongestan yang mengandung dextromethorpan hydrobromide, paracetamol dan phenyleprine hcl. Obat digunkan untuk mengobati  gejala flu seperti sakit kepala, demam, hidung tersumbat, dan batuk tidak berdahak.",,,,,,,,,g,,,active
mantino-sampharindo-tablet-50-mg,Mantino Sampharindo Tablet 50 Mg,"<p>Dus, 10 Amplop @ 1 Strip @ 10 Tablet</p><p>Deskripsi: MANTINO Sampharindo TABLET 50 MG adalah obat yang mengandung dimenhydrinate yang diindikasikan untuk mengatasi mabuk, muntah dalam perjalan jika menggunakan kendaraan bermotor, kapal, kereta api dan pesawat udara</p><p>Komposisi: DIMENHYDRINATE 50 MG</p><p>Golongan Obat: BLUE</p><p>Bentuk Sediaan: TABLET</p><p>NIE:DTL0323406110A1</p><p>Exp Date:03/2028</p>",Inofarma,,"","mqty:1, Obat Bebas",true,Title,Default Title,,,,,,,,ID112366-1,68.0,shopify,deny,manual,58600.00,,true,true,,,,,,https://cdn.shopify.com/s/files/1/0957/0002/5634/files/ID112366-1_02092025_124870fd-505c-4487-8953-af5adf7a5086.png?v=1760337177,1,Mantino Sampharindo Tablet 50 Mg,false,Mantino Sampharindo Tablet 50 Mg,"MANTINO Sampharindo TABLET 50 MG adalah obat yang mengandung dimenhydrinate yang diindikasikan untuk mengatasi mabuk, muntah dalam perjalan jika menggunakan kendaraan bermotor, kapal, kereta api dan pesawat udara",,,,,,,,,g,,,active
antimo-phapros-tablet-50-mg,Antimo Phapros Tablet 50 Mg,"<p>Dus, 72 Catch Cover @ 1 Strip @ 10 Tablet</p><p>Deskripsi: ANTIMO Phapros TABLET 50 MG adalah obat yang mengandung dimenhydrinate yang diindikasikan untuk mengatasi mabuk, muntah dalam perjalan jika menggunakan kendaraan bermotor, kapal, kereta api dan pesawat udara</p><p>Komposisi: DIMENHYDRINATE 50 MG</p><p>Golongan Obat: BLUE</p><p>Bentuk Sediaan: TABLET</p><p>NIE:DTL7219929710A1</p><p>Exp Date:06/2029</p>",Inofarma,,"","mqty:1, Obat Bebas",true,Title,Default Title,,,,,,,,ID101120-1,472.0,shopify,deny,manual,438000.00,,true,true,,,,,,https://cdn.shopify.com/s/files/1/0957/0002/5634/files/ID101120-1_19082025_5b46b79b-d427-4e62-ba52-997a74215e7a.png?v=1760337176,1,Antimo Phapros Tablet 50 Mg,false,Antimo Phapros Tablet 50 Mg,"ANTIMO Phapros TABLET 50 MG adalah obat yang mengandung dimenhydrinate yang diindikasikan untuk mengatasi mabuk, muntah dalam perjalan jika menggunakan kendaraan bermotor, kapal, kereta api dan pesawat udara</p>",,,,,,,,,g,,,active
telfast-aventis-tablet-60-mg,Telfast Aventis Tablet 60 Mg,"<p>Dus, 1 Blister @ 10 Tablet Salut Selaput</p><p>Deskripsi: TELFAST Aventis TABLET 60 MG adalah obat yang mengandung fexofenadine hydrochloride yang diindikasikan untuk mengatasi gejala alergi</p><p>Komposisi: Fexofenadine 60 mg</p><p>Golongan Obat: BLUE</p><p>Bentuk Sediaan: TABLET</p><p>NIE:DTL1121205217A1</p><p>Exp Date:12/2027</p>",Inofarma,,"","mqty:1, Obat Bebas",true,Title,Default Title,,,,,,,,ID120541-1,21.0,shopify,deny,manual,75200.00,,true,true,,,,,,https://cdn.shopify.com/s/files/1/0957/0002/5634/files/ID120541-1_19092025_8d52013f-66c5-4289-8f83-7499657639f8.jpg?v=1760337175,1,Telfast Aventis Tablet 60 Mg,false,Telfast Aventis Tablet 60 Mg,TELFAST Aventis TABLET 60 MG adalah obat yang mengandung fexofenadine hydrochloride yang diindikasikan untuk mengatasi gejala alergi,,,,,,,,,g,,,active
molexflu-molex-ayus-kaplet,Molexflu Molex Ayus Kaplet,"<p>Dus, 15 Strip @ 10 Kaplet</p><p>Deskripsi: MOLEXFLU Molex Ayus KAPLET adalah obat yang mengandung paracetamol, phenylpropanolamine hydrochloride, chlorphenamine maleate yang diindikasikan untuk meringankan gejala flu.</p><p>Komposisi: Paracetamol 500 mg, Phenylpropanolamine HCl 12.5 mg, Chlorpheniramine maleate 2 mg</p><p>Golongan Obat: BLUE</p><p>Bentuk Sediaan: KAPLET</p><p>NIE:DTL9230901304A1</p><p>Exp Date:07/2027</p>",Inofarma,,"","mqty:1, Obat Bebas",true,Title,Default Title,,,,,,,,ID113585-1,189.0,shopify,deny,manual,83300.00,,true,true,,,,,,https://cdn.shopify.com/s/files/1/0957/0002/5634/files/ID113585-1_02092025_245cb585-455d-42f9-91f7-78290f98d211.jpg?v=1760337174,1,Molexflu Molex Ayus Kaplet,false,Molexflu Molex Ayus Kaplet,"MOLEXFLU Molex Ayus KAPLET adalah obat yang mengandung paracetamol, phenylpropanolamine hydrochloride, chlorphenamine maleate yang diindikasikan untuk meringankan gejala flu.",,,,,,,,,g,,,active
bodrex-extra-kaplet,Bodrex Extra Kaplet,"<p>Dus, 25 Blister @ 4 Kaplet</p><p>Deskripsi: BODREX EXTRA Tempo Scan KAPLET adalah obat yang mengandung paracetamol, caffeine, ibuprofen yang diindikasikan untuk meringankan sakit kepalabagian depan hingga belakang, kepala terasa berat, tegang kaku di pundak hingga leher</p><p>Komposisi: Paracetamol 350 mg, Ibuprofen 200 mg, Caffeine 50 mg</p><p>Golongan Obat: BLUE</p><p>Bentuk Sediaan: KAPLET</p><p>NIE:DTL0622719204A1</p><p>Exp Date:06/2028</p>",Inofarma,,"","mqty:1, Obat Bebas",true,Title,Default Title,,,,,,,,ID102525-3,152.0,shopify,deny,manual,70400.00,,true,true,,,,,,https://cdn.shopify.com/s/files/1/0957/0002/5634/files/ID102525-3_19082025_e7067f58-8556-4ce9-96d4-90b53d6e09e6.jpg?v=1760337173,1,Bodrex Extra Kaplet,false,Bodrex Extra Kaplet,"BODREX EXTRA Tempo Scan KAPLET adalah obat yang mengandung paracetamol, caffeine, ibuprofen yang diindikasikan untuk meringankan sakit kepalabagian depan hingga belakang, kepala terasa berat, tegang kaku di pundak hingga leher",,,,,,,,,g,,,active
paratusin-tablet,Paratusin Tablet,"<p>Dus, 20 Catchcover @ 1 Strip @ 10 Tablet</p><p>Deskripsi: PARATUSIN DaryaVaria TABLET adalah obat yang mengandung noscapine, paracetamol, chlorphenamine maleate, guaifenesin, phenylpropanolamine hydrochloride yang di indikasikan untuk meringankan gejalagejala flu seperti demam, sakit kepala, hidung tersumbat dan bersinbersin yang disertai batuk.</p><p>Komposisi: Tiap tablet mengandung: Paracetamol 500 mg, Noscapine 10 mg, Guaifenesin 50 mg, Phenylpropanolamine HCl 15 mg, Chlorpheniramine Maleate (CTM) 2 mg</p><p>Golongan Obat: BLUE</p><p>Bentuk Sediaan: TABLET</p><p>NIE:DTL1604525010A1</p><p>Exp Date:05/2027</p>",Inofarma,,"","mqty:1, Obat Bebas",true,Title,Default Title,,,,,,,,ID115988-1,268.0,shopify,deny,manual,387800.00,,true,true,,,,,,https://cdn.shopify.com/s/files/1/0957/0002/5634/files/ID115988-1_11092025_4838d805-7c70-494c-81ef-62847ea1099f.png?v=1760337172,1,Paratusin Tablet,false,Paratusin Tablet,"PARATUSIN DaryaVaria TABLET adalah obat yang mengandung noscapine, paracetamol, chlorphenamine maleate, guaifenesin, phenylpropanolamine hydrochloride yang di indikasikan untuk meringankan gejalagejala flu seperti demam, sakit kepala, hidung tersumbat dan bersinbersin yang disertai batuk.",,,,,,,,,g,,,active
paramex-nyeri-otot-konimex-tablet-350-mg,Paramex Nyeri Otot Konimex Tablet 350 Mg,"<p>Dus, 25 Catch Cover @ 1 Strip @ 4 Tablet</p><p>Deskripsi: PARAMEX NYERI OTOT Konimex TABLET 350 MG adalah obat yang mengandung paracetamol, ibuprofen yang di indikasikan untuk mengatasi nyeri otot, nyeri sendi dan pegal linu.</p><p>Komposisi: PARACETAMOL 350 MG, IBUPROFEN 200 MG</p><p>Golongan Obat: BLUE</p><p>Bentuk Sediaan: TABLET</p><p>NIE:DTL9613013110A1</p><p>Exp Date:03/2028</p>",Inofarma,,"","mqty:1, Obat Bebas",true,Title,Default Title,,,,,,,,ID115978-2,136.0,shopify,deny,manual,61900.00,,true,true,,,,,,https://cdn.shopify.com/s/files/1/0957/0002/5634/files/ID115978-2_12092025_c46e17fd-0cf7-406d-b2a8-fde4f061a87d.jpg?v=1760337171,1,Paramex Nyeri Otot Konimex Tablet 350 Mg,false,Paramex Nyeri Otot Konimex Tablet 350 Mg,"PARAMEX NYERI OTOT Konimex TABLET 350 MG adalah obat yang mengandung paracetamol, ibuprofen yang di indikasikan untuk mengatasi nyeri otot, nyeri sendi dan pegal linu.",,,,,,,,,g,,,active
mixagrip-flu-kaplet,Mixagrip Flu Kaplet,"<p>Dus, 25 Catch Cover @ 1 Strip @ 4 Kaplet</p><p>Deskripsi: Produk dikirim sesuai dengan ketersediaan stock.<br>MIXAGRIP FLU KALBE KAPLET adalah obat yang mengandung chlorphenamine maleate, paracetamol, phenylephrine hydrochloride yang diindikasikan untuk meringankan gejalagejala flu seperti bersinbersin, hidung tersumbat, demam, dan sakit kepala</p><p>Komposisi: Paracetamol 500 mg, Phenylephrine HCl 10 mg, Chlorpheniramin maleate 2 mg</p><p>Golongan Obat: BLUE</p><p>Bentuk Sediaan: KAPLET</p><p>NIE:DTL0404424004A1</p><p>Exp Date:05/2027</p>",Inofarma,,"","mqty:1, Obat Bebas",true,Title,Default Title,,,,,,,,ID113532-1,152.0,shopify,deny,manual,99200.00,,true,true,,,,,,https://cdn.shopify.com/s/files/1/0957/0002/5634/files/ID113532-1_02092025_b559a213-f531-4f26-ac8c-b1699485d080.jpg?v=1760337170,1,Mixagrip Flu Kaplet,false,Mixagrip Flu Kaplet,"Produk dikirim sesuai dengan ketersediaan stock.<br>MIXAGRIP FLU KALBE KAPLET adalah obat yang mengandung chlorphenamine maleate, paracetamol, phenylephrine hydrochloride yang diindikasikan untuk meringankan gejalagejala flu seperti bersinbersin, hidung tersumbat, demam, dan sakit kepala",,,,,,,,,g,,,active
paramex-konimex-tablet,Paramex Konimex Tablet,"<p>Dus, 50 Catch Cover @ 1 Strip @ 4 Tablet</p><p>Deskripsi: PARAMEX Konimex TABLET adalah obat yang mengandung paracetamol, propyphenazone, caffeine, dexchlorpheniramine maleate yang di indikasikan untuk meredakan sakit kepala dan sakit gigi.</p><p>Komposisi: Paracetamol 250 mg, Propyphenazone 150 mg, Caffeine 50 mg, Dexchlorpheniramine maleate 1 mg</p><p>Golongan Obat: BLUE</p><p>Bentuk Sediaan: TABLET</p><p>NIE:DTL7813003810A1</p><p>Exp Date:06/2027</p>",Inofarma,,"","mqty:1, Obat Bebas",true,Title,Default Title,,,,,,,,ID115977-2,273.0,shopify,deny,manual,149600.00,,true,true,,,,,,https://cdn.shopify.com/s/files/1/0957/0002/5634/files/ID115977-2_12092025_9afcf30e-e7b5-48c5-9085-45ee9ce4fb37.jpg?v=1760337168,1,Paramex Konimex Tablet,false,Paramex Konimex Tablet,"PARAMEX Konimex TABLET adalah obat yang mengandung paracetamol, propyphenazone, caffeine, dexchlorpheniramine maleate yang di indikasikan untuk meredakan sakit kepala dan sakit gigi.",,,,,,,,,g,,,active
superhoid-triman-suppositoria,Superhoid Triman Suppositoria,"<p>Dus, 1 Blister @ 6 Suppositoria</p><p>Deskripsi: SUPERHOID Triman SUPPOSITORIA adalah obat yang mengandung aluminium hydroxide, benzocaine, zinc oxide yang diindikasikan untuk pereda rasa nyeri dan inflamasi pada wasir luar dan dalam.</p><p>Komposisi: Tiap suppositoria mengandung: Benzocaine 1.0%, Zinc Oxide 2%, Aluminium Hydroxide 0.25% dalam massa hidrofil</p><p>Golongan Obat: BLUE</p><p>Bentuk Sediaan: SUPPOSITORIA</p><p>NIE:DTL7225903553A1</p><p>Exp Date:04/2028</p>",Inofarma,,"","mqty:2, Obat Bebas",true,Title,Default Title,,,,,,,,ID120156-1,31.0,shopify,deny,manual,55900.00,,true,true,,,,,,https://cdn.shopify.com/s/files/1/0957/0002/5634/files/ID120156-1_19092025_5cef7bab-126f-41ed-962d-a196e10d41ca.jpg?v=1760337167,1,Superhoid Triman Suppositoria,false,Superhoid Triman Suppositoria,"SUPERHOID Triman SUPPOSITORIA adalah obat yang mengandung aluminium hydroxide, benzocaine, zinc oxide yang diindikasikan untuk pereda rasa nyeri dan inflamasi pada wasir luar dan dalam.",,,,,,,,,g,,,active
decolgen-fx-kaplet,Decolgen Fx Kaplet,"<p>Dus, 10 Amplop @ 1 Blister @ 10 Kaplet</p><p>Deskripsi: DECOLGEN FX DaryaVaria KAPLET adalah obat yang mengandung chlorphenamine maleate, paracetamol, pseudoephedrine hydrochloride yang diindikasiakan untuk meredakan nyeri, menurunkan demam, meredakan hidung tersumbat dan mengatasi alergi.</p><p>Komposisi: Paracetamol 650 mg, Pseudoephedrine HCl 30 mg, Chlorpheniramine maleate 2 mg</p><p>Golongan Obat: BLUE</p><p>Bentuk Sediaan: KAPLET</p><p>NIE:DTL1404522204A1</p><p>Exp Date:05/2028</p>",Inofarma,,"","mqty:1, Obat Bebas",true,Title,Default Title,,,,,,,,ID104688-1,136.0,shopify,deny,manual,142800.00,,true,true,,,,,,https://cdn.shopify.com/s/files/1/0957/0002/5634/files/ID104688-1_22082025_59e42673-5901-4865-8e90-49eb4df7ddd0.jpg?v=1760337166,1,Decolgen Fx Kaplet,false,Decolgen Fx Kaplet,"DECOLGEN FX DaryaVaria KAPLET adalah obat yang mengandung chlorphenamine maleate, paracetamol, pseudoephedrine hydrochloride yang diindikasiakan untuk meredakan nyeri, menurunkan demam, meredakan hidung tersumbat dan mengatasi alergi.",,,,,,,,,g,,,active
oralit-200-phapros-serbuk,Oralit 200 Phapros Serbuk,"<p>Dus, 100 Sachet @ 4,129 G</p><p>Deskripsi: Phapros SERBUK adalah obat yang mengandung dextrose anhydrate, potassium citrate, sodium chloride, sodium citrate dihydrate yang diindikasikan untuk pengganti elektrolt pada pasien muntah dan diare, kolera.</p><p>Komposisi: Dextrose / glucose anhydrous 2,7 gr, sodium chloride (natrium klorida) 0,52 gr, potasssium chloride (kalium klorida) 0,30 gr, trisodium citrate 0,58 gr, dan bahan pembantu secukupnya sebanyak 0,16 gr</p><p>Golongan Obat: GREEN</p><p>Bentuk Sediaan: SERBUK</p><p>NIE:GBL9819920623A1</p><p>Exp Date:05/2027</p>",Inofarma,,"","mqty:1, Obat Bebas",true,Title,Default Title,,,,,,,,ID115472-1,567.0,shopify,deny,manual,101700.00,,true,true,,,,,,https://cdn.shopify.com/s/files/1/0957/0002/5634/files/ID115472-1_12092025_2fa1d3fe-3204-4c4b-9dd4-29c97698b2db.jpg?v=1760337165,1,Oralit 200 Phapros Serbuk,false,Oralit 200 Phapros Serbuk,"Phapros SERBUK adalah obat yang mengandung dextrose anhydrate, potassium citrate, sodium chloride, sodium citrate dihydrate yang diindikasikan untuk pengganti elektrolt pada pasien muntah dan diare, kolera.",,,,,,,,,g,,,active
maltofer-fol-tablet-kunyah-100-mg,Maltofer Fol Tablet Kunyah 100 Mg,"<p>Dus, 5 Amplop @ 1 Strip @ 6 Tablet Kunyah</p><p>Deskripsi: MALTOFER FOL Combiphar TABLET KUNYAH 100 MG adalah obat yang mengandung iron, folic acid yang diindikasikan untuk mengatasi defisensi zat besi laten dan anemia, terapi pencegahan defisensi zat besi selama masa kehamilan</p><p>Komposisi: Iron Polymaltosa Complex (Besi (II) Hidroksida) 100 mg; Asam Folat 0.35 mg. Zat tambahan lainnya: Siklamat, zat pengaroma, dan zat tambahan untuk pencetak tablet</p><p>Golongan Obat: GREEN</p><p>Bentuk Sediaan: TABLET</p><p>NIE:DBL0204128263A1</p><p>Exp Date:04/2030</p>",Inofarma,,"","mqty:1, Obat Bebas",true,Title,Default Title,,,,,,,,ID112317-1,58.0,shopify,deny,manual,140900.00,,true,true,,,,,,https://cdn.shopify.com/s/files/1/0957/0002/5634/files/ID112317-1_02092025_c5d4667e-cd08-429a-8393-8f555040dc8c.png?v=1760337164,1,Maltofer Fol Tablet Kunyah 100 Mg,false,Maltofer Fol Tablet Kunyah 100 Mg,"MALTOFER FOL Combiphar TABLET KUNYAH 100 MG adalah obat yang mengandung iron, folic acid yang diindikasikan untuk mengatasi defisensi zat besi laten dan anemia, terapi pencegahan defisensi zat besi selama masa kehamilan</p>",,,,,,,,,g,,,active
strocain-p-eisai-tablet-400-mg,Strocain P Eisai Tablet 400 Mg,"<p>Dus, 10 Blister @ 10 Tablet</p><p>Deskripsi: STROCAIN P Eisai TABLET 400 MG adalah obat yang mengandung polymigel yang diindikasikan untuk mengurangi gejala yang berhubungan dengan kelebihan asam lambung, tukak lambung, gastritis, tukak usus dua belas jari</p><p>Komposisi: Polymigel 400 mg</p><p>Golongan Obat: GREEN</p><p>Bentuk Sediaan: TABLET</p><p>NIE:DBL7206102310A1</p><p>Exp Date:12/2029</p>",Inofarma,,"","mqty:1, Obat Bebas",true,Title,Default Title,,,,,,,,ID120070-1,84.0,shopify,deny,manual,314500.00,,true,true,,,,,,https://cdn.shopify.com/s/files/1/0957/0002/5634/files/ID120070-1_19092025_fa80f55b-7f29-41f0-882d-648925d48bdf.jpg?v=1760337163,1,Strocain P Eisai Tablet 400 Mg,false,Strocain P Eisai Tablet 400 Mg,"STROCAIN P Eisai TABLET 400 MG adalah obat yang mengandung polymigel yang diindikasikan untuk mengurangi gejala yang berhubungan dengan kelebihan asam lambung, tukak lambung, gastritis, tukak usus dua belas jari",,,,,,,,,g,,,active
sumagesic-tablet-600-mg,Sumagesic Tablet 600 Mg,"<p>Dus, 25 Catch Cover @ 1 Strip @ 4 Tablet</p><p>Deskripsi: SUMAGESIC Medifarma TABLET 600 MG adalah obat yang mengandung parasetamol yang diindikasikan untuk mengatasi nyeri ringan sampai sedang, nyeri sesudah operasi cabut gigi, pireksia.</p><p>Komposisi: PARACETAMOL 600 MG</p><p>Golongan Obat: GREEN</p><p>Bentuk Sediaan: TABLET</p><p>NIE:DBL2235805810A1</p><p>Exp Date:05/2030</p>",Inofarma,,"","mqty:1, Obat Bebas",true,Title,Default Title,,,,,,,,ID120124-1,147.0,shopify,deny,manual,79100.00,,true,true,,,,,,https://cdn.shopify.com/s/files/1/0957/0002/5634/files/ID120124-1_19092025_6223a983-1c48-4c22-b3c1-c496c40ea4c9.jpg?v=1760337162,1,Sumagesic Tablet 600 Mg,false,Sumagesic Tablet 600 Mg,"SUMAGESIC Medifarma TABLET 600 MG adalah obat yang mengandung parasetamol yang diindikasikan untuk mengatasi nyeri ringan sampai sedang, nyeri sesudah operasi cabut gigi, pireksia.",,,,,,,,,g,,,active
sp-troches-meiji-tablet-hisap-rasa-melon-0-25-mg,Sp Troches Meiji Tablet Hisap Rasa Melon 0.25 Mg,"<p>Dus, 1 Blister @ 12 Tablet Hisap</p><p>Deskripsi: SP TROCHES Meiji TABLET HISAP RASA MELON 0.25 MG adalah obat yang mengandung dequalinium chloride yang diindikasikan untuk mengatasi membantu menyembuhkan sakit tenggorokan akibat peradangan, sariawan radang gusi (gingivitis), periodontitis laryngitis atau radang pada laring</p><p>Komposisi: Dequalinium Chloride 0.25 mg</p><p>Golongan Obat: GREEN</p><p>Bentuk Sediaan: TABLET</p><p>NIE:DBL8515300712A1</p><p>Exp Date:04/2028</p>",Inofarma,,"","mqty:2, Obat Bebas",true,Title,Default Title,,,,,,,,ID119814-1,31.0,shopify,deny,manual,19300.00,,true,true,,,,,,https://cdn.shopify.com/s/files/1/0957/0002/5634/files/ID119814-1_09092025_afdde17c-d139-4232-95df-3334e358f23b.jpg?v=1760337161,1,Sp Troches Meiji Tablet Hisap Rasa Melon 0.25 Mg,false,Sp Troches Meiji Tablet Hisap Rasa Melon 0.25 Mg,"SP TROCHES Meiji TABLET HISAP RASA MELON 0.25 MG adalah obat yang mengandung dequalinium chloride yang diindikasikan untuk mengatasi membantu menyembuhkan sakit tenggorokan akibat peradangan, sariawan radang gusi (gingivitis), periodontitis laryngitis atau radang pada laring",,,,,,,,,g,,,active
folavit-tablet-1-mg,Folavit Tablet 1 Mg,"<p>Dus, 25 Catch Cover @ 1 Strip @ 4 Tablet</p><p>Deskripsi: FOLAVIT Sanbe TABLET 1 MG adalah suplemen yang mengandung Folic acid yang diindikasikan untuk Suplementasi Asam Folat untuk ibu hamil.</p><p>Komposisi: Folic acid 1 MG</p><p>Golongan Obat: GREEN</p><p>Bentuk Sediaan: TABLET</p><p>NIE:DBL0422239010A1</p><p>Exp Date:04/2027</p>",Inofarma,,"","mqty:1, Obat Bebas",true,Title,Default Title,,,,,,,,ID106642-1,79.0,shopify,deny,manual,304800.00,,true,true,,,,,,https://cdn.shopify.com/s/files/1/0957/0002/5634/files/ID106642-1_29082025_e62fc24e-d89a-4356-b44a-8fcee3e8de8d.png?v=1760337160,1,Folavit Tablet 1 Mg,false,Folavit Tablet 1 Mg,FOLAVIT Sanbe TABLET 1 MG adalah suplemen yang mengandung Folic acid yang diindikasikan untuk Suplementasi Asam Folat untuk ibu hamil.,,,,,,,,,g,,,active
cetinal-tablet-kunyah-10-mg,Cetinal Tablet Kunyah 10 Mg,"<p>Dus, 3 Strip @ 10 Tablet Kunyah</p><p>Deskripsi: CETINAL Kalbe TABLET KUNYAH 10 MG adalah obat yang mengandung cetirizine hydrochloride yang diindikasikan untuk mengatasi rinitis menahun, rinitis alergi seasonal, konjungtivitis, pruritus, urtikaria idiopati kronis.</p><p>Komposisi: CETIRIZINE HYDROCHLORIDE 10 MG</p><p>Golongan Obat: BLUE</p><p>Bentuk Sediaan: TABLET</p><p>NIE:DTL2104431263A1</p><p>Exp Date:05/2027</p>",Inofarma,,"","mqty:1, Obat Bebas",true,Title,Default Title,,,,,,,,ID103482-1,37.0,shopify,deny,manual,279500.00,,true,true,,,,,,https://cdn.shopify.com/s/files/1/0957/0002/5634/files/ID103482-1_20082025_8c0c7fe1-3dcf-44a9-9cbe-40148f0aa50f.jpg?v=1760337159,1,Cetinal Tablet Kunyah 10 Mg,false,Cetinal Tablet Kunyah 10 Mg,"CETINAL Kalbe TABLET KUNYAH 10 MG adalah obat yang mengandung cetirizine hydrochloride yang diindikasikan untuk mengatasi rinitis menahun, rinitis alergi seasonal, konjungtivitis, pruritus, urtikaria idiopati kronis.",,,,,,,,,g,,,active
mextril-saka-farma-tablet,Mextril Saka Farma Tablet,"<p>Dus, 25 Catch Cover @ 1 Strip @ 4 Tablet</p><p>Deskripsi: MEXTRIL Saka Farma TABLET adalah obat yang mengandung chlorphenamine maleate, dextromethorphan hydrobromide, guaifenesin, phenylpropanolamine hydrochloride, yang diindikasikan untuk meredakan batuk</p><p>Komposisi: Glyceril guaiacolate 100 mg, Dextromethorphan Hbr 15 mg, Dexchlorpheniramine Maleate 1 mg</p><p>Golongan Obat: BLUE</p><p>Bentuk Sediaan: TABLET</p><p>NIE:DTL7621706810A1</p><p>Exp Date:02/2027</p>",Inofarma,,"","mqty:1, Obat Bebas",true,Title,Default Title,,,,,,,,ID113050-1,126.0,shopify,deny,manual,106900.00,,true,true,,,,,,https://cdn.shopify.com/s/files/1/0957/0002/5634/files/ID113050-1_01092025_28fd343c-fa91-4e81-bdd9-17dce5a195d8.jpg?v=1760337158,1,Mextril Saka Farma Tablet,false,Mextril Saka Farma Tablet,"MEXTRIL Saka Farma TABLET adalah obat yang mengandung chlorphenamine maleate, dextromethorphan hydrobromide, guaifenesin, phenylpropanolamine hydrochloride, yang diindikasikan untuk meredakan batuk",,,,,,,,,g,,,active
neo-rheumacyl-tablet,Neo Rheumacyl Tablet,"<p>Dus, 24 Blister @ 20 Tablet</p><p>Deskripsi: NEO RHEUMACYL Tempo Scan TABLET adalah obat yang mengandung paracetamol, ibuprofen yang diindikasikan untuk meredakan nyeri otot, nyeri sendi, dan pegal linu.</p><p>Komposisi: Ibuprofen 200 mg, Paracetamol 500 mg</p><p>Golongan Obat: BLUE</p><p>Bentuk Sediaan: TABLET</p><p>NIE:DTL1122702410B1</p><p>Exp Date:04/2028</p>",Inofarma,,"","mqty:1, Obat Bebas",true,Title,Default Title,,,,,,,,ID114209-4,593.0,shopify,deny,manual,269900.00,,true,true,,,,,,https://cdn.shopify.com/s/files/1/0957/0002/5634/files/ID114209-4_04092025_b729ffc3-28fa-47a6-84f3-274ea15e45f9.jpg?v=1760337157,1,Neo Rheumacyl Tablet,false,Neo Rheumacyl Tablet,"NEO RHEUMACYL Tempo Scan TABLET adalah obat yang mengandung paracetamol, ibuprofen yang diindikasikan untuk meredakan nyeri otot, nyeri sendi, dan pegal linu.",,,,,,,,,g,,,active
bodrex-migra-kaplet,Bodrex Migra Kaplet,"<p>Dus, 25 Blister @ 4 Kaplet</p><p>Deskripsi: BODREX MIGRA Tempo Scan KAPLET paracetamol, propyphenazone, caffeine meringankan sakit kepala sebelah (migrane) ditandai dengan rasa sakit berdenyut disalah satu sisi kepala.</p><p>Komposisi: Paracetamol 350 mg, Propyphenazone 150 mg, Caffeine 50 mg</p><p>Golongan Obat: BLUE</p><p>Bentuk Sediaan: KAPLET</p><p>NIE:DTL0322718304A1</p><p>Exp Date:05/2028</p>",Inofarma,,"","mqty:1, Obat Bebas",true,Title,Default Title,,,,,,,,ID102535-4,147.0,shopify,deny,manual,73600.00,,true,true,,,,,,https://cdn.shopify.com/s/files/1/0957/0002/5634/files/ID102535-4_19082025_6515a803-a441-471d-86d8-0cb6c3b12e04.jpg?v=1760337156,1,Bodrex Migra Kaplet,false,Bodrex Migra Kaplet,"BODREX MIGRA Tempo Scan KAPLET paracetamol, propyphenazone, caffeine meringankan sakit kepala sebelah (migrane) ditandai dengan rasa sakit berdenyut disalah satu sisi kepala.",,,,,,,,,g,,,active
sanaflu-forte-kaplet,Sanaflu Forte Kaplet,"<p>Dus, 25 Catch Cover @ 1 Strip @ 4 Kaplet</p><p>Deskripsi: SANAFLU FORTE Sanbe KAPLET adalah obat yang mengandung paracetamol, phenylephyrine hydrochloride, yang diindikasikan untuk meringankan gejala flu dan tidak menyebabkan kantuk</p><p>Komposisi: Paracetamol 650 mg, Phenylpropanolamine HCl 15 mg</p><p>Golongan Obat: BLUE</p><p>Bentuk Sediaan: KAPLET</p><p>NIE:DTL0322212104B1</p><p>Exp Date:10/2026</p>",Inofarma,,"","mqty:1, Obat Bebas",true,Title,Default Title,,,,,,,,ID118553-1,184.0,shopify,deny,manual,101800.00,,true,true,,,,,,https://cdn.shopify.com/s/files/1/0957/0002/5634/files/ID118553-1_12092025_a8ba0b1a-8ce7-409c-899c-65eff8dc4af8.jpg?v=1760337155,1,Sanaflu Forte Kaplet,false,Sanaflu Forte Kaplet,"SANAFLU FORTE Sanbe KAPLET adalah obat yang mengandung paracetamol, phenylephyrine hydrochloride, yang diindikasikan untuk meringankan gejala flu dan tidak menyebabkan kantuk",,,,,,,,,g,,,active
poldan-mig-kaplet,Poldan Mig Kaplet,"<p>Dus, 25 Catch Over @ 1 Strip @ 4 Kaplet Salut Selaput</p><p>Deskripsi: POLDAN MIG Sanbe KAPLET adalah obat yang mengandung paracetamol, acetylsalicylic acid, caffeine yang diindikasikan untuk meringankan sakit kepala dan migrain</p><p>Komposisi: Paracetamol 400 mg, Acetylsalicylic Acid 250 mg, caffeine 65 mg</p><p>Golongan Obat: GREEN</p><p>Bentuk Sediaan: KAPLET</p><p>NIE:DBL0022231409A1</p><p>Exp Date:-</p>",Inofarma,,"","mqty:1, Obat Bebas",true,Title,Default Title,,,,,,,,ID116661-1,210.0,shopify,deny,manual,112400.00,,true,true,,,,,,https://cdn.shopify.com/s/files/1/0957/0002/5634/files/ID116661-1_11092025_e000e480-564f-4b35-b25e-fa2678457456.png?v=1760337154,1,Poldan Mig Kaplet,false,Poldan Mig Kaplet,"POLDAN MIG Sanbe KAPLET adalah obat yang mengandung paracetamol, acetylsalicylic acid, caffeine yang diindikasikan untuk meringankan sakit kepala dan migrain",,,,,,,,,g,,,active
sanaflu-kaplet,Sanaflu Kaplet,"<p>Dus, 25 Catch Cover @ 1 Strip @ 4 Kaplet</p><p>Deskripsi: SANAFLU Sanbe KAPLET adalah obat yang mengandung paracetamol, phenylephrine hydrochloride yang diindikasikan untuk meredakan gejalagejala Flu, Demam, sakit kepala, dan hidung tersumbat</p><p>Komposisi: Paracetamol 500 mg, Phenylpropanolamine HCl 15 mg</p><p>Golongan Obat: BLUE</p><p>Bentuk Sediaan: KAPLET</p><p>NIE:DTL9222212104A1</p><p>Exp Date:05/2027</p>",Inofarma,,"","mqty:1, Obat Bebas",true,Title,Default Title,,,,,,,,ID118556-1,163.0,shopify,deny,manual,85700.00,,true,true,,,,,,https://cdn.shopify.com/s/files/1/0957/0002/5634/files/ID118556-1_12092025_15ce13fd-7aef-4fc5-9bbe-cd03be235bff.jpg?v=1760337153,1,Sanaflu Kaplet,false,Sanaflu Kaplet,"SANAFLU Sanbe KAPLET adalah obat yang mengandung paracetamol, phenylephrine hydrochloride yang diindikasikan untuk meredakan gejalagejala Flu, Demam, sakit kepala, dan hidung tersumbat",,,,,,,,,g,,,active
paracetamol-mersi-tablet-500-mg,Paracetamol Mersi Tablet 500 Mg,"<p>Dus, 10 Blister @ 10 Tablet</p><p>Deskripsi: PARACETAMOL Mersi TABLET 500 MG adalah obat yang mengandung parasetamol yang diindikasikan untuk mengatasi nyeri ringan sampai sedang, nyeri sesudah operasi cabut gigi, pireksia.</p><p>Komposisi: PARACETAMOL 500 MG</p><p>Golongan Obat: GREEN</p><p>Bentuk Sediaan: TABLET</p><p>NIE:GBL1533312610A1</p><p>Exp Date:08/2028</p>",Inofarma,,"","mqty:1, Obat Bebas",true,Title,Default Title,,,,,,,,ID115919-1,105.0,shopify,deny,manual,20600.00,,true,true,,,,,,https://cdn.shopify.com/s/files/1/0957/0002/5634/files/ID115919-1_12092025_c0253c21-3d27-4936-b2de-a70e438a07d6.jpg?v=1760337151,1,Paracetamol Mersi Tablet 500 Mg,false,Paracetamol Mersi Tablet 500 Mg,"PARACETAMOL Mersi TABLET 500 MG adalah obat yang mengandung parasetamol yang diindikasikan untuk mengatasi nyeri ringan sampai sedang, nyeri sesudah operasi cabut gigi, pireksia.",,,,,,,,,g,,,active
paracetamol-promed-tablet-500-mg,Paracetamol Promed Tablet 500 Mg,"<p>Dus, 10 Strip @ 10 Tablet</p><p>Deskripsi: PARACETAMOL Promed TABLET 500 MG adalah obat yang mengandung parasetamol yang diindikasikan untuk mengatasi nyeri ringan sampai sedang, nyeri sesudah operasi cabut gigi, pireksia.</p><p>Komposisi: PARACETAMOL 500 MG</p><p>Golongan Obat: GREEN</p><p>Bentuk Sediaan: TABLET</p><p>NIE:GBL0133202710A1</p><p>Exp Date:04/2030</p>",Inofarma,,"","mqty:1, Obat Bebas",true,Title,Default Title,,,,,,,,ID115935-2,100.0,shopify,deny,manual,34300.00,,true,true,,,,,,https://cdn.shopify.com/s/files/1/0957/0002/5634/files/ID115935-2_12092025_515cb124-315d-44d0-8dda-cc6fc1446d00.jpg?v=1760337151,1,Paracetamol Promed Tablet 500 Mg,false,Paracetamol Promed Tablet 500 Mg,"PARACETAMOL Promed TABLET 500 MG adalah obat yang mengandung parasetamol yang diindikasikan untuk mengatasi nyeri ringan sampai sedang, nyeri sesudah operasi cabut gigi, pireksia.",,,,,,,,,g,,,active
samcodin-tablet-100-mg-2-mg-15-mg,Samcodin Tablet 100 Mg/ 2 Mg/ 15 Mg,"<p>Dus, 10 Strip @ 10 Tablet</p><p>Deskripsi: SAMCODIN Samco Farma TABLET 100 MG 2 MG 15 MG adalah obat yang mengandung guaifenesin, chlorphenamine maleate dan dextromethorphan yang diindikasikan untuk mengatasi batuk dan mengencerkan dahak yang disebabkan alergi</p><p>Komposisi: Chlorpheniramine Maleate 2 mg, Dextrometrophan 15 mg, Guaifenesin 100 mg</p><p>Golongan Obat: BLUE</p><p>Bentuk Sediaan: TABLET</p><p>NIE:DTL8821905010A1</p><p>Exp Date:06/2028</p>",Inofarma,,"","mqty:1, Obat Bebas",true,Title,Default Title,,,,,,,,ID118513-1,63.0,shopify,deny,manual,81500.00,,true,true,,,,,,https://cdn.shopify.com/s/files/1/0957/0002/5634/files/ID118513-1_12092025_f47cd68d-e494-4f8b-8210-a9b4d1df7fc2.jpg?v=1760337150,1,Samcodin Tablet 100 Mg/ 2 Mg/ 15 Mg,false,Samcodin Tablet 100 Mg/ 2 Mg/ 15 Mg,"SAMCODIN Samco Farma TABLET 100 MG 2 MG 15 MG adalah obat yang mengandung guaifenesin, chlorphenamine maleate dan dextromethorphan yang diindikasikan untuk mengatasi batuk dan mengencerkan dahak yang disebabkan alergi",,,,,,,,,g,,,active
plantacid-forte-tablet-kunyah,Plantacid Forte Tablet Kunyah,"<p>Dus, 10 Strip @ 10 Tablet Kunyah</p><p>Deskripsi: PLANTACID FORTE Kalbe TABLET KUNYAH adalah obat yang mengandung dried aluminium hydroxide gel, magnesium hydroxide, SIMETHICONEe yang diindikasika untuk mengurangi gejala-gejala yang berhubungan dengan kelebihan asam lambung, tukak lambung, tukak usus 12 jari dengan gejala-gejala seperti mual, kembung dan perasaan penuh pada lambung.</p><p>Komposisi: Al(OH)3 400 mg, Mg(OH)2 400 mg, Simethicone 100 mg</p><p>Golongan Obat: GREEN</p><p>Bentuk Sediaan: TABLET</p><p>NIE:DBL8511621463A1</p><p>Exp Date:05/2029</p>",Inofarma,,"","mqty:1, Obat Bebas",true,Title,Default Title,,,,,,,,ID116611-1,268.0,shopify,deny,manual,137900.00,,true,true,,,,,,https://cdn.shopify.com/s/files/1/0957/0002/5634/files/ID116611-1_11092025_4e94f2ca-e016-4f86-b4c8-ca04a7ae05bb.png?v=1760337149,1,Plantacid Forte Tablet Kunyah,false,Plantacid Forte Tablet Kunyah,"PLANTACID FORTE Kalbe TABLET KUNYAH adalah obat yang mengandung dried aluminium hydroxide gel, magnesium hydroxide, SIMETHICONEe yang diindikasika untuk mengurangi gejala-gejala yang berhubungan dengan kelebihan asam lambung, tukak lambung, tukak usus 12 jari dengan gejala-gejala seperti mual, kembung dan perasaan penuh pada lambung.",,,,,,,,,g,,,active
maltofer-tablet-kunyah-100-mg,Maltofer Tablet Kunyah 100 Mg,"<p>Dus, 5 Amplop @ 1 Strip @ 6 Tablet Kunyah</p><p>Deskripsi: MALTOFER Combiphar TABLET KUNYAH 100 MG adalah obat yang mengandung zat besi, siklamat yang diindikasikan untuk pengobatan pada pasien yang kekurangan (defisiensi) zat besi</p><p>Komposisi: Tiap tablet kunyah mengandung Iron Polymaltosa Complex (Besi (II) Hidroksida) 100 mg. Zat tambahan lainnya: Siklamat, zat pengaroma, dan zat tambahan untuk pencetak tablet</p><p>Golongan Obat: GREEN</p><p>Bentuk Sediaan: TABLET</p><p>NIE:DBL0204128063A1</p><p>Exp Date:03/2030</p>",Inofarma,,"","mqty:1, Obat Bebas",true,Title,Default Title,,,,,,,,ID112316-1,58.0,shopify,deny,manual,129300.00,,true,true,,,,,,https://cdn.shopify.com/s/files/1/0957/0002/5634/files/ID112316-1_02092025_291b79dd-0cfc-433e-b8ab-831c57b028cb.png?v=1760337149,1,Maltofer Tablet Kunyah 100 Mg,false,Maltofer Tablet Kunyah 100 Mg,"MALTOFER Combiphar TABLET KUNYAH 100 MG adalah obat yang mengandung zat besi, siklamat yang diindikasikan untuk pengobatan pada pasien yang kekurangan (defisiensi) zat besi",,,,,,,,,g,,,active
pamol-tablet-500-mg,Pamol Tablet 500 Mg,"<p>Dus, 10 Amplop @ 1 Strip @ 10 Tablet</p><p>Deskripsi: PAMOL Interbat TABLET 500 MG adalah obat yang mengandung parasetamol yang diindikasikan untuk mengatasi nyeri ringan sampai sedang, nyeri sesudah operasi cabut gigi, pireksia.</p><p>Komposisi: PARACETAMOL 500 MG</p><p>Golongan Obat: GREEN</p><p>Bentuk Sediaan: TABLET</p><p>NIE:DBL9117606810A1</p><p>Exp Date:03/2029</p>",Inofarma,,"","mqty:1, Obat Bebas",true,Title,Default Title,,,,,,,,ID115781-2,152.0,shopify,deny,manual,124200.00,,true,true,,,,,,https://cdn.shopify.com/s/files/1/0957/0002/5634/files/ID115781-2_12092025_8004ecc9-5dfe-4fe3-9fad-1f464b86c297.jpg?v=1760337147,1,Pamol Tablet 500 Mg,false,Pamol Tablet 500 Mg,"PAMOL Interbat TABLET 500 MG adalah obat yang mengandung parasetamol yang diindikasikan untuk mengatasi nyeri ringan sampai sedang, nyeri sesudah operasi cabut gigi, pireksia.",,,,,,,,,g,,,active
mylanta-integrated-healthcare-tablet,Mylanta Integrated Healthcare Tablet,"<p>Dus, 10 Catch Cover @ 1 Blister @ 10 Tablet Kunyah</p><p>Deskripsi: MYLANTA Integrated Healthcare TABLET adalah obat yang mengandung dried aluminium hydroxide gel, magnesium hydroxide, SIMETHICONEe yang diindikasikan untuk mengurangi gejalagejala yang berhubungan dengan kelebihan asam lambung, gastritis, ttukak lambung, tukak usus dua belas jari dengan gejalagejla seperti mual, nyeri lambung dan nyeri ulu hati</p><p>Komposisi: Setiap tablet kunyah mengandung Magnesium Hydroxide 200 mg, Alumunium Hydroxide gel kering (dried gel) 200 mg, Simethicone 20 mg</p><p>Golongan Obat: GREEN</p><p>Bentuk Sediaan: TABLET</p><p>NIE:DBL1441200163A1</p><p>Exp Date:04/2027</p>",Inofarma,,"","mqty:1, Obat Bebas",true,Title,Default Title,,,,,,,,ID113792-1,142.0,shopify,deny,manual,105000.00,,true,true,,,,,,https://cdn.shopify.com/s/files/1/0957/0002/5634/files/ID113792-1_04092025_97e1241b-e8c3-4808-8368-7128b1611c0e.jpg?v=1760337146,1,Mylanta Integrated Healthcare Tablet,false,Mylanta Integrated Healthcare Tablet,"MYLANTA Integrated Healthcare TABLET adalah obat yang mengandung dried aluminium hydroxide gel, magnesium hydroxide, SIMETHICONEe yang diindikasikan untuk mengurangi gejalagejala yang berhubungan dengan kelebihan asam lambung, gastritis, ttukak lambung, tukak usus dua belas jari dengan gejalagejla seperti mual, nyeri lambung dan nyeri ulu hati",,,,,,,,,g,,,active
polycrol-forte-tablet,Polycrol Forte Tablet,"<p>Dus, 24 Strip @ 10 Tablet Kunyah</p><p>Deskripsi: POLYCROL FORTE Nicholas TABLET adalah obat yang mengandung aluminium hydroxide, magnesium hydroxide, methylpolysiloxanum yang diindikasikan untuk gangguan lambung yang disebabkan karana kelebihan asam lambung seperli pada tukak lambung, nyari pada ulu hati. kambung, dan hiatus hernis.</p><p>Komposisi: Activated methylpolysiloxane 125 mg, Mg(OH)2 100 mg, Al(OH)3-mg carbonate 275 mg</p><p>Golongan Obat: GREEN</p><p>Bentuk Sediaan: TABLET</p><p>NIE:DBL7817801663B1</p><p>Exp Date:07/2027</p>",Inofarma,,"","mqty:1, Obat Bebas",true,Title,Default Title,,,,,,,,ID116672-1,583.0,shopify,deny,manual,193100.00,,true,true,,,,,,https://cdn.shopify.com/s/files/1/0957/0002/5634/files/ID116672-1_11092025_971d2c1f-96d6-466c-94b5-65eeffe278f8.png?v=1760337145,1,Polycrol Forte Tablet,false,Polycrol Forte Tablet,"POLYCROL FORTE Nicholas TABLET adalah obat yang mengandung aluminium hydroxide, magnesium hydroxide, methylpolysiloxanum yang diindikasikan untuk gangguan lambung yang disebabkan karana kelebihan asam lambung seperli pada tukak lambung, nyari pada ulu hati. kambung, dan hiatus hernis.",,,,,,,,,g,,,active
xepazym-metiska-kaplet,Xepazym Metiska Kaplet,"<p>Dus, 3 Strip @ 10 Kaplet Salut Selaput</p><p>Deskripsi: XEPAZYM Metiska KAPLET adalah obat yang mengandung Nystatin yang diindikasikan untuk mengatasi kandidiasis.</p><p>Komposisi: Pancreatin 170 mg dan Simethicone 80 mg</p><p>Golongan Obat: GREEN</p><p>Bentuk Sediaan: KAPLET</p><p>NIE:DBL0016109809A1</p><p>Exp Date:06/2027</p>",Inofarma,,"","mqty:1, Obat Bebas",true,Title,Default Title,,,,,,,,ID122691-2,68.0,shopify,deny,manual,128300.00,,true,true,,,,,,https://cdn.shopify.com/s/files/1/0957/0002/5634/files/ID122691-2_19092025_0324b756-44de-4c8d-8da8-2a8324f1b661.jpg?v=1760337141,1,Xepazym Metiska Kaplet,false,Xepazym Metiska Kaplet,XEPAZYM Metiska KAPLET adalah obat yang mengandung Nystatin yang diindikasikan untuk mengatasi kandidiasis.,,,,,,,,,g,,,active
onemed-medicrepe-one-elastic-bandage-6-inch,Onemed Medicrepe One Elastic Bandage 6 Inch,"<p>Plastik, 1 Pcs Size 15 X 4,5 M</p><p>Deskripsi: ONEMED MEDICREPE ONE ELASTIC BANDAGE Intisumber Hasil Sempurna 6 Inch merupakan alat kesehatan yang berfungsi untuk membalut dan menopang bagian tubuh yang mengalami cedera ringan seperti keseleo atau pembengkakan, serta untuk membantu sirkulasi darah pasca-operasi.</p><p>Komposisi: -</p><p>Golongan Obat: ALAT KESEHATAN - NON ELEKTROMEDIK NON STERIL</p><p>Bentuk Sediaan: LEMBAR</p><p>NIE:AKL 10902322453</p><p>Exp Date:06/2029</p>",Inofarma,,"","Alat Kesehatan, mqty:0",true,Title,Default Title,,,,,,,,ID108778-1,68.0,shopify,deny,manual,21800.00,,true,true,,,,,,https://cdn.shopify.com/s/files/1/0957/0002/5634/files/ID108778-1_02092025_e39335f1-c1ae-4ed6-a582-14263ec1e9df.jpg?v=1760337140,1,Onemed Medicrepe One Elastic Bandage 6 Inch,false,Onemed Medicrepe One Elastic Bandage 6 Inch,"ONEMED MEDICREPE ONE ELASTIC BANDAGE Intisumber Hasil Sempurna 6 Inch merupakan alat kesehatan yang berfungsi untuk membalut dan menopang bagian tubuh yang mengalami cedera ringan seperti keseleo atau pembengkakan, serta untuk membantu sirkulasi darah pasca-operasi.",,,,,,,,,g,,,active
onemed-medicrepe-one-elastic-bandage-3-inch,Onemed Medicrepe One Elastic Bandage 3 Inch,"<p>Plastik, 1 Pcs Size 7,5 X 4,5 M</p><p>Deskripsi: ONEMED MEDICREPE ONE ELASTIC BANDAGE Intisumber Hasil Sempurna 3 Inch merupakan alat kesehatan yang berfungsi untuk membalut dan menopang bagian tubuh yang mengalami cedera ringan seperti keseleo atau pembengkakan, serta untuk membantu sirkulasi darah pasca-operasi.</p><p>Komposisi: -</p><p>Golongan Obat: ALAT KESEHATAN - NON ELEKTROMEDIK NON STERIL</p><p>Bentuk Sediaan: LEMBAR</p><p>NIE:AKL 10902322453</p><p>Exp Date:02/2029</p>",Inofarma,,"","Alat Kesehatan, mqty:0",true,Title,Default Title,,,,,,,,ID108776-1,37.0,shopify,deny,manual,11300.00,,true,true,,,,,,https://cdn.shopify.com/s/files/1/0957/0002/5634/files/ID108776-1_02092025_63802ea9-2be3-4f73-b89c-645d86644184.jpg?v=1760337139,1,Onemed Medicrepe One Elastic Bandage 3 Inch,false,Onemed Medicrepe One Elastic Bandage 3 Inch,"ONEMED MEDICREPE ONE ELASTIC BANDAGE Intisumber Hasil Sempurna 3 Inch merupakan alat kesehatan yang berfungsi untuk membalut dan menopang bagian tubuh yang mengalami cedera ringan seperti keseleo atau pembengkakan, serta untuk membantu sirkulasi darah pasca-operasi.",,,,,,,,,g,,,active
strepsils-vitamin-c-tablet-hisap,Strepsils Vitamin C Tablet Hisap,"<p>Dus, 12 Aluminium Foil @ 8 Tablet Hisap</p><p>Deskripsi: STREPSILS VITAMIN C Reckitt Benckiser TABLET HISAP adalah permen yang mengandung vitamin c yang berkhasiat untuk membantu melegakan tenggorokan dan meredakan sariawan</p><p>Komposisi: Tiap tablet hisap mengandung 2,4-Dichlorobenzyl Alcohol 1.2 mg, Amylmetacresol 0.6 mg, Vitamin C (Ascorbic Acid/Sodium Ascorbate) 100 mg</p><p>Golongan Obat: KUASI</p><p>Bentuk Sediaan: TABLET</p><p>NIE:QI144509121</p><p>Exp Date:04/2028</p>",Inofarma,,"","Kebutuhan Keluarga, mqty:0",true,Title,Default Title,,,,,,,,ID120063-1,310.0,shopify,deny,manual,245500.00,,true,true,,,,,,https://cdn.shopify.com/s/files/1/0957/0002/5634/files/ID120063-1_09092025_c353c5f1-7a1a-46c4-87b5-155b5f946db6.jpg?v=1760337135,1,Strepsils Vitamin C Tablet Hisap,false,Strepsils Vitamin C Tablet Hisap,STREPSILS VITAMIN C Reckitt Benckiser TABLET HISAP adalah permen yang mengandung vitamin c yang berkhasiat untuk membantu melegakan tenggorokan dan meredakan sariawan,,,,,,,,,g,,,active
strepsils-sugar-free-lemon-flavour-tablet-hisap,Strepsils Sugar Free Lemon Flavour Tablet Hisap,"<p>Dus, 12 Aluminium Foil @ 8 Tablet Hisap</p><p>Deskripsi: STREPSILS SUGAR FREE LEMON FLAVOUR Reckitt Benckiser TABLET HISAP adalah permen yang mengandung sukrosa, glukosa cair, pengatur keasaman asam tartrat, menthol, minyak eucalyptus, dibenal, amylmetakresol, pewarna indigotin (cl 73015) dan air yang berkhasiat untuk melegakan tenggorokan</p><p>Komposisi: Tiap tablet hisap mengandung 2,4-Dichlorobenzyl Alcohol 1.2 mg, Amylmetacresol 0.6 mg, Vitamin C (Ascorbic Acid/Sodium Ascorbate) 100 mg</p><p>Golongan Obat: KUASI</p><p>Bentuk Sediaan: TABLET</p><p>NIE:QI144509111</p><p>Exp Date:12/2027</p>",Inofarma,,"","Kebutuhan Keluarga, mqty:0",true,Title,Default Title,,,,,,,,ID120062-2,341.0,shopify,deny,manual,255900.00,,true,true,,,,,,https://cdn.shopify.com/s/files/1/0957/0002/5634/files/ID120062-2_09092025_fb0286a5-af0c-4be3-b3f5-52b82686396f.jpg?v=1760337135,1,Strepsils Sugar Free Lemon Flavour Tablet Hisap,false,Strepsils Sugar Free Lemon Flavour Tablet Hisap,"STREPSILS SUGAR FREE LEMON FLAVOUR Reckitt Benckiser TABLET HISAP adalah permen yang mengandung sukrosa, glukosa cair, pengatur keasaman asam tartrat, menthol, minyak eucalyptus, dibenal, amylmetakresol, pewarna indigotin (cl 73015) dan air yang berkhasiat untuk melegakan tenggorokan",,,,,,,,,g,,,active
strepsils-menthol-and-vanila-favour-extra-strong-sensation-with-double-active-agents-tablet-hisap,Strepsils Menthol And Vanila Favour Extra Strong Sensation With Double Active Agents Tablet Hisap,"<p>Dus, 12 Aluminium Foil @ 8 Tablet Hisap</p><p>Deskripsi: STREPSILS MENTHOL AND VANILA FAVOUR EXTRA STRONG SENSATION WITH DOUBLE ACTIVE AGENTS Reckitt Benckiser TABLET HISAP adalah permen yang mengandung 1,2 mg dichlorobenzyl alcohol dan 600 mcg amylmetacresol. Dichlorobenzyl alcohol dan amylmetacresol adalah antiseptik yang bermanfaat untuk meredakan sakit tenggorokan dan meredakan keluhan akibat luka atau peradangan di mulut.</p><p>Komposisi: Tiap tablet hisap mengandung 2,4-Dichlorobenzyl Alcohol 1.2 mg, Amylmetacresol 0.6 mg, Vitamin C (Ascorbic Acid/Sodium Ascorbate) 100 mg</p><p>Golongan Obat: KUASI</p><p>Bentuk Sediaan: TABLET</p><p>NIE:QI174509461</p><p>Exp Date:02/2028</p>",Inofarma,,"","Kebutuhan Keluarga, mqty:0",true,Title,Default Title,,,,,,,,ID120060-2,289.0,shopify,deny,manual,245500.00,,true,true,,,,,,https://cdn.shopify.com/s/files/1/0957/0002/5634/files/ID120060-2_09092025_e33c8ffd-4c75-4088-829c-85c52b7eafd3.jpg?v=1760337131,1,Strepsils Menthol And Vanila Favour Extra Strong Sensation With Double Active Agents Tablet Hisap,false,Strepsils Menthol And Vanila Favour Extra Strong Sensation With Double Active Agents Tablet Hisap,"STREPSILS MENTHOL AND VANILA FAVOUR EXTRA STRONG SENSATION WITH DOUBLE ACTIVE AGENTS Reckitt Benckiser TABLET HISAP adalah permen yang mengandung 1,2 mg dichlorobenzyl alcohol dan 600 mcg amylmetacresol. Dichlorobenzyl alcohol dan amylmetacresol adalah antiseptik yang bermanfaat untuk meredakan sakit tenggorokan dan meredakan keluhan akibat luka atau peradangan di mulut.",,,,,,,,,g,,,active
golden-throat-lozenges-1,Golden Throat Lozenges,"<p>Dus, 1 Sachet @ 12 Tablet Hisap</p><p>Deskripsi: GOLDEN THROAT LOZENGES Saras Subur adalah obat herbal yang mengandung Oleum Anisi Stellati, Lonicerae Flos, Momordicae Fructus, Citri Rubrum Exocarpium, Oleum Eucalypti, Herba Menthae,Canarii Fructus, Cane Sugar. Obat herbal digunakan untuk membantu meredakan panas dalam dan tenggorokan kering.</p><p>Komposisi: CANARIUM ALBUM FRUCTUS, CANE SUGAR, CITRI RUBRUM EXOCARPIUM, LONICERA JAPONICA FLOS, MENTHA HAPLOCALYCIS HERBA, MOMORDICA GROSVENORI FRUCTUS, OLEUM ANISI STELATI, OLEUM EUCALYPTI,</p><p>Golongan Obat: OBAT TRADISIONAL</p><p>Bentuk Sediaan: TABLET</p><p>NIE:TI164550761</p><p>Exp Date:12/2027</p>",Inofarma,,"","Kebutuhan Keluarga, mqty:0",true,Title,Default Title,,,,,,,,ID107866-1,42.0,shopify,deny,manual,23600.00,,true,true,,,,,,https://cdn.shopify.com/s/files/1/0957/0002/5634/files/ID107866-1_25082025_316e3187-0ff0-4e14-9129-9f0f3e8495c3.jpg?v=1760337131,1,Golden Throat Lozenges ,false,Golden Throat Lozenges ,"GOLDEN THROAT LOZENGES Saras Subur adalah obat herbal yang mengandung Oleum Anisi Stellati, Lonicerae Flos, Momordicae Fructus, Citri Rubrum Exocarpium, Oleum Eucalypti, Herba Menthae,Canarii Fructus, Cane Sugar. Obat herbal digunakan untuk membantu meredakan panas dalam dan tenggorokan kering.",,,,,,,,,g,,,active
lanturol-200-kapsul,Lanturol 200 Kapsul,"<p>Dus, 10 Strip @ 10 Kapsul Lunak</p><p>Deskripsi: LANTUROL 200 Pertiwi Agung KAPSUL adalah suplemen yang mengandung D-alpha-tocopherol yang diindikasikan untuk terapi pendukung pada penyakit kardiovaskuler dan rasa lesu</p><p>Komposisi: D-Alpha-Tocopherol 200 IU</p><p>Golongan Obat: SUPLEMEN</p><p>Bentuk Sediaan: KAPSUL</p><p>NIE:SD012300411</p><p>Exp Date:01/2029</p>",Inofarma,,"","mqty:0, Vitamin & Suplemen",true,Title,Default Title,,,,,,,,ID111252-1,121.0,shopify,deny,manual,445700.00,,true,true,,,,,,https://cdn.shopify.com/s/files/1/0957/0002/5634/files/ID111252-1_26082025_3062485c-8eee-4eff-899e-85ea8185e523.jpg?v=1760337130,1,Lanturol 200 Kapsul,false,Lanturol 200 Kapsul,LANTUROL 200 Pertiwi Agung KAPSUL adalah suplemen yang mengandung D-alpha-tocopherol yang diindikasikan untuk terapi pendukung pada penyakit kardiovaskuler dan rasa lesu,,,,,,,,,g,,,active
lancolin-500-tablet,Lancolin 500 Tablet,"<p>Dus, 3 Strip @ 10 Tablet</p><p>Deskripsi: LANCOLIN 500 Pertiwi Agung TABLET adalah obat yang mengandung citicoline sodium yang diindikasikan untuk mengatasi kondisi kehilangan kesadaran karena trauma otak dan operasi otak, percepatan rehabilitasi ekstremitas pada pasien hemiplegia apoplektik</p><p>Komposisi: Citicoline Na 500 mg</p><p>Golongan Obat: SUPLEMEN</p><p>Bentuk Sediaan: TABLET</p><p>NIE:SD061525581</p><p>Exp Date:02/2027</p>",Inofarma,,"","mqty:0, Vitamin & Suplemen",true,Title,Default Title,,,,,,,,ID111203-1,47.0,shopify,deny,manual,721200.00,,true,true,,,,,,https://cdn.shopify.com/s/files/1/0957/0002/5634/files/ID111203-1_26082025_e17bb9db-e1cf-40fb-bd0e-3c77de18b56d.jpg?v=1760337129,1,Lancolin 500 Tablet,false,Lancolin 500 Tablet,"LANCOLIN 500 Pertiwi Agung TABLET adalah obat yang mengandung citicoline sodium yang diindikasikan untuk mengatasi kondisi kehilangan kesadaran karena trauma otak dan operasi otak, percepatan rehabilitasi ekstremitas pada pasien hemiplegia apoplektik",,,,,,,,,g,,,active
lancar-asi-kaplet,Lancar Asi Kaplet,"<p>Dus, 5 Strip @ 6 Kaplet</p><p>Deskripsi: LANCAR ASI Mecosin KAPLET adalah obat herbal yang mengandung ekstrak Sauropi Folium yang diindikasikan untuk membantu melancarkan ASI</p><p>Komposisi: Ekstrak Sauropi Folium 200 mg</p><p>Golongan Obat: OBAT TRADISIONAL</p><p>Bentuk Sediaan: KAPLET</p><p>NIE:TR202559671</p><p>Exp Date:06/2030</p>",Inofarma,,"","mqty:0, Obat Tradisional",true,Title,Default Title,,,,,,,,ID111181-1,52.0,shopify,deny,manual,66200.00,,true,true,,,,,,https://cdn.shopify.com/s/files/1/0957/0002/5634/files/ID111181-1_26082025_035f6703-0984-4a12-9b3c-26933bcbf820.jpg?v=1760337128,1,Lancar Asi Kaplet,false,Lancar Asi Kaplet,LANCAR ASI Mecosin KAPLET adalah obat herbal yang mengandung ekstrak Sauropi Folium yang diindikasikan untuk membantu melancarkan ASI</p>,,,,,,,,,g,,,active
lanaginkola-kapsul,Lanaginkola Kapsul,"<p>Dus, 5 Strip @ 10 Kapsul</p><p>Deskripsi: LANAGINKOLA Pertiwi Agung KAPSUL adalah obat yang mengandung ekstrak ginkgo biloba yang diindikasikan untuk membantu memperlancar sirkulasi darah</p><p>Komposisi: Ekstrak kering ginkgo-Biloba terstandardisasi 48% sebagai ginkgo-Biloba Phytosome yang mengandung ginkgo Flavonglycosides 9.6 mg, Terpenolactones (ginkgolides A, B, C dan bilobalides) 2.4 mg</p><p>Golongan Obat: OBAT TRADISIONAL</p><p>Bentuk Sediaan: KAPSUL</p><p>NIE:TR162396771</p><p>Exp Date:12/2026</p>",Inofarma,,"","mqty:0, Vitamin & Suplemen",true,Title,Default Title,,,,,,,,ID111169-1,52.0,shopify,deny,manual,607300.00,,true,true,,,,,,https://cdn.shopify.com/s/files/1/0957/0002/5634/files/ID111169-1_26082025_6817f476-797b-4f20-bd28-d7b055cabc78.jpg?v=1760337127,1,Lanaginkola Kapsul,false,Lanaginkola Kapsul,LANAGINKOLA Pertiwi Agung KAPSUL adalah obat yang mengandung ekstrak ginkgo biloba yang diindikasikan untuk membantu memperlancar sirkulasi darah,,,,,,,,,g,,,active
lactamor-kaplet,Lactamor Kaplet,"<p>Dus, 6 Strip @ 10 Kaplet Salut Selaput</p><p>Deskripsi: LACTAMOR Kalbe KAPLET adalah obat yang mengandung ekstrak biji Fenugreek (Trigonella foenum graecum), ekstrak biji daun katuk (Sauropus androgynus), vitamin B12 yang diindikasika untuk membantu melancarkan Air Susu Ibu (ASI)</p><p>Komposisi: Ekstrak biji fenugreek (Trigonella foenum graecum) 600 mg, ekstrak biji daun katuk (Sauropus androgynus) 100 mg, vitamin B12 20 mcg</p><p>Golongan Obat: SUPLEMEN</p><p>Bentuk Sediaan: KAPLET</p><p>NIE:SD111541931</p><p>Exp Date:04/2027</p>",Inofarma,,"","mqty:0, Vitamin & Suplemen",true,Title,Default Title,,,,,,,,ID111095-1,42.0,shopify,deny,manual,225000.00,,true,true,,,,,,https://cdn.shopify.com/s/files/1/0957/0002/5634/files/ID111095-1_26082025_0d2662e3-5235-49a9-9b95-c6dc63b1e393.jpg?v=1760337126,1,Lactamor Kaplet,false,Lactamor Kaplet,"LACTAMOR Kalbe KAPLET adalah obat yang mengandung ekstrak biji Fenugreek (Trigonella foenum graecum), ekstrak biji daun katuk (Sauropus androgynus), vitamin B12 yang diindikasika untuk membantu melancarkan Air Susu Ibu (ASI)",,,,,,,,,g,,,active
lactamam-kaplet,Lactamam Kaplet,"<p>Dus, 10 Strip @ 6 Kaplet Salut Selaput</p><p>Deskripsi: LACTAMAM Novell KAPLET adalah suplemen yang mengandung ekstrak biji klabet, ekstrak daun katuk. yang diindikasikan untuk membantu produksi dan pengeluaran ASI.</p><p>Komposisi: Trigonella Foenum-graecum seed extr. 600 mg, Sauropus Androgynus extr. 100 mg</p><p>Golongan Obat: SUPLEMEN</p><p>Bentuk Sediaan: KAPLET</p><p>NIE:SD081535791</p><p>Exp Date:03/2027</p>",Inofarma,,"","mqty:0, Vitamin & Suplemen",true,Title,Default Title,,,,,,,,ID111093-1,121.0,shopify,deny,manual,261200.00,,true,true,,,,,,https://cdn.shopify.com/s/files/1/0957/0002/5634/files/ID111093-1_26082025_4b887d53-cc81-4c5b-b843-ffc8fdc72590.jpg?v=1760337126,1,Lactamam Kaplet,false,Lactamam Kaplet,"LACTAMAM Novell KAPLET adalah suplemen yang mengandung ekstrak biji klabet, ekstrak daun katuk. yang diindikasikan untuk membantu produksi dan pengeluaran ASI.</p>",,,,,,,,,g,,,active
kuldon-panas-dalam-dan-sariawan-tablet,Kuldon Panas Dalam Dan Sariawan Tablet,"<p>Dus, 10 Bungkus @ 4 Tablet</p><p>Deskripsi: KULDON PANAS DALAM &amp; SARIAWAN Deltomed TABLET adalah obat tradisional yang mengandung abri folium, gracularia sp, vlumeae folium, centellae herba, thymi herba, curcumae rhizoma, licorice, chrysanthemi flos, imperatae rhizoma yang berkhasiat sebagai membantu meredakan sariawan, sakit tenggorokan, panas dalam dan membantu melancarkan buang air besar</p><p>Komposisi: abri folium 420mg, thymi herba 280mg, licorice 280mg, chrysanthemi flos 280mg, imperatae rhizoma 208mg</p><p>Golongan Obat: OBAT TRADISIONAL</p><p>Bentuk Sediaan: TABLET</p><p>NIE:TR132570801</p><p>Exp Date:02/2028</p>",Inofarma,,"","mqty:0, Obat Tradisional",true,Title,Default Title,,,,,,,,ID110968-1,58.0,shopify,deny,manual,36400.00,,true,true,,,,,,https://cdn.shopify.com/s/files/1/0957/0002/5634/files/ID110968-1_26082025_54c991b6-68f1-4f92-93d9-cdd30e18ccac.jpg?v=1760337125,1,Kuldon Panas Dalam Dan Sariawan Tablet,false,Kuldon Panas Dalam Dan Sariawan Tablet,"KULDON PANAS DALAM & SARIAWAN Deltomed TABLET adalah obat tradisional yang mengandung abri folium, gracularia sp, vlumeae folium, centellae herba, thymi herba, curcumae rhizoma, licorice, chrysanthemi flos, imperatae rhizoma yang berkhasiat sebagai membantu meredakan sariawan, sakit tenggorokan, panas dalam dan membantu melancarkan buang air besar",,,,,,,,,g,,,active
koyo-cabe,Koyo Cabe,"<p>Dus, @ 20 Sachet</p><p>Deskripsi: KOYO CABE Indosar adalah plester cabe berpori yang mengandung Capsicum extract yang diindikasikan untuk membantu meredakan gejala sakit pinggang dan otot</p><p>Komposisi: Capsicum oleoresin 0.37 mg</p><p>Golongan Obat: KUASI</p><p>Bentuk Sediaan: LEMBAR</p><p>NIE:QD171815061</p><p>Exp Date:05/2029</p>",Inofarma,,"","mqty:0, Perawatan Tubuh",true,Title,Default Title,,,,,,,,ID110861-2,226.0,shopify,deny,manual,282300.00,,true,true,,,,,,https://cdn.shopify.com/s/files/1/0957/0002/5634/files/ID110861-2_26082025_3c142097-ca65-4980-a018-79553427888e.jpg?v=1760337124,1,Koyo Cabe ,false,Koyo Cabe ,KOYO CABE Indosar adalah plester cabe berpori yang mengandung Capsicum extract yang diindikasikan untuk membantu meredakan gejala sakit pinggang dan otot,,,,,,,,,g,,,active
konilife-imunea-kapsul,Konilife Imunea Kapsul,"<p>Dus, Botol Plastik @ 30 Kapsul</p><p>Deskripsi: KONILIFE IMUNEA Konimex KAPSUL adalah suplemen yang mengandung Morinda citrifolia fructus extract 130 mg, Echinaceae purpurea Radix estract 100 mg, Zinc Gluconate 70 mg dan diindikasikan untuk memelihara daya tahan tubuh</p><p>Komposisi: Tiap Kapsul mengandung Morinda citrifolia fructus extract 130 mg, Echinaceae purpurea Radix estract 100 mg, Zinc Gluconate 70 mg (setara dengan Zinc 10 mg)</p><p>Golongan Obat: SUPLEMEN</p><p>Bentuk Sediaan: KAPSUL</p><p>NIE:SD202399621</p><p>Exp Date:03/2027</p>",Inofarma,,"","mqty:0, Vitamin & Suplemen",true,Title,Default Title,,,,,,,,ID110828-1,52.0,shopify,deny,manual,112300.00,,true,true,,,,,,https://cdn.shopify.com/s/files/1/0957/0002/5634/files/ID110828-1_26082025_08549b4a-5f11-4c0e-8099-2bdb82b73f70.jpg?v=1760337123,1,Konilife Imunea Kapsul,false,Konilife Imunea Kapsul,"KONILIFE IMUNEA Konimex KAPSUL adalah suplemen yang mengandung Morinda citrifolia fructus extract 130 mg, Echinaceae purpurea Radix estract 100 mg, Zinc Gluconate 70 mg dan diindikasikan untuk memelihara daya tahan tubuh",,,,,,,,,g,,,active
interkrill-kapsul,Interkrill Kapsul,"<p>Dus, 3 Blister @ 10 Kapsul</p><p>Deskripsi: INTERKRILL Interbat KAPSUL adalah suplemen yang mengandung Kril Oil yang diindikasikan untuk memelihara kesehatan jantung dan mengatasi peradangan pada sendi.</p><p>Komposisi: Kril Oil</p><p>Golongan Obat: SUPLEMEN</p><p>Bentuk Sediaan: KAPSUL</p><p>NIE:SI154306351</p><p>Exp Date:10/2026</p>",Inofarma,,"","mqty:0, Vitamin & Suplemen",true,Title,Default Title,,,,,,,,ID109446-1,52.0,shopify,deny,manual,466300.00,,true,true,,,,,,https://cdn.shopify.com/s/files/1/0957/0002/5634/files/ID109446-1_26082025_45b386b4-6844-404c-92c0-9e3c32acbec7.png?v=1760337122,1,Interkrill Kapsul,false,Interkrill Kapsul,INTERKRILL Interbat KAPSUL adalah suplemen yang mengandung Kril Oil yang diindikasikan untuk memelihara kesehatan jantung dan mengatasi peradangan pada sendi.</p>,,,,,,,,,g,,,active
inlacta-dha-kapsul,Inlacta Dha Kapsul,"<p>Dus, 3 Blister @ 10 Kapsul</p><p>Deskripsi: INLACTA DHA Interbat KAPSUL adalah suplemen yang mengandung Fish oil 10/50 (EPA/DHA), Vitamin E yang diindikasikan untuk suplementasi pada kehamilan dan menyusui</p><p>Komposisi: Fish oil 10/50 (EPA/DHA), Vitamin E</p><p>Golongan Obat: SUPLEMEN</p><p>Bentuk Sediaan: KAPSUL</p><p>NIE:SI174308321</p><p>Exp Date:10/2027</p>",Inofarma,,"","mqty:0, Vitamin & Suplemen",true,Title,Default Title,,,,,,,,ID109375-1,47.0,shopify,deny,manual,346000.00,,true,true,,,,,,https://cdn.shopify.com/s/files/1/0957/0002/5634/files/ID109375-1_26082025_892e3f3d-a307-4430-9c13-7164c60ade11.png?v=1760337121,1,Inlacta Dha Kapsul,false,Inlacta Dha Kapsul,"INLACTA DHA Interbat KAPSUL adalah suplemen yang mengandung Fish oil 10/50 (EPA/DHA), Vitamin E yang diindikasikan untuk suplementasi pada kehamilan dan menyusui",,,,,,,,,g,,,active
inlacin-50-kapsul,Inlacin 50 Kapsul,"<p>Dus, 5 Strip @ 6 Kapsul</p><p>Deskripsi: INLACIN 50 Dexa Medica KAPSUL adalah suplemen yang mengandung Bioactive fraction DLBS3233, Lagerstroemia speciosa extr, Cinnamomum burmannii extr yang berkhasiat untuk menurunkan kadar glukosa darah</p><p>Komposisi: Lagestroemiaspeciosa dan Cinnamomun burmanii 50 mg</p><p>Golongan Obat: FITOFARMAKA</p><p>Bentuk Sediaan: KAPSUL</p><p>NIE:FF152300611</p><p>Exp Date:09/2027</p>",Inofarma,,"","mqty:0, Vitamin & Suplemen",true,Title,Default Title,,,,,,,,ID109374-1,31.0,shopify,deny,manual,176400.00,,true,true,,,,,,https://cdn.shopify.com/s/files/1/0957/0002/5634/files/ID109374-1_26082025_70eddf6c-f2d8-43da-a919-283f2cb58cdd.png?v=1760337120,1,Inlacin 50 Kapsul,false,Inlacin 50 Kapsul,"INLACIN 50 Dexa Medica KAPSUL adalah suplemen yang mengandung Bioactive fraction DLBS3233, Lagerstroemia speciosa extr, Cinnamomum burmannii extr yang berkhasiat untuk menurunkan kadar glukosa darah",,,,,,,,,g,,,active
inlacin-100-kapsul,Inlacin 100 Kapsul,"<p>Dus, 5 Strip @ 6 Kapsul</p><p>Deskripsi: INLACIN 100 Dexa Medica KAPSUL adalah suplemen yang mengandung Bioactive fraction DLBS3233, Lagerstroemia speciosa extr, Cinnamomum burmannii extr yang berkhasiat untuk menurunkan kadar glukosa darah</p><p>Komposisi: Lagestroemiaspeciosa dan Cinnamomun burmanii 100 mg</p><p>Golongan Obat: FITOFARMAKA</p><p>Bentuk Sediaan: KAPSUL</p><p>NIE:FF152300621</p><p>Exp Date:02/2028</p>",Inofarma,,"","mqty:0, Vitamin & Suplemen",true,Title,Default Title,,,,,,,,ID109373-1,42.0,shopify,deny,manual,219900.00,,true,true,,,,,,https://cdn.shopify.com/s/files/1/0957/0002/5634/files/ID109373-1_260825_19cc9f62-993e-4a0c-ab3e-c748534fb60b.png?v=1760337120,1,Inlacin 100 Kapsul,false,Inlacin 100 Kapsul,"INLACIN 100 Dexa Medica KAPSUL adalah suplemen yang mengandung Bioactive fraction DLBS3233, Lagerstroemia speciosa extr, Cinnamomum burmannii extr yang berkhasiat untuk menurunkan kadar glukosa darah",,,,,,,,,g,,,active
incelin-tablet,Incelin Tablet,"<p>Dus, 3 Strip @ 10 Tablet</p><p>Deskripsi: INCELIN Interbat TABLET adalah suplemen yang mengandung citicoline yang diindikasikan untuk mengurangi fungsi kondisi kehilangan kesadaran karena trauma otak dan operasi otak, percepatan rehabilitasi ekstremitas pada pasien hemiplegia apoplektik</p><p>Komposisi: Citicoline 500 mg</p><p>Golongan Obat: SUPLEMEN</p><p>Bentuk Sediaan: TABLET</p><p>NIE:SD071532931</p><p>Exp Date:09/2026</p>",Inofarma,,"","mqty:0, Vitamin & Suplemen",true,Title,Default Title,,,,,,,,ID109283-1,52.0,shopify,deny,manual,956500.00,,true,true,,,,,,https://cdn.shopify.com/s/files/1/0957/0002/5634/files/ID109283-1_26082025_95a5e83f-809f-46fc-b4dc-7e970b2f794e.png?v=1760337119,1,Incelin Tablet,false,Incelin Tablet,"INCELIN Interbat TABLET adalah suplemen yang mengandung citicoline yang diindikasikan untuk mengurangi fungsi kondisi kehilangan kesadaran karena trauma otak dan operasi otak, percepatan rehabilitasi ekstremitas pada pasien hemiplegia apoplektik",,,,,,,,,g,,,active
inbion-kapsul,Inbion Kapsul,"<p>Dus, 10 Strip @ 10 Kapsul</p><p>Deskripsi: INBION Interbat KAPSUL adalah suplemen yang mengandung copper sulfate, ferrous gluconate, folic acid, manganese sulfate, sorbitol, vitamin b12, vitamin c yang diindikasikan untuk anemia karena defisiensi Fe, selama pertumbuhan, kehamilan, menyusui, malnutrisi &amp; lain-lain</p><p>Komposisi: Fe gluconate 250 mg, Manganese sulfate 200 mcg, Copper sulfate 200 mcg, vit.C 50 mg, Folic Acid 1 mg, vit.B12 dengan faktor intrinsik 7.5 mcg, Sorbitol 25 mg</p><p>Golongan Obat: SUPLEMEN</p><p>Bentuk Sediaan: KAPSUL</p><p>NIE:SD191354371</p><p>Exp Date:03/2027</p>",Inofarma,,"","mqty:0, Vitamin & Suplemen",true,Title,Default Title,,,,,,,,ID109281-1,121.0,shopify,deny,manual,473100.00,,true,true,,,,,,https://cdn.shopify.com/s/files/1/0957/0002/5634/files/ID109281-1_26082025_d70ca7fb-81d3-4adc-9047-bca5528da507.png?v=1760337118,1,Inbion Kapsul,false,Inbion Kapsul,"INBION Interbat KAPSUL adalah suplemen yang mengandung copper sulfate, ferrous gluconate, folic acid, manganese sulfate, sorbitol, vitamin b12, vitamin c yang diindikasikan untuk anemia karena defisiensi Fe, selama pertumbuhan, kehamilan, menyusui, malnutrisi &amp; lain-lain",,,,,,,,,g,,,active
imunos-plus-kaplet,Imunos Plus Kaplet,"<p>Dus, 5 Strip @ 4 Kaplet Salut Selaput</p><p>Deskripsi: IMUNOS PLUS Lapi KAPLET adalah suplemen yang mengandung Echinacea purpurea extr 500 mg, beta -1,3/1,6 glucan 175 mg, Zn picolinate 10 mg, selenium 15 mcg, Na ascorbate 50 mg. yang diindikasikan untuk mengatasi membantu memelihara kesehatan tubuh</p><p>Komposisi: Echinacea purpurea extr 500 mg, beta -1,3/1,6 glucan 175 mg, Zn picolinate 10 mg, selenium 15 mcg, Na ascorbate 50 mg.</p><p>Golongan Obat: SUPLEMEN</p><p>Bentuk Sediaan: KAPLET</p><p>NIE:SD121542741</p><p>Exp Date:02/2027</p>",Inofarma,,"","mqty:0, Vitamin & Suplemen",true,Title,Default Title,,,,,,,,ID109254-1,52.0,shopify,deny,manual,348300.00,,true,true,,,,,,https://cdn.shopify.com/s/files/1/0957/0002/5634/files/ID109254-1_26082025_42706d19-8545-4d0c-b056-79f218954263.png?v=1760337117,1,Imunos Plus Kaplet,false,Imunos Plus Kaplet,"IMUNOS PLUS Lapi KAPLET adalah suplemen yang mengandung Echinacea purpurea extr 500 mg, beta -1,3/1,6 glucan 175 mg, Zn picolinate 10 mg, selenium 15 mcg, Na ascorbate 50 mg. yang diindikasikan untuk mengatasi membantu memelihara kesehatan tubuh",,,,,,,,,g,,,active
immu-cea-kaplet,Immu-Cea Kaplet,"<p>Dus, 5 Strip @ 6 Kaplet Salut Selaput</p><p>Deskripsi: IMMU-CEA Interbat KAPLET adalah suplemen yang mengandung Echinacea, Vitamin C, Zinc picolinate yang diindikasikan untuk infeksi akut, kronik atau rekuren terutama infeksi saluran pernapasan</p><p>Komposisi: Extr. Echinacea Purpurea 500 mg, vit.C 100 mg, Zn picolinate 10 mg</p><p>Golongan Obat: SUPLEMEN</p><p>Bentuk Sediaan: KAPLET</p><p>NIE:SD031507671</p><p>Exp Date:11/2026</p>",Inofarma,,"","mqty:0, Vitamin & Suplemen",true,Title,Default Title,,,,,,,,ID109211-1,84.0,shopify,deny,manual,448200.00,,true,true,,,,,,https://cdn.shopify.com/s/files/1/0957/0002/5634/files/ID109211-1_26082025_6e273cd5-d8bf-48a9-8855-b48bcb7ef4fe.png?v=1760337116,1,Immu-Cea Kaplet,false,Immu-Cea Kaplet,"IMMU-CEA Interbat KAPLET adalah suplemen yang mengandung Echinacea, Vitamin C, Zinc picolinate yang diindikasikan untuk infeksi akut, kronik atau rekuren terutama infeksi saluran pernapasan",,,,,,,,,g,,,active
imboost-tablet,Imboost Tablet,"<p>Dus, 5 Amplop @ 1 Strip @ 4 Tablet Salut Selaput</p><p>Deskripsi: IMBOOST Soho TABLET adalah suplement yang mengandung Echinacea purpurea herb dry extract, Zn picolinate yang berkhasiat untuk memelihara daya tahan tubuh</p><p>Komposisi: Tiap tablet salut selaput mengandung: Echinacea Purpurea extract 250 mg, Zinc Picolinate 10 mg</p><p>Golongan Obat: SUPLEMEN</p><p>Bentuk Sediaan: TABLET</p><p>NIE:SD071531991</p><p>Exp Date:02/2028</p>",Inofarma,,"","mqty:0, Vitamin & Suplemen",true,Title,Default Title,,,,,,,,ID109201-4,42.0,shopify,deny,manual,99600.00,,true,true,,,,,,https://cdn.shopify.com/s/files/1/0957/0002/5634/files/ID109201-4_26082025_9c9c3496-88a5-4615-b94d-2bf65f5a3312.png?v=1760337116,1,Imboost Tablet,false,Imboost Tablet,"IMBOOST Soho TABLET adalah suplement yang mengandung Echinacea purpurea herb dry extract, Zn picolinate yang berkhasiat untuk memelihara daya tahan tubuh",,,,,,,,,g,,,active
imboost-force-kaplet,Imboost Force Kaplet,"<p>Dus, 3 Strip @ 10 Kaplet Salut Selaput</p><p>Deskripsi: IMBOOST FORCE Soho KAPLET adalah suplement yang mengandung Echinacea purpurea herb dry extract, black elderberry fruit dry extract, Zn picolinate yang berkhasiat untuk memelihara daya tahan tubuh</p><p>Komposisi: Echinacea Purpurea extract 250 mg, Black Elderberry extract 400 mg, Zn Picolinate 10 mg</p><p>Golongan Obat: SUPLEMEN</p><p>Bentuk Sediaan: KAPLET</p><p>NIE:SD021503871</p><p>Exp Date:03/2028</p>",Inofarma,,"","mqty:0, Vitamin & Suplemen",true,Title,Default Title,,,,,,,,ID109199-1,68.0,shopify,deny,manual,260200.00,,true,true,,,,,,https://cdn.shopify.com/s/files/1/0957/0002/5634/files/ID109199-1_26082025_5f4dc622-f6cf-458d-aed7-16fd07809cc6.png?v=1760337114,1,Imboost Force Kaplet,false,Imboost Force Kaplet,"IMBOOST FORCE Soho KAPLET adalah suplement yang mengandung Echinacea purpurea herb dry extract, black elderberry fruit dry extract, Zn picolinate yang berkhasiat untuk memelihara daya tahan tubuh",,,,,,,,,g,,,active
imboost-force-es-kaplet,Imboost Force Es Kaplet,"<p>Dus, 3 Strip @ 10 Kaplet Salut Selaput</p><p>Deskripsi: IMBOOST FORCE ES Soho KAPLET adalah suplement yang mengandung Echinacea purpurea herb dry extract, black elderberry fruit dry extract, Zn picolinate yang berkhasiat untuk mengindari maslah munculnya resistensi antimikroba dengan cepat, mengurangi rekurensi infeksi saluran nafas pada anak, sebagai penunjang yang efisien, aman dan cost effective terhadap pengobatan influenza</p><p>Komposisi: Echinacea Purpurea herb dry extract 1000 mg, Black Elderberry fruit dry extract 400 mg, Zn Piccolinate 10 mg</p><p>Golongan Obat: SUPLEMEN</p><p>Bentuk Sediaan: KAPLET</p><p>NIE:SD162548161</p><p>Exp Date:03/2027</p>",Inofarma,,"","mqty:0, Vitamin & Suplemen",true,Title,Default Title,,,,,,,,ID109198-1,89.0,shopify,deny,manual,341500.00,,true,true,,,,,,https://cdn.shopify.com/s/files/1/0957/0002/5634/files/ID109198-1_26082025_ab73fb0b-1144-4c44-beed-7479d95e743b.png?v=1760337115,1,Imboost Force Es Kaplet,false,Imboost Force Es Kaplet,"IMBOOST FORCE ES Soho KAPLET adalah suplement yang mengandung Echinacea purpurea herb dry extract, black elderberry fruit dry extract, Zn picolinate yang berkhasiat untuk mengindari maslah munculnya resistensi antimikroba dengan cepat, mengurangi rekurensi infeksi saluran nafas pada anak, sebagai penunjang yang efisien, aman dan cost effective terhadap pengobatan influenza",,,,,,,,,g,,,active
hytofar-kapsul,Hytofar Kapsul,"<p>Dus, 3 Blister @ 10 Kapsul</p><p>Deskripsi: HYTOFAR Pratapa Nirmala KAPSUL adalah obat tradisional yang mengandung olea europaea fructus extract yang berkhasiat untuk membantu mengurangi lemak darah</p><p>Komposisi: Olea Europaea Fructus Extract,</p><p>Golongan Obat: OBAT TRADISIONAL</p><p>Bentuk Sediaan: KAPSUL</p><p>NIE:TR172398971</p><p>Exp Date:12/1899</p>",Inofarma,,"","mqty:0, Vitamin & Suplemen",true,Title,Default Title,,,,,,,,ID109080-1,26.0,shopify,deny,manual,435300.00,,true,true,,,,,,https://cdn.shopify.com/s/files/1/0957/0002/5634/files/ID109080-1_26082025_bc33e97e-6f8f-4626-b701-0b0a512c83aa.png?v=1760337113,1,Hytofar Kapsul,false,Hytofar Kapsul,HYTOFAR Pratapa Nirmala KAPSUL adalah obat tradisional yang mengandung olea europaea fructus extract yang berkhasiat untuk membantu mengurangi lemak darah,,,,,,,,,g,,,active
hyric-kapsul,Hyric Kapsul,"<p>Dus, Botol @ 50 Kapsul</p><p>Deskripsi: HYRIC Interbat KAPSUL adalah suplemen yang mengandung Ekstrak Polynthae folium, Physalis angulata herba, Sonchus folium, Plantago major yang berguna untuk serangan arthiritis gout akut, dan menurunkan kadar asam urat di dalam tubuh</p><p>Komposisi: Eugeniae Polyanthae Folium 24.4 %, Physalis Angulata Herba 24.4%, Sonchus Arvensis Folium 12.2%, Plantago Major Folium 12.2%</p><p>Golongan Obat: OBAT TRADISIONAL</p><p>Bentuk Sediaan: KAPSUL</p><p>NIE:TR142381791</p><p>Exp Date:01/2027</p>",Inofarma,,"","mqty:0, Vitamin & Suplemen",true,Title,Default Title,,,,,,,,ID109075-1,89.0,shopify,deny,manual,624900.00,,true,true,,,,,,https://cdn.shopify.com/s/files/1/0957/0002/5634/files/ID109075-1_26082025_ca36922a-1c5b-4f2c-bbb5-fc2f7cc98fd8.png?v=1760337113,1,Hyric Kapsul,false,Hyric Kapsul,"HYRIC Interbat KAPSUL adalah suplemen yang mengandung Ekstrak Polynthae folium, Physalis angulata herba, Sonchus folium, Plantago major yang berguna untuk serangan arthiritis gout akut, dan menurunkan kadar asam urat di dalam tubuh",,,,,,,,,g,,,active
good-life-biocal-95-kaplet,Good Life Biocal-95 Kaplet,"<p>Dus, 5 Strip @ 6 Kaplet Salut Selaput</p><p>Deskripsi: GOOD LIFE BIOCAL95 Simex KAPLET adalah suplemen yang mengandung Coral calcium, Natural soy isoflavon, vitamin D3, Vitamin K1, Magnesium, Zinc, Booron yang diindikasikan untuk Memelihara kesehatan tulang.</p><p>Komposisi: Coral Ca 500 mg, natural soy isoflavone 20 mg, vitamin D3 200 iu, vitamin K1 200 mcg, Mg 100 mg, Zn 5 mg, boron 1 mg</p><p>Golongan Obat: SUPLEMEN</p><p>Bentuk Sediaan: KAPLET</p><p>NIE:SD091536151</p><p>Exp Date:01/2027</p>",Inofarma,,"","mqty:0, Vitamin & Suplemen",true,Title,Default Title,,,,,,,,ID107889-1,131.0,shopify,deny,manual,257700.00,,true,true,,,,,,https://cdn.shopify.com/s/files/1/0957/0002/5634/files/ID107889-1_25082025_cff5482f-de66-4926-886c-b8950e43a197.jpg?v=1760337112,1,Good Life Biocal-95 Kaplet,false,Good Life Biocal-95 Kaplet,"GOOD LIFE BIOCAL95 Simex KAPLET adalah suplemen yang mengandung Coral calcium, Natural soy isoflavon, vitamin D3, Vitamin K1, Magnesium, Zinc, Booron yang diindikasikan untuk Memelihara kesehatan tulang.</p>",,,,,,,,,g,,,active
golden-throat-lozenges,Golden Throat Lozenges,"<p>Dus, 1 Sachet @ 12 Tablet Hisap</p><p>Deskripsi: GOLDEN THROAT LOZENGES Saras Subur adalah obat herbal yang mengandung Oleum Anisi Stellati, Lonicerae Flos, Momordicae Fructus, Citri Rubrum Exocarpium, Oleum Eucalypti, Herba Menthae,Canarii Fructus, Cane Sugar. Obat herbal digunakan untuk membantu meredakan panas dalam dan tenggorokan kering.</p><p>Komposisi: CANARIUM ALBUM FRUCTUS, CANE SUGAR, CITRI RUBRUM EXOCARPIUM, LONICERA JAPONICA FLOS, MENTHA HAPLOCALYCIS HERBA, MOMORDICA GROSVENORI FRUCTUS, OLEUM ANISI STELATI, OLEUM EUCALYPTI,</p><p>Golongan Obat: OBAT TRADISIONAL</p><p>Bentuk Sediaan: TABLET</p><p>NIE:TI164550761</p><p>Exp Date:12/2027</p>",Inofarma,,"","Kebutuhan Keluarga, mqty:0",true,Title,Default Title,,,,,,,,ID107866-1,42.0,shopify,deny,manual,23600.00,,true,true,,,,,,https://cdn.shopify.com/s/files/1/0957/0002/5634/files/ID107866-1_25082025_6e526844-1142-4b49-8990-db96ccd400e6.jpg?v=1760337110,1,Golden Throat Lozenges ,false,Golden Throat Lozenges ,"GOLDEN THROAT LOZENGES Saras Subur adalah obat herbal yang mengandung Oleum Anisi Stellati, Lonicerae Flos, Momordicae Fructus, Citri Rubrum Exocarpium, Oleum Eucalypti, Herba Menthae,Canarii Fructus, Cane Sugar. Obat herbal digunakan untuk membantu meredakan panas dalam dan tenggorokan kering.",,,,,,,,,g,,,active
glucosamine-mpl-500-mg-kaplet,Glucosamine Mpl 500 Mg Kaplet,"<p>Dus, 10 Blister @ 10 Kaplet Salut Selaput</p><p>Deskripsi: GLUCOSAMINE MPL 500 MG Medikon KAPLET adalah obat yang mengandung Glucosamine HCI yang diindikasikan untuk membantu memelihara fungsi sendi</p><p>Komposisi: Glucosamine HCI 500 mg</p><p>Golongan Obat: SUPLEMEN</p><p>Bentuk Sediaan: KAPLET</p><p>NIE:SD061527691</p><p>Exp Date:05/2030</p>",Inofarma,,"","mqty:0, Vitamin & Suplemen",true,Title,Default Title,,,,,,,,ID107564-1,121.0,shopify,deny,manual,217100.00,,true,true,,,,,,https://cdn.shopify.com/s/files/1/0957/0002/5634/files/ID107564-1_25082025_0226a5d7-38cb-4adf-8533-7fc3ab1f8543.jpg?v=1760337110,1,Glucosamine Mpl 500 Mg Kaplet,false,Glucosamine Mpl 500 Mg Kaplet,GLUCOSAMINE MPL 500 MG Medikon KAPLET adalah obat yang mengandung Glucosamine HCI yang diindikasikan untuk membantu memelihara fungsi sendi,,,,,,,,,g,,,active
glucosamine-tablet,Glucosamine Tablet,"<p>Dus, 10 Strip @ 10 Tablet Salut Selaput</p><p>Deskripsi: GLUCOSAMINE Hexpharm TABLET merupakan suplemen yang berfungsi untuk membantu memelihara kesehatan persendian dan mengurangi gejala osteoarthritis, seperti nyeri dan kaku pada sendi.</p><p>Komposisi: Glucosamine HCI 500 mg</p><p>Golongan Obat: SUPLEMEN</p><p>Bentuk Sediaan: TABLET</p><p>NIE:SD061528691</p><p>Exp Date:03/2027</p>",Inofarma,,"","mqty:0, Vitamin & Suplemen",true,Title,Default Title,,,,,,,,ID107563-1,100.0,shopify,deny,manual,107200.00,,true,true,,,,,,https://cdn.shopify.com/s/files/1/0957/0002/5634/files/ID107563-1_25082025_0c3e8ebf-8038-4454-8088-11224b230546.jpg?v=1760337109,1,Glucosamine Tablet,false,Glucosamine Tablet,"GLUCOSAMINE Hexpharm TABLET merupakan suplemen yang berfungsi untuk membantu memelihara kesehatan persendian dan mengurangi gejala osteoarthritis, seperti nyeri dan kaku pada sendi.</p>",,,,,,,,,g,,,active
glisodin-kapsul,Glisodin Kapsul,"<p>Dus, Botol Plastik @ 30 Kapsul</p><p>Deskripsi: GLISODIN Kalbe KAPSUL adalah obat yang mengandung serbuk glisodin setara dengan aktivitas sod 250iu (super oxide dismutase dengan ekstrak melon) yang diindikasika untuk antioksidan dan penunjang sistem kekebalan tubuh terhadap radikal bebas.</p><p>Komposisi: Serbuk Glisodin setara dengan aktivitas SOD 250 IU</p><p>Golongan Obat: SUPLEMEN</p><p>Bentuk Sediaan: KAPSUL</p><p>NIE:SD041316141</p><p>Exp Date:12/2026</p>",Inofarma,,"","mqty:0, Vitamin & Suplemen",true,Title,Default Title,,,,,,,,ID107520-1,58.0,shopify,deny,manual,359200.00,,true,true,,,,,,https://cdn.shopify.com/s/files/1/0957/0002/5634/files/ID107520-1_25082025_e489ee77-7256-4cbc-9c59-784ce11d0226.jpg?v=1760337108,1,Glisodin Kapsul,false,Glisodin Kapsul,GLISODIN Kalbe KAPSUL adalah obat yang mengandung serbuk glisodin setara dengan aktivitas sod 250iu (super oxide dismutase dengan ekstrak melon) yang diindikasika untuk antioksidan dan penunjang sistem kekebalan tubuh terhadap radikal bebas.,,,,,,,,,g,,,active
garlic-kapsul,Garlic Kapsul,"<p>Botol Plastik @ 30 Kapsul</p><p>Deskripsi: GARLIC Sido Muncul KAPSUL adalah jamu yang mengandung Ekstrak Alii sativi Bulbus dan berfungsi untuk mengurangi kadar lemak dalam tubuh.</p><p>Komposisi: Ekstrak Allium sativum 400 mg terstandarisasi 3,2% Alliin dan setara dengan 3.500 mg garlic segar berkualitas tinggi</p><p>Golongan Obat: OBAT TRADISIONAL</p><p>Bentuk Sediaan: KAPSUL</p><p>NIE:TR102314281</p><p>Exp Date:05/2028</p>",Inofarma,,"","mqty:0, Obat Tradisional",true,Title,Default Title,,,,,,,,ID107212-1,68.0,shopify,deny,manual,73900.00,,true,true,,,,,,https://cdn.shopify.com/s/files/1/0957/0002/5634/files/ID107212-1_25082025_1ac845c0-5ca3-4769-8619-91535e06b18d.jpg?v=1760337107,1,Garlic Kapsul,false,Garlic Kapsul,GARLIC Sido Muncul KAPSUL adalah jamu yang mengandung Ekstrak Alii sativi Bulbus dan berfungsi untuk mengurangi kadar lemak dalam tubuh.,,,,,,,,,g,,,active
galten-kaplet,Galten Kaplet,"<p>Dus, Botol Plastik @ 15 Kaplet Salut Selaput</p><p>Deskripsi: GALTEN Galenium KAPLET adalah suplemen yang mengandung Ubiquinone, L-carnitine, vit E yang diindikasikan untuk membantu memelihara kesehatan</p><p>Komposisi: Ubiquinone (coenzyme Q10) 30 mg, L-carnitine 500 mg, vit E 50 IU</p><p>Golongan Obat: SUPLEMEN</p><p>Bentuk Sediaan: KAPLET</p><p>NIE:SD081534581</p><p>Exp Date:12/1899</p>",Inofarma,,"","mqty:0, Vitamin & Suplemen",true,Title,Default Title,,,,,,,,ID107125-1,278.0,shopify,deny,manual,113000.00,,true,true,,,,,,https://cdn.shopify.com/s/files/1/0957/0002/5634/files/ID107125-1_25082025_e2a1c2d9-d0ef-4163-9b4f-ce9fa2d38b03.jpg?v=1760337106,1,Galten Kaplet,false,Galten Kaplet,"GALTEN Galenium KAPLET adalah suplemen yang mengandung Ubiquinone, L-carnitine, vit E yang diindikasikan untuk membantu memelihara kesehatan",,,,,,,,,g,,,active
fundamin-e-tablet,Fundamin E Tablet,"<p>Dus, 25 Strip @ 4 Tablet</p><p>Deskripsi: FUNDAMIN E Darya-varia TABLET adalah suplemen yang mengandung vitamin B1, viatmin B6, vitamin B12, vitamin E yang diindikasikan untuk memelihara kesehatan tubuh</p><p>Komposisi: Vit.B1 100 mg, vit.B6 50 mg, vit.B12 100 mcg, vit.E 30 IU</p><p>Golongan Obat: SUPLEMEN</p><p>Bentuk Sediaan: TABLET</p><p>NIE:SD171550961</p><p>Exp Date:12/2026</p>",Inofarma,,"","mqty:0, Vitamin & Suplemen",true,Title,Default Title,,,,,,,,ID106932-1,100.0,shopify,deny,manual,150400.00,,true,true,,,,,,https://cdn.shopify.com/s/files/1/0957/0002/5634/files/ID106932-1_25082025_12e69b8a-3129-4cac-b76d-89df4c5ca867.jpg?v=1760337105,1,Fundamin E Tablet,false,Fundamin E Tablet,"FUNDAMIN E Darya-varia TABLET adalah suplemen yang mengandung vitamin B1, viatmin B6, vitamin B12, vitamin E yang diindikasikan untuk memelihara kesehatan tubuh",,,,,,,,,g,,,active
fucoidan-100-kapsul,Fucoidan 100 Kapsul,"<p>Dus, 3 Strip @ 6 Kapsul</p><p>Deskripsi: FUCOIDAN 100 Soho KAPSUL adalah obat yang mengandung Fucoidan yang diindikasikan untuk memelihara kesehatan lambung</p><p>Komposisi: Fucoidan 100 mg</p><p>Golongan Obat: SUPLEMEN</p><p>Bentuk Sediaan: KAPSUL</p><p>NIE:SD071332271</p><p>Exp Date:08/2026</p>",Inofarma,,"","mqty:0, Vitamin & Suplemen",true,Title,Default Title,,,,,,,,ID106903-1,26.0,shopify,deny,manual,284900.00,,true,true,,,,,,https://cdn.shopify.com/s/files/1/0957/0002/5634/files/ID106903-1_25082025_6270cd9b-e292-467b-bb24-103acade9f4b.jpg?v=1760337104,1,Fucoidan 100 Kapsul,false,Fucoidan 100 Kapsul,FUCOIDAN 100 Soho KAPSUL adalah obat yang mengandung Fucoidan yang diindikasikan untuk memelihara kesehatan lambung,,,,,,,,,g,,,active
fucohelix-100-kapsul,Fucohelix 100 Kapsul,"<p>Dus, 2 Strip @ 10 Kapsul</p><p>Deskripsi: FUCOHELIX 100 Kalbe KAPSUL adalah obat yang mengandung Fucoidan yang diindikasikan untuk memelihara kesehatan lambung</p><p>Komposisi: Fucoidan 100 mg</p><p>Golongan Obat: SUPLEMEN</p><p>Bentuk Sediaan: KAPSUL</p><p>NIE:SD111341231</p><p>Exp Date:-</p>",Inofarma,,"","mqty:0, Vitamin & Suplemen",true,Title,Default Title,,,,,,,,ID106900-1,31.0,shopify,deny,manual,395100.00,,true,true,,,,,,https://cdn.shopify.com/s/files/1/0957/0002/5634/files/ID106900-1_25082025_fa558d41-94c2-4469-a91c-d38d6834cec1.jpg?v=1760337104,1,Fucohelix 100 Kapsul,false,Fucohelix 100 Kapsul,FUCOHELIX 100 Kalbe KAPSUL adalah obat yang mengandung Fucoidan yang diindikasikan untuk memelihara kesehatan lambung,,,,,,,,,g,,,active
forneuro-kapsul,Forneuro Kapsul,"<p>Dus, 5 Strip @ 6 Kapsul Lunak</p><p>Deskripsi: FORNEURO Dankos KAPSUL adalah suplemen yang mengandung folic acid, tocopherol, vitamin b1, vitamin b12, vitamin b6 yang diindikasikan untuk memelihara kesehatan tubuh</p><p>Komposisi: Vit.B1 100 mg, vit.B6 50 mg, vit.B12 100 mcg, vit.E natural 200 IU,Folic Acid 400 mcg</p><p>Golongan Obat: SUPLEMEN</p><p>Bentuk Sediaan: KAPSUL</p><p>NIE:SD181353721</p><p>Exp Date:03/2027</p>",Inofarma,,"","mqty:0, Vitamin & Suplemen",true,Title,Default Title,,,,,,,,ID106742-1,58.0,shopify,deny,manual,326500.00,,true,true,,,,,,https://cdn.shopify.com/s/files/1/0957/0002/5634/files/ID106742-1_29082025_b4de35dd-2259-4cc1-922d-48c47eb197bb.png?v=1760337103,1,Forneuro Kapsul,false,Forneuro Kapsul,"FORNEURO Dankos KAPSUL adalah suplemen yang mengandung folic acid, tocopherol, vitamin b1, vitamin b12, vitamin b6 yang diindikasikan untuk memelihara kesehatan tubuh",,,,,,,,,g,,,active
folda-kaplet,Folda Kaplet,"<p>Dus, 5 Strip 6 Kaplet Salut Selaput</p><p>Deskripsi: FOLDA Simex KAPLET adalah suplement yang mengandung folic acid, decosahexanoic dan vitamin b12 yang berkhasiat untuk membantu memelihara kesehatan pada wanita hamil</p><p>Komposisi: Folic acid 800 mcg, DHA 30 mg, vit B12 12 mcg</p><p>Golongan Obat: SUPLEMEN</p><p>Bentuk Sediaan: KAPLET</p><p>NIE:SD101539271</p><p>Exp Date:-</p>",Inofarma,,"","mqty:0, Vitamin & Suplemen",true,Title,Default Title,,,,,,,,ID106644-1,58.0,shopify,deny,manual,157200.00,,true,true,,,,,,https://cdn.shopify.com/s/files/1/0957/0002/5634/files/ID106644-1_29082025_801cfb16-c425-4ae6-9986-07c5bb30f3c4.png?v=1760337103,1,Folda Kaplet,false,Folda Kaplet,"FOLDA Simex KAPLET adalah suplement yang mengandung folic acid, decosahexanoic dan vitamin b12 yang berkhasiat untuk membantu memelihara kesehatan pada wanita hamil",,,,,,,,,g,,,active
folamil-genio-kapsul,Folamil Genio Kapsul,"<p>Dus, 1 Botol Plastik @ 30 Kapsul Lunak</p><p>Deskripsi: FOLAMIL GENIO Dexa Medica KAPSUL suplemen kesehatan yang mengandung folic acid 1 mg, betacaroten 10000 iu, vitamin b1 3 mg, vitamin b2 3.4 mg, nicotinamid 20 mg, vitamin b6 2 mg, calcium d pantotenate 7.5 mg, calcium carbonate 100 mg, vitamin b12 4 mcg, vitamin d3 400 IU, vitamin k1 50mcg, biotin 30 mcg, copper gluconate 0.1 mg, iron polymaltose complex 30 mg, dha dari algae 40 mg, ara 8 mg yang berkhasiat untuk multivitamin dan mineral selama masa kehamilan dan masa menyusui yang mengandung DHA untuk nutrisi otak</p><p>Komposisi: folic acid 1 mg, betacaroten 10000 iu, vitamin b1 3 mg, vitamin b2 3.4 mg, nicotinamid 20 mg, vitamin b6 2 mg, calcium d pantotenate 7.5 mg, calcium carbonate 100 mg, vitamin b12 4 mcg, vitamin d3 400 IU, vitamin k1 50mcg, biotin 30 mcg, copper gluconate 0.1 mg, iron polymaltose complex 30 mg, dha dari algae 40 mg, ara 8 mg</p><p>Golongan Obat: SUPLEMEN</p><p>Bentuk Sediaan: KAPSUL</p><p>NIE:SD071329911</p><p>Exp Date:11/2026</p>",Inofarma,,"","mqty:0, Vitamin & Suplemen",true,Title,Default Title,,,,,,,,ID106632-1,63.0,shopify,deny,manual,185100.00,,true,true,,,,,,https://cdn.shopify.com/s/files/1/0957/0002/5634/files/ID106632-1_26082025_27e876db-0d41-4f44-b9ed-fd94c4b8b3eb.png?v=1760337101,1,Folamil Genio Kapsul,false,Folamil Genio Kapsul,"FOLAMIL GENIO Dexa Medica KAPSUL suplemen kesehatan yang mengandung folic acid 1 mg, betacaroten 10000 iu, vitamin b1 3 mg, vitamin b2 3.4 mg, nicotinamid 20 mg, vitamin b6 2 mg, calcium d pantotenate 7.5 mg, calcium carbonate 100 mg, vitamin b12 4 mcg, vitamin d3 400 IU, vitamin k1 50mcg, biotin 30 mcg, copper gluconate 0.1 mg, iron polymaltose complex 30 mg, dha dari algae 40 mg, ara 8 mg yang berkhasiat untuk multivitamin dan mineral selama masa kehamilan dan masa menyusui yang mengandung DHA untuk nutrisi otak",,,,,,,,,g,,,active
folamil-kaplet,Folamil Kaplet,"<p>Dus, 25 Strip @ 4 Kaplet Salut Selaput</p><p>Deskripsi: FOLAMIL Dexa KAPLET merupakan suplemen yang berfungsi untuk Mendukung perkembangan otak janin dan anak, serta membantu memenuhi kebutuhan asam folat.</p><p>Komposisi: Per kaplet : Beta-carotene 10,000 IU, vit.B1 monohydrate 10 mg, vit.B2 2.5 mg, Nicotinamide 20 mg, vit.B6 HCl 15 mg, Ca pantothenate 7.5 mg, vit.B12 4 mcg, vit.C 100 mg, vit.D 400 IU, Folic Acid 1 mg, K iodide 100 mcg, Fe (III) fumarate 90 mg, Copper (II) sulphate 0.1 mg, Ca lactate 250 mg, Na fluoride 1 mg</p><p>Golongan Obat: SUPLEMEN</p><p>Bentuk Sediaan: KAPLET</p><p>NIE:SD191554631</p><p>Exp Date:11/2026</p>",Inofarma,,"","mqty:0, Vitamin & Suplemen",true,Title,Default Title,,,,,,,,ID106631-1,163.0,shopify,deny,manual,338400.00,,true,true,,,,,,https://cdn.shopify.com/s/files/1/0957/0002/5634/files/ID106631-1_26082025_a625c55c-b485-42d5-b7a6-13b9f653fd33.png?v=1760337101,1,Folamil Kaplet,false,Folamil Kaplet,"FOLAMIL Dexa KAPLET merupakan suplemen yang berfungsi untuk Mendukung perkembangan otak janin dan anak, serta membantu memenuhi kebutuhan asam folat.",,,,,,,,,g,,,active
folacite-400-tablet,Folacite 400 Tablet,"<p>Dus, 10 Strip @ 10 Tablet</p><p>Deskripsi: FOLACITE 400 Erlimpex TABLET adalah suplemen yang mengandung FOLIC ACID yang berkhasiat untuk memelihara daya tahan tubuh</p><p>Komposisi: FOLIC ACID 400 MCG</p><p>Golongan Obat: SUPLEMEN</p><p>Bentuk Sediaan: TABLET</p><p>NIE:SD131543471</p><p>Exp Date:05/2029</p>",Inofarma,,"","mqty:0, Vitamin & Suplemen",true,Title,Default Title,,,,,,,,ID106628-1,47.0,shopify,deny,manual,34900.00,,true,true,,,,,,https://cdn.shopify.com/s/files/1/0957/0002/5634/files/ID106628-1_26082025_5e5e72e0-facf-401f-98d2-a15578648a69.png?v=1760337100,1,Folacite 400 Tablet,false,Folacite 400 Tablet,FOLACITE 400 Erlimpex TABLET adalah suplemen yang mengandung FOLIC ACID yang berkhasiat untuk memelihara daya tahan tubuh,,,,,,,,,g,,,active
folac-tablet,Folac Tablet,"<p>Dus, 10 Strip @ 10 Tablet</p><p>Deskripsi: FOLAC Otto TABLET adalah suplemen yang mengandung Asam folat yang berkhasiat untuk memenuhi kebutuhan asam folat pada wanita hamil</p><p>Komposisi: FOLIC ACID 400 MCG</p><p>Golongan Obat: SUPLEMEN</p><p>Bentuk Sediaan: TABLET</p><p>NIE:SD031507471</p><p>Exp Date:10/2028</p>",Inofarma,,"","mqty:0, Vitamin & Suplemen",true,Title,Default Title,,,,,,,,ID106626-1,47.0,shopify,deny,manual,137900.00,,true,true,,,,,,https://cdn.shopify.com/s/files/1/0957/0002/5634/files/ID106626-1_26082025_ad002bf2-4962-4b45-aa1b-dbb03d305360.png?v=1760337100,1,Folac Tablet,false,Folac Tablet,FOLAC Otto TABLET adalah suplemen yang mengandung Asam folat yang berkhasiat untuk memenuhi kebutuhan asam folat pada wanita hamil</p>,,,,,,,,,g,,,active
fitogen-tablet,Fitogen Tablet,"<p>Dus, 3 Blister @ 10 Tablet Salut Selaput</p><p>Deskripsi: FITOGEN Phapros TABLET adalah suplemen yang mengandung Red clover extract, vitamin b1, vitamin b6, dan vitamin E yang diindikasikan untuk menjaga kondisi fisik pada pra menopouse</p><p>Komposisi: Red clover extr 100 mg, vit B1 10 mg, vit B6 10 mg, vit E 15 mg</p><p>Golongan Obat: SUPLEMEN</p><p>Bentuk Sediaan: TABLET</p><p>NIE:SD031504971</p><p>Exp Date:10/2027</p>",Inofarma,,"","mqty:0, Vitamin & Suplemen",true,Title,Default Title,,,,,,,,ID106430-1,26.0,shopify,deny,manual,195900.00,,true,true,,,,,,https://cdn.shopify.com/s/files/1/0957/0002/5634/files/ID106430-1_26082025_f301f4c1-a4e6-44f5-ad7b-2cd9c38bff12.png?v=1760337098,1,Fitogen Tablet,false,Fitogen Tablet,"FITOGEN Phapros TABLET adalah suplemen yang mengandung Red clover extract, vitamin b1, vitamin b6, dan vitamin E yang diindikasikan untuk menjaga kondisi fisik pada pra menopouse",,,,,,,,,g,,,active
fitkom-multivitamin-rasa-strawberry-tablet,Fitkom Multivitamin (Rasa Strawberry) Tablet,"<p>Botol Plastik @ 21 Tablet Hisap</p><p>Deskripsi: FITKOM (RASA STRAWBERRY) Soho TABLET adalah suplemen yang mengandung Vitamin A, Vitamin B1, vitamin B3, Vitamin B6, Vitamin C yang berkhasiat untuk membantu memenuhi kebutuhan vitamin anak</p><p>Komposisi: Tiap tablet hisap mengandung Vitamin A 1000 IU, Vitamin B1 1.4 mg, Vitamin B2 1.6 mg, Vitamin B6 2 mg, Vitamin B12 3 mcg, Vitamin C 60 mg, Vitamin D3 100 IU, Vitamin E 5 mg, Ca Pantothenate 5 mg, Nicotinamide 9 mg</p><p>Golongan Obat: SUPLEMEN</p><p>Bentuk Sediaan: TABLET</p><p>NIE:SD172551131</p><p>Exp Date:05/2027</p>",Inofarma,,"","mqty:0, Vitamin & Suplemen",true,Title,Default Title,,,,,,,,ID106419-2,47.0,shopify,deny,manual,19600.00,,true,true,,,,,,https://cdn.shopify.com/s/files/1/0957/0002/5634/files/ID106419-2_26082025_444c7972-237a-411b-8bf9-f54160f29c19.png?v=1760337097,1,Fitkom Multivitamin (Rasa Strawberry) Tablet,false,Fitkom Multivitamin (Rasa Strawberry) Tablet,"FITKOM (RASA STRAWBERRY) Soho TABLET adalah suplemen yang mengandung Vitamin A, Vitamin B1, vitamin B3, Vitamin B6, Vitamin C yang berkhasiat untuk membantu memenuhi kebutuhan vitamin anak",,,,,,,,,g,,,active
fitkom-rasa-jeruk-tablet,Fitkom (Rasa Jeruk) Tablet,"<p>Dus, Botol @ 21 Tablet Hisap</p><p>Deskripsi: FITKOM (RASA JERUK) Soho TABLET adalah suplemen yang mengandung Vitamin A, Vitamin B1, vitamin B3, Vitamin B6, Vitamin C yang berkhasiat untuk membantu memenuhi kebutuhan vitamin anak</p><p>Komposisi: Tiap tablet hisap mengandung Vitamin A 1000 IU, Vitamin B1 1.4 mg, Vitamin B2 1.6 mg, Vitamin B6 2 mg, Vitamin B12 3 mcg, Vitamin C 60 mg, Vitamin D3 100 IU, Vitamin E 5 mg, Ca Pantothenate 5 mg, Nicotinamide 9 mg</p><p>Golongan Obat: SUPLEMEN</p><p>Bentuk Sediaan: TABLET</p><p>NIE:SD225044121</p><p>Exp Date:05/2027</p>",Inofarma,,"","mqty:0, Vitamin & Suplemen",true,Title,Default Title,,,,,,,,ID106418-2,47.0,shopify,deny,manual,19600.00,,true,true,,,,,,,,,false,Fitkom (Rasa Jeruk) Tablet,"FITKOM (RASA JERUK) Soho TABLET adalah suplemen yang mengandung Vitamin A, Vitamin B1, vitamin B3, Vitamin B6, Vitamin C yang berkhasiat untuk membantu memenuhi kebutuhan vitamin anak",,,,,,,,,g,,,active
fitbon-kaplet,Fitbon Kaplet,"<p>Dus, 10 Strip @ 6 Kaplet Salut Selaput</p><p>Deskripsi: FITBON Soho KAPLET adalah obat yang mengandung Glucosamine HCI yang diindikasikan untuk membantu memelihara fungsi sendi</p><p>Komposisi: Glucosamine HCI 500 mg, Manganese 1 mg</p><p>Golongan Obat: SUPLEMEN</p><p>Bentuk Sediaan: KAPLET</p><p>NIE:SD051524571</p><p>Exp Date:03/2028</p>",Inofarma,,"","mqty:0, Vitamin & Suplemen",true,Title,Default Title,,,,,,,,ID106410-1,152.0,shopify,deny,manual,122600.00,,true,true,,,,,,https://cdn.shopify.com/s/files/1/0957/0002/5634/files/ID106410-1_26082025_529c679c-43f1-403a-a116-43a1f6d04a8f.png?v=1760337096,1,Fitbon Kaplet,false,Fitbon Kaplet,FITBON Soho KAPLET adalah obat yang mengandung Glucosamine HCI yang diindikasikan untuk membantu memelihara fungsi sendi,,,,,,,,,g,,,active
fermia-tablet,Fermia Tablet,"<p>Dus, 10 Strip @ 10 Tablet Salut Selaput</p><p>Deskripsi: FERMIA Erela TABLET adalah suplemen yang mengandung Asam Folat, Fe, Ferro Fumarate, Vit B6 Hcl yang berkhasiat untuk memelihara kesehatan wanita hamil</p><p>Komposisi: Ferrous Fumarate 60 mg, Asam folat 0,25 mg, Vitamin B6 37,5 mg</p><p>Golongan Obat: SUPLEMEN</p><p>Bentuk Sediaan: TABLET</p><p>NIE:SD111541241</p><p>Exp Date:05/2027</p>",Inofarma,,"","mqty:0, Vitamin & Suplemen",true,Title,Default Title,,,,,,,,ID106318-1,94.0,shopify,deny,manual,39500.00,,true,true,,,,,,https://cdn.shopify.com/s/files/1/0957/0002/5634/files/ID106318-1_26082025_1fa257d3-85cd-4c95-ae04-8dd8339f44c4.png?v=1760337095,1,Fermia Tablet,false,Fermia Tablet,"FERMIA Erela TABLET adalah suplemen yang mengandung Asam Folat, Fe, Ferro Fumarate, Vit B6 Hcl yang berkhasiat untuk memelihara kesehatan wanita hamil",,,,,,,,,g,,,active
feritrin-kaplet,Feritrin Kaplet,"<p>Dus, 5 Strip @ 6 Kaplet Salut Selaput</p><p>Deskripsi: FERITRIN Dexa Medica KAPLET merupakan suplemen yang berfungsi untuk mengatasi dan mencegah anemia akibat kekurangan zat besi, terutama pada ibu hamil, menyusui, serta individu dengan kebutuhan zat besi tinggi seperti anak-anak dan lansia.</p><p>Komposisi: Fe (III) hydroxide polymaltose complex 300 mg, Folic Acid 1 mg, Beta-carotene 10,000 IU, vit.B1 10 mg, vit.B2 2.5 mg, vit.B6 50 mg, vit.B12 8 mcg, vit.C 100 mg, vit.D 400 IU, Ca lactate 250 mg, Ca pantothenate 7.5 mg, Copper sulphate 0.1 mg, Nicotinamide 20 mg, K iodine 0.1 mg</p><p>Golongan Obat: SUPLEMEN</p><p>Bentuk Sediaan: KAPLET</p><p>NIE:SD191554561</p><p>Exp Date:11/2026</p>",Inofarma,,"","mqty:0, Vitamin & Suplemen",true,Title,Default Title,,,,,,,,ID106315-1,63.0,shopify,deny,manual,139700.00,,true,true,,,,,,https://cdn.shopify.com/s/files/1/0957/0002/5634/files/ID106315-1_26082025_3cdd786e-20ba-4c88-9a1e-39debf8fe58d.png?v=1760337093,1,Feritrin Kaplet,false,Feritrin Kaplet,"FERITRIN Dexa Medica KAPLET merupakan suplemen yang berfungsi untuk mengatasi dan mencegah anemia akibat kekurangan zat besi, terutama pada ibu hamil, menyusui, serta individu dengan kebutuhan zat besi tinggi seperti anak-anak dan lansia.",,,,,,,,,g,,,active
fatigon-spirit-kaplet,Fatigon Spirit Kaplet,"<p>Dus, 10 Strip @ 6 Kaplet Salut Selaput</p><p>Deskripsi: FATIGON SPIRIT Dankos KAPLET adalah obat yang mengandung Lcarnitine, BCAA, Niano gingseng ekstrak, vitamin B1, Vitamin B, vitamin B, Caffeine yang diindikasikan untuk membantu proses metabolisme tubuh untuk menghasilkan energi, membantu memelihara stamina tubuh, membantu menambah kesegran tubuh dalam melakukan aktivitas seharihari, membantu memelihara kesehatan saat bekerja keras maupun berolahraga</p><p>Komposisi: L-Carniting 100 mg, BCAA 40 mg, Nano Gingseng Extract 10 mg, Vitamin B1 10 mg, Vitamin B6 5 mg, Vitamin B12 5 mcg, Guaranine 50 mg</p><p>Golongan Obat: SUPLEMEN</p><p>Bentuk Sediaan: KAPLET</p><p>NIE:SD201556741</p><p>Exp Date:03/2027</p>",Inofarma,,"","mqty:0, Vitamin & Suplemen",true,Title,Default Title,,,,,,,,ID106232-1,94.0,shopify,deny,manual,136900.00,,true,true,,,,,,https://cdn.shopify.com/s/files/1/0957/0002/5634/files/ID106232-1_26082025_5330f338-edac-4ee4-8cd9-ba8b3bf0ffcd.png?v=1760337093,1,Fatigon Spirit Kaplet,false,Fatigon Spirit Kaplet,"FATIGON SPIRIT Dankos KAPLET adalah obat yang mengandung Lcarnitine, BCAA, Niano gingseng ekstrak, vitamin B1, Vitamin B, vitamin B, Caffeine yang diindikasikan untuk membantu proses metabolisme tubuh untuk menghasilkan energi, membantu memelihara stamina tubuh, membantu menambah kesegran tubuh dalam melakukan aktivitas seharihari, membantu memelihara kesehatan saat bekerja keras maupun berolahraga</p>",,,,,,,,,g,,,active
fatigon-kaplet,Fatigon Kaplet,"<p>Dus, 10 Strip @ 6 Kaplet Salut Selaput</p><p>Deskripsi: FATIGON Kalbe KAPLET adalah suplemen yang mengandung vitmin E, vitamin B1, vitamin B6, vitamin B12, Magnesium aspartat, kalium aspartat yang diindikasikan untuk membantu memelihara kesehatan untuk menjaga kondisi tubuh</p><p>Komposisi: Vitamin E 30 I.U, Tiamin HCl (B1) 100 mg, Piridoksin HCl (B6) 50 mg, Sianokonolamin (B12) 100 mcg, K-l-aspartat 100 mg, Mg-I-aspartat 100 mg</p><p>Golongan Obat: SUPLEMEN</p><p>Bentuk Sediaan: KAPLET</p><p>NIE:SD201556521</p><p>Exp Date:03/2027</p>",Inofarma,,"","mqty:0, Vitamin & Suplemen",true,Title,Default Title,,,,,,,,ID106230-2,89.0,shopify,deny,manual,100900.00,,true,true,,,,,,https://cdn.shopify.com/s/files/1/0957/0002/5634/files/ID106230-2_26082025_f1dd46c5-f7f3-427e-8257-b0afda9953fb.png?v=1760337092,1,Fatigon Kaplet,false,Fatigon Kaplet,"FATIGON Kalbe KAPLET adalah suplemen yang mengandung vitmin E, vitamin B1, vitamin B6, vitamin B12, Magnesium aspartat, kalium aspartat yang diindikasikan untuk membantu memelihara kesehatan untuk menjaga kondisi tubuh",,,,,,,,,g,,,active
eyevit-tablet,Eyevit Tablet,"<p>Dus, 5 Amplop @ 1 Strip @6 Tablet Salut Selaput</p><p>Deskripsi: EYEVIT Lapi TABLET adalah obay herbal yang mengandung bilberry dry ekstract, retinol, beta karoten, vitamin E, lutein, zeaxanthin, selenium, zinc yang berkhasiat untuk memberikan nutrisi pada mata dan menjaga kesehatan mata</p><p>Komposisi: Billberry Dry Extract 80 mg, Lutein 250 mcg, Zeaxanthin 60 mcg, Retinol (Vitamin A) 1.600 IU, B - Karoten 10% 5 mg, Vitamin E 40 mg, Selenium 15 mcg, Zn Picolinat 5 mg</p><p>Golongan Obat: SUPLEMEN</p><p>Bentuk Sediaan: TABLET</p><p>NIE:SD202515311</p><p>Exp Date:02/2027</p>",Inofarma,,"","mqty:0, Vitamin & Suplemen",true,Title,Default Title,,,,,,,,ID106125-3,58.0,shopify,deny,manual,203200.00,,true,true,,,,,,https://cdn.shopify.com/s/files/1/0957/0002/5634/files/ID106125-3_29082025_bdea05d8-aca9-4828-bb3c-8d427ed6cc14.jpg?v=1760337091,1,Eyevit Tablet,false,Eyevit Tablet,"EYEVIT Lapi TABLET adalah obay herbal yang mengandung bilberry dry ekstract, retinol, beta karoten, vitamin E, lutein, zeaxanthin, selenium, zinc yang berkhasiat untuk memberikan nutrisi pada mata dan menjaga kesehatan mata",,,,,,,,,g,,,active
ever-e-250-kapsul,Ever E 250 Kapsul,"<p>Dus, Botol Plastik @ 30 Kapsul Lunak</p><p>Deskripsi: EVER E 250 Konimex KAPSUL mengandung Vitamin E (Alfa tokoferol) yang berfungsi sebagai antioksidan untuk membantu melindungi fungsi tubuh serta memenuhi kebutuhan vitamin E yang diperlukan oleh tubuh.</p><p>Komposisi: Vitamin E natural 250 IU</p><p>Golongan Obat: SUPLEMEN</p><p>Bentuk Sediaan: KAPSUL</p><p>NIE:SI204368101</p><p>Exp Date:01/2027</p>",Inofarma,,"","mqty:0, Vitamin & Suplemen",true,Title,Default Title,,,,,,,,ID106029-4,58.0,shopify,deny,manual,85700.00,,true,true,,,,,,https://cdn.shopify.com/s/files/1/0957/0002/5634/files/ID106029-4_29082025_34631236-b3e7-44f2-b109-aafdbb5de380.jpg?v=1760337091,1,Ever E 250 Kapsul,false,Ever E 250 Kapsul,EVER E 250 Konimex KAPSUL mengandung Vitamin E (Alfa tokoferol) yang berfungsi sebagai antioksidan untuk membantu melindungi fungsi tubuh serta memenuhi kebutuhan vitamin E yang diperlukan oleh tubuh.,,,,,,,,,g,,,active
etabion-kapsul,Etabion Kapsul,"<p>Dus, 10 Strip @ 10 Kapsul</p><p>Deskripsi: ETABION Errita KAPSUL adalah suplemen yang mengandung Ferro Fumarat, Vitamin C, Asam Folat, Vitamin B12, Cu-Sulfat, Mn Sulfat yang diindikasikan untuk mencegah dan mengobati kekurangan vitamin serta mineral dan membantu pembentukan darah</p><p>Komposisi: copper sulfate, ferrous fumarate, folic acid, manganese sulfate, vitamin b12, vitamin c</p><p>Golongan Obat: SUPLEMEN</p><p>Bentuk Sediaan: KAPSUL</p><p>NIE:SD181352271</p><p>Exp Date:06/2028</p>",Inofarma,,"","mqty:0, Vitamin & Suplemen",true,Title,Default Title,,,,,,,,ID105928-1,110.0,shopify,deny,manual,41500.00,,true,true,,,,,,https://cdn.shopify.com/s/files/1/0957/0002/5634/files/ID105928-1_29082025_1c63ac00-90ff-4c02-b455-87c94489651b.jpg?v=1760337089,1,Etabion Kapsul,false,Etabion Kapsul,"ETABION Errita KAPSUL adalah suplemen yang mengandung Ferro Fumarat, Vitamin C, Asam Folat, Vitamin B12, Cu-Sulfat, Mn Sulfat yang diindikasikan untuk mencegah dan mengobati kekurangan vitamin serta mineral dan membantu pembentukan darah</p>",,,,,,,,,g,,,active
epocaldi-kapsul,Epocaldi Kapsul,"<p>Dus, Botol Plastik @ 30 Kapsul Lunak</p><p>Deskripsi: EPOCALDI Novell KAPSUL adalah obat yang mengandung Ca, evening primrose oil, alpha linoleate, vitamin D3, cholecalciferol yang diindikasikan untuk membantu memelihara kesehatan tubuh wanita menjelang menopause dan mengurangi risiko osteoporosis yang sering terjadi selama masa menopause</p><p>Komposisi: Ca carbonate 400 mg, vit.D3 1.25 mcg, Evening Primrose oil 400 mg (gamma-Linoleate 40 mg)</p><p>Golongan Obat: SUPLEMEN</p><p>Bentuk Sediaan: KAPSUL</p><p>NIE:SD101339991</p><p>Exp Date:12/2027</p>",Inofarma,,"","mqty:0, Vitamin & Suplemen",true,Title,Default Title,,,,,,,,ID105724-1,110.0,shopify,deny,manual,255000.00,,true,true,,,,,,https://cdn.shopify.com/s/files/1/0957/0002/5634/files/ID105724-1_29082025_7600c453-e20d-4980-9d46-f314755e6098.jpg?v=1760337088,1,Epocaldi Kapsul,false,Epocaldi Kapsul,"EPOCALDI Novell KAPSUL adalah obat yang mengandung Ca, evening primrose oil, alpha linoleate, vitamin D3, cholecalciferol yang diindikasikan untuk membantu memelihara kesehatan tubuh wanita menjelang menopause dan mengurangi risiko osteoporosis yang sering terjadi selama masa menopause",,,,,,,,,g,,,active
epimax-kapsul,Epimax Kapsul,"<p>Dus, 1 Catchcover @ 1 Blister @ 2 Kapsul</p><p>Deskripsi: EPIMAX Novell KAPSUL merupakan obat tradisional yang berkhasiat untuk vitalitas dan menambah stamina pria.</p><p>Komposisi: Pimpinella Alpine Herba 100 mg, Eurycomae Rhizoma 100 mg, Epimedium Herba 150 mg</p><p>Golongan Obat: OBAT TRADISIONAL</p><p>Bentuk Sediaan: KAPSUL</p><p>NIE:TR152385951</p><p>Exp Date:06/2027</p>",Inofarma,,"","mqty:0, Perawatan Tubuh",true,Title,Default Title,,,,,,,,ID105713-1,16.0,shopify,deny,manual,24400.00,,true,true,,,,,,https://cdn.shopify.com/s/files/1/0957/0002/5634/files/ID105713-1_29082025_9f3d7a16-b90c-427a-a5d7-0b7ff53e18de.jpg?v=1760337088,1,Epimax Kapsul,false,Epimax Kapsul,EPIMAX Novell KAPSUL merupakan obat tradisional yang berkhasiat untuk vitalitas dan menambah stamina pria.,,,,,,,,,g,,,active
enervon-c-multivitamin-effervescent-tablet,Enervon C Multivitamin Effervescent Tablet,"<p>Dus, Tube @ 10 Tablet Effervescent</p><p>Deskripsi: ENERVON C MULTIVITAMIN EFFERVESCENT Medifarma TABLET adalah suplement kesehatan yang mengandung vitamin C, vitamin B1, vitamin B2, vitamin B6, vitamin B12, kalsium pantotenat, niasinamida yang diindikasikan untuk membantu menjaga daya tahan tubu serta membantu memulihkan kondisi setelah sakit</p><p>Komposisi: Setiap Tablet Mengandung : Vit B1 50 Mg, Vit B2 25 Mg, Vit B6 10 Mg, Vit B12 5 Mcg, Vit C 1000 Mg, Niacinamide 50 Mg, Ca Pantothenate 20 Mg</p><p>Golongan Obat: SUPLEMEN</p><p>Bentuk Sediaan: TABLET EFFERVESCENT</p><p>NIE:SD061529671</p><p>Exp Date:08/2026</p>",Inofarma,,"","mqty:0, Vitamin & Suplemen",true,Title,Default Title,,,,,,,,ID105672-1,79.0,shopify,deny,manual,39800.00,,true,true,,,,,,https://cdn.shopify.com/s/files/1/0957/0002/5634/files/ID105672-1_29082025_5bd478a9-0dd1-407b-819a-a95a8532bb8b.jpg?v=1760337087,1,Enervon C Multivitamin Effervescent Tablet,false,Enervon C Multivitamin Effervescent Tablet,"ENERVON C MULTIVITAMIN EFFERVESCENT Medifarma TABLET adalah suplement kesehatan yang mengandung vitamin C, vitamin B1, vitamin B2, vitamin B6, vitamin B12, kalsium pantotenat, niasinamida yang diindikasikan untuk membantu menjaga daya tahan tubu serta membantu memulihkan kondisi setelah sakit",,,,,,,,,g,,,active
eazycal-kaplet,Eazycal Kaplet,"<p>Dus, 5 Strip @ 6 Kaplet Salut Selaput</p><p>Deskripsi: EAZYCAL Novell KAPLET adalah suplemen yang mengandung Coral Ca, genistei, Vit D3, Vit K1, Mg, boron, Zn yang diindikasikan untuk membantu memelihara kesehatan tulang terutama pada keadaan menopause.</p><p>Komposisi: Coral Calcium 500 mg, Vitamin D3 400 IU, Vitamin K1 25 mcg, Magnesium 100 mg, Boron 1 mg, Zn 5 mg</p><p>Golongan Obat: SUPLEMEN</p><p>Bentuk Sediaan: KAPLET</p><p>NIE:SD101541011</p><p>Exp Date:05/2027</p>",Inofarma,,"","mqty:0, Vitamin & Suplemen",true,Title,Default Title,,,,,,,,ID105418-1,283.0,shopify,deny,manual,239500.00,,true,true,,,,,,https://cdn.shopify.com/s/files/1/0957/0002/5634/files/ID105418-1_22082025_e22b96a5-c1f7-4623-9ab0-2bf624946802.jpg?v=1760337084,1,Eazycal Kaplet,false,Eazycal Kaplet,"EAZYCAL Novell KAPLET adalah suplemen yang mengandung Coral Ca, genistei, Vit D3, Vit K1, Mg, boron, Zn yang diindikasikan untuk membantu memelihara kesehatan tulang terutama pada keadaan menopause.",,,,,,,,,g,,,active
diyet-industri-kapsul,Diyet Industri Kapsul,"<p>Dus, Strip @ 12 Kapsul</p><p>Deskripsi: DIYET Industri Jamu Borobudur KAPSUL adalah jamu yang mengandung Guazuma Ulmifolia Folium, Curcuma Domestica Rhizoma, Aloe Vera Ekstrak, dan Murrayae Paniculatae Folium. digunakan untuk membantu mengurangi lemak tubuh.</p><p>Komposisi: Murrayae Folium 192.5 mg, Guazumae Folium 137.5 mg, Mimossae Herba 137.5 mg, Gallae 82.5 mg</p><p>Golongan Obat: OBAT TRADISIONAL</p><p>Bentuk Sediaan: KAPSUL</p><p>NIE:TR082383401</p><p>Exp Date:01/2029</p>",Inofarma,,"","mqty:0, Obat Tradisional",true,Title,Default Title,,,,,,,,ID105160-2,26.0,shopify,deny,manual,30200.00,,true,true,,,,,,https://cdn.shopify.com/s/files/1/0957/0002/5634/files/ID105160-2_22082025_98fd2d44-abe8-43dd-ae0a-ab955dbb2a04.jpg?v=1760337083,1,Diyet Industri Kapsul,false,Diyet Industri Kapsul,"DIYET Industri Jamu Borobudur KAPSUL adalah jamu yang mengandung Guazuma Ulmifolia Folium, Curcuma Domestica Rhizoma, Aloe Vera Ekstrak, dan Murrayae Paniculatae Folium. digunakan untuk membantu mengurangi lemak tubuh.",,,,,,,,,g,,,active
disolf-tablet-490-mg,Disolf Tablet 490 Mg,"<p>Dus, 5 Strip @ 6 Tablet Salut Enterik</p><p>Deskripsi: DISOLF Dexa Medica TABLET 490 MG merupakan fitofarmaka yang berkhasiat untuk melancarkan sirkulasi darah.</p><p>Komposisi: Lumbricus rubellus extract 490 mg</p><p>Golongan Obat: FITOFARMAKA</p><p>Bentuk Sediaan: TABLET</p><p>NIE:FF245066211</p><p>Exp Date:01/2027</p>",Inofarma,,"","mqty:0, Vitamin & Suplemen",true,Title,Default Title,,,,,,,,ID105147-1,37.0,shopify,deny,manual,374400.00,,true,true,,,,,,https://cdn.shopify.com/s/files/1/0957/0002/5634/files/ID105147-1_22082025_225ab8ac-91ea-4382-89f5-05001115c4b1.jpg?v=1760337082,1,Disolf Tablet 490 Mg,false,Disolf Tablet 490 Mg,DISOLF Dexa Medica TABLET 490 MG merupakan fitofarmaka yang berkhasiat untuk melancarkan sirkulasi darah.</p>,,,,,,,,,g,,,active
day-cal-tablet-kunyah,Day-Cal Tablet Kunyah,"<p>Dus, 8 Strip @ 2 Tablet Kunyah</p><p>Deskripsi: DAY-CAL Sanbe TABLET KUNYAH merupakan suplemen yang bermanfaat untuk mencegah defisiensi kalsium dan vitamin D.</p><p>Komposisi: Per-tablet kunyah : Ca carbonate 1000 mg (setara dengan 400 mg elemen Ca), vit.D3 1 mg (100 IU), mg oxide 250 mg (setara dengan 150 mg elemen mg)</p><p>Golongan Obat: SUPLEMEN</p><p>Bentuk Sediaan: TABLET KUNYAH</p><p>NIE:SD031511451</p><p>Exp Date:01/2028</p>",Inofarma,,"","mqty:0, Vitamin & Suplemen",true,Title,Default Title,,,,,,,,ID104629-1,58.0,shopify,deny,manual,53100.00,,true,true,,,,,,https://cdn.shopify.com/s/files/1/0957/0002/5634/files/ID104629-1_22082025_91e986dc-d2f2-4b69-a1f4-20d61cc56486.jpg?v=1760337079,1,Day-Cal Tablet Kunyah,false,Day-Cal Tablet Kunyah,DAY-CAL Sanbe TABLET KUNYAH merupakan suplemen yang bermanfaat untuk mencegah defisiensi kalsium dan vitamin D.,,,,,,,,,g,,,active
darsi-kapsul,Darsi Kapsul,"<p>Dus, Strip 12 Kapsul</p><p>Deskripsi: DARSI Jamu Borobudur KAPSUL adalah obat herbal yang mengandung Andrographis paniculata Herba Extract, languas galanga Rhizoma Extract, centella asiatica Herba Extract, curcuma domestica Rhizoma Extract, elephantopus scaber Folium Extract yang berkhasiat untuk membantu mengurangi jerawat, bisul dan gatalgatal</p><p>Komposisi: Curcumae domesticae Rhizoma 45 mg, Zingiberis aromaticae Rhizoma 45 mg, Zingiberis purpurei Rhizoma 45 mg, Andrographidis Herba 33.75 mg, Curcumae domesticae Rhizoma 22.5 mg, Sappan Lignum 22.5 mg, Elephantopi Folium 11.25 mg</p><p>Golongan Obat: OBAT TRADISIONAL</p><p>Bentuk Sediaan: KAPSUL</p><p>NIE:TR082382281</p><p>Exp Date:01/2029</p>",Inofarma,,"","mqty:0, Obat Tradisional",true,Title,Default Title,,,,,,,,ID104551-9,26.0,shopify,deny,manual,30300.00,,true,true,,,,,,https://cdn.shopify.com/s/files/1/0957/0002/5634/files/ID104551-9_22082025_90304475-709e-4c87-a4e0-8df883fe264a.jpg?v=1760337078,1,Darsi Kapsul,false,Darsi Kapsul,"DARSI Jamu Borobudur KAPSUL adalah obat herbal yang mengandung Andrographis paniculata Herba Extract, languas galanga Rhizoma Extract, centella asiatica Herba Extract, curcuma domestica Rhizoma Extract, elephantopus scaber Folium Extract yang berkhasiat untuk membantu mengurangi jerawat, bisul dan gatalgatal",,,,,,,,,g,,,active
citicoline-kaplet,Citicoline Kaplet,"<p>Dus, 5 Strip @ 6 Kaplet</p><p>Deskripsi: CITICOLINE Dexa Medica KAPLET 500 MG adalah obat yang mengandung citicoline yang diindikasikan untuk mengatasi kondisi kehilangan kesadaran karena trauma otak dan operasi otak, percepatan rehabilitasi ekstremitas pada pasien hemiplegia apoplektik</p><p>Komposisi: CITICOLINE SODIUM 500 MG</p><p>Golongan Obat: SUPLEMEN</p><p>Bentuk Sediaan: KAPLET</p><p>NIE:SD121543381</p><p>Exp Date:-</p>",Inofarma,,"","mqty:0, Vitamin & Suplemen",true,Title,Default Title,,,,,,,,ID103801-1,357.0,shopify,deny,manual,214300.00,,true,true,,,,,,https://cdn.shopify.com/s/files/1/0957/0002/5634/files/ID103801-1_20082025_00d2db43-86ba-41b2-a08e-875bdd8415f1.jpg?v=1760337077,1,Citicoline Kaplet,false,Citicoline Kaplet,"CITICOLINE Dexa Medica KAPLET 500 MG adalah obat yang mengandung citicoline yang diindikasikan untuk mengatasi kondisi kehilangan kesadaran karena trauma otak dan operasi otak, percepatan rehabilitasi ekstremitas pada pasien hemiplegia apoplektik",,,,,,,,,g,,,active
citicoline-kaplet-500-mg,Citicoline Kaplet 500 Mg,"<p>Dus, 3 Strip @ 10 Kaplet</p><p>Deskripsi: CITICOLINE Novell KAPLET 500 MG adalah obat yang mengandung citicoline yang diindikasikan untuk mengatasi kondisi kehilangan kesadaran karena trauma otak dan operasi otak, percepatan rehabilitasi ekstremitas pada pasien hemiplegia apoplektik</p><p>Komposisi: CITICOLINE SODIUM 500 MG</p><p>Golongan Obat: SUPLEMEN</p><p>Bentuk Sediaan: KAPLET</p><p>NIE:SD131544631</p><p>Exp Date:04/2027</p>",Inofarma,,"","mqty:0, Vitamin & Suplemen",true,Title,Default Title,,,,,,,,ID103800-1,100.0,shopify,deny,manual,246900.00,,true,true,,,,,,https://cdn.shopify.com/s/files/1/0957/0002/5634/files/ID103800-1_20082025_02da2464-ea6f-4d5d-97dd-7c69b71a0a35.jpg?v=1760337076,1,Citicoline Kaplet 500 Mg,false,Citicoline Kaplet 500 Mg,"CITICOLINE Novell KAPLET 500 MG adalah obat yang mengandung citicoline yang diindikasikan untuk mengatasi kondisi kehilangan kesadaran karena trauma otak dan operasi otak, percepatan rehabilitasi ekstremitas pada pasien hemiplegia apoplektik",,,,,,,,,g,,,active
citicoline-kaplet-1000-mg,Citicoline Kaplet 1000 Mg,"<p>Dus, 3 Strip @ 10 Kaplet</p><p>Deskripsi: CITICOLINE Novell KAPLET 1000 MG adalah obat yang mengandung citicoline yang diindikasikan untuk mengatasi kondisi kehilangan kesadaran karena trauma otak dan operasi otak, percepatan rehabilitasi ekstremitas pada pasien hemiplegia apoplektik</p><p>Komposisi: CITICOLINE SODIUM 1000 MG</p><p>Golongan Obat: SUPLEMEN</p><p>Bentuk Sediaan: KAPLET</p><p>NIE:SD131544611</p><p>Exp Date:12/2026</p>",Inofarma,,"","mqty:0, Vitamin & Suplemen",true,Title,Default Title,,,,,,,,ID103794-1,68.0,shopify,deny,manual,373300.00,,true,true,,,,,,https://cdn.shopify.com/s/files/1/0957/0002/5634/files/ID103794-1_20082025_a57e3fb6-1dfb-4d59-bb41-7c9ce1bb5af3.jpg?v=1760337076,1,Citicoline Kaplet 1000 Mg,false,Citicoline Kaplet 1000 Mg,"CITICOLINE Novell KAPLET 1000 MG adalah obat yang mengandung citicoline yang diindikasikan untuk mengatasi kondisi kehilangan kesadaran karena trauma otak dan operasi otak, percepatan rehabilitasi ekstremitas pada pasien hemiplegia apoplektik",,,,,,,,,g,,,active
ciflon-kaplet,Ciflon Kaplet,"<p>Dus, 5 Strip @ 6 Kaplet Salut Selaput</p><p>Deskripsi: CIFLON Lapi KAPLET adalah suplemen yang mengandung citrus aurantium fructus extract . Obat diindikasikan untuk insufiensi vena idiopatik pada tungkai bawah serta hemoroid.</p><p>Komposisi: Citrus Bioflavonoids 500 mg (Diosmin 450 mg, Hesperidin 50 mg)</p><p>Golongan Obat: OBAT TRADISIONAL</p><p>Bentuk Sediaan: KAPLET</p><p>NIE:TR192525911</p><p>Exp Date:01/2027</p>",Inofarma,,"","mqty:0, Obat Tradisional",true,Title,Default Title,,,,,,,,ID103683-1,47.0,shopify,deny,manual,457100.00,,true,true,,,,,,https://cdn.shopify.com/s/files/1/0957/0002/5634/files/ID103683-1_20082025_377e9d17-8b7d-49de-9be8-0bd636f1114d.jpg?v=1760337075,1,Ciflon Kaplet,false,Ciflon Kaplet,CIFLON Lapi KAPLET adalah suplemen yang mengandung citrus aurantium fructus extract . Obat diindikasikan untuk insufiensi vena idiopatik pada tungkai bawah serta hemoroid.,,,,,,,,,g,,,active
cholinaar-kapsul,Cholinaar Kapsul,"<p>Dus, 3 Blister @ 10 Kapsul</p><p>Deskripsi: CHOLINAAR Novell KAPSUL merupakan suplemen yang berfungsi untuk membantu menangani penurunan kemampuan kognitif pada usia lanjut, seperti gangguan memori dan konsentrasi, serta untuk mempercepat rehabilitasi neurologis setelah stroke atau cedera otak ringan.</p><p>Komposisi: CITICOLINE SODIUM 500 MG</p><p>Golongan Obat: SUPLEMEN</p><p>Bentuk Sediaan: KAPSUL</p><p>NIE:SD051323171</p><p>Exp Date:09/2026</p>",Inofarma,,"","mqty:0, Vitamin & Suplemen",true,Title,Default Title,,,,,,,,ID103653-1,42.0,shopify,deny,manual,571200.00,,true,true,,,,,,https://cdn.shopify.com/s/files/1/0957/0002/5634/files/ID103653-1_20082025_77b08479-2feb-4074-8c14-4cd16cf0e94c.jpg?v=1760337074,1,Cholinaar Kapsul,false,Cholinaar Kapsul,"CHOLINAAR Novell KAPSUL merupakan suplemen yang berfungsi untuk membantu menangani penurunan kemampuan kognitif pada usia lanjut, seperti gangguan memori dan konsentrasi, serta untuk mempercepat rehabilitasi neurologis setelah stroke atau cedera otak ringan.",,,,,,,,,g,,,active
cavit-d3-tablet,Cavit-D3 Tablet,"<p>Dus, 10 Strip @ 10 Tablet</p><p>Deskripsi: CAVITD3 Merck TABLET adalah suplemen yang mengandung Ca hydrogen phosphate dihydrate 500mg, cholecalciferol 133 IU yang diindikasikan untuk pencegahan osteoporosis saat menopause</p><p>Komposisi: Ca hydrogen phosphate dihydrate 500mg, cholecalciferol 133 IU</p><p>Golongan Obat: SUPLEMEN</p><p>Bentuk Sediaan: TABLET</p><p>NIE:SD021520071</p><p>Exp Date:10/2026</p>",Inofarma,,"","mqty:0, Vitamin & Suplemen",true,Title,Default Title,,,,,,,,ID103157-1,283.0,shopify,deny,manual,401700.00,,true,true,,,,,,https://cdn.shopify.com/s/files/1/0957/0002/5634/files/ID103157-1_20082025_f4112068-aa12-4ad3-9a79-557e7ae0aa85.jpg?v=1760337073,1,Cavit-D3 Tablet,false,Cavit-D3 Tablet,"CAVITD3 Merck TABLET adalah suplemen yang mengandung Ca hydrogen phosphate dihydrate 500mg, cholecalciferol 133 IU yang diindikasikan untuk pencegahan osteoporosis saat menopause",,,,,,,,,g,,,active
calnic-plus-kaplet,Calnic Plus Kaplet,"<p>Dus, 3 Strip @ 10 Kaplet</p><p>Deskripsi: CALNIC PLUS Gracia KAPLET adalah suplemen kesehatan yang mengandung Kalsium, vitamin D2 yang diindikasikan untuk mengatasi kekurangan kalsium, pencegahan osteoporosis dan meringankan gejala menopause</p><p>Komposisi: Ca 400 mg, vitamin D3 200 IU</p><p>Golongan Obat: SUPLEMEN</p><p>Bentuk Sediaan: KAPLET</p><p>NIE:SD091537221</p><p>Exp Date:02/2027</p>",Inofarma,,"","mqty:0, Vitamin & Suplemen",true,Title,Default Title,,,,,,,,ID102919-1,79.0,shopify,deny,manual,235100.00,,true,true,,,,,,https://cdn.shopify.com/s/files/1/0957/0002/5634/files/ID102919-1_20082025_02913a9d-df25-464f-9e88-2dbe93255e2b.jpg?v=1760337072,1,Calnic Plus Kaplet,false,Calnic Plus Kaplet,"CALNIC PLUS Gracia KAPLET adalah suplemen kesehatan yang mengandung Kalsium, vitamin D2 yang diindikasikan untuk mengatasi kekurangan kalsium, pencegahan osteoporosis dan meringankan gejala menopause",,,,,,,,,g,,,active
calnic-kaplet,Calnic Kaplet,"<p>Dus, 3 Strip @ 10 Kaplet</p><p>Deskripsi: CALNIC Gracia KAPLET adalah suplemen yang mengandung kalsium yang diindikasikan untuk memenuhi kebutuhan kalsium dan vitamin D3 serta memelihara kesehatan Tulang.</p><p>Komposisi: Calcium 400 mg</p><p>Golongan Obat: SUPLEMEN</p><p>Bentuk Sediaan: KAPLET</p><p>NIE:SD091537211</p><p>Exp Date:05/2027</p>",Inofarma,,"","mqty:0, Vitamin & Suplemen",true,Title,Default Title,,,,,,,,ID102917-1,100.0,shopify,deny,manual,189200.00,,true,true,,,,,,https://cdn.shopify.com/s/files/1/0957/0002/5634/files/ID102917-1_20082025_05925fa8-e8df-4ab8-8857-bfd7876f9f28.jpg?v=1760337071,1,Calnic Kaplet,false,Calnic Kaplet,CALNIC Gracia KAPLET adalah suplemen yang mengandung kalsium yang diindikasikan untuk memenuhi kebutuhan kalsium dan vitamin D3 serta memelihara kesehatan Tulang.,,,,,,,,,g,,,active
calgae-kaplet,Calgae Kaplet,"<p>Dus, 3 Strip @ 10 Kaplet Salut Selaput</p><p>Deskripsi: CALGAE Pratapa Nirmala KAPLET adalah suplemen yang mengandung Algas calcareas, vitamin D3 yang diindikasikan untuk memelihara kesehatan tulang dan suplementasi selama kehamilan, menyusui dan menopause</p><p>Komposisi: Algas Calcareas 750mg, Vitamin D 400IU</p><p>Golongan Obat: SUPLEMEN</p><p>Bentuk Sediaan: KAPLET</p><p>NIE:SD151547801</p><p>Exp Date:08/2027</p>",Inofarma,,"","mqty:0, Vitamin & Suplemen",true,Title,Default Title,,,,,,,,ID102904-1,84.0,shopify,deny,manual,283000.00,,true,true,,,,,,https://cdn.shopify.com/s/files/1/0957/0002/5634/files/ID102904-1_20082025_4dd5f6c8-3385-415c-8954-15ac9f8d2d21.jpg?v=1760337071,1,Calgae Kaplet,false,Calgae Kaplet,"CALGAE Pratapa Nirmala KAPLET adalah suplemen yang mengandung Algas calcareas, vitamin D3 yang diindikasikan untuk memelihara kesehatan tulang dan suplementasi selama kehamilan, menyusui dan menopause",,,,,,,,,g,,,active
caldece-orange-tablet-effervescent,Caldece Orange Tablet Effervescent,"<p>Dus, Tube @ 10 Tablet Effervescent</p><p>Deskripsi: CALDECE ORANGE Sanbe TABLET EFFERVESCENT adalah suplemen yang mengandung Vitamin C yang berguna untuk membantu memenuhi multivitamin dan mineral dalam tubuh</p><p>Komposisi: Per-tablet effervescent : Vit.B6 15 mg, vit.C 1000 mg, vit.D 300 IU, Ca carbonate 625 mg (setara dengan elemen Ca 250 mg)</p><p>Golongan Obat: SUPLEMEN</p><p>Bentuk Sediaan: TABLET EFFERVESCENT</p><p>NIE:SD051522761</p><p>Exp Date:05/2028</p>",Inofarma,,"","mqty:0, Vitamin & Suplemen",true,Title,Default Title,,,,,,,,ID102900-1,79.0,shopify,deny,manual,51300.00,,true,true,,,,,,https://cdn.shopify.com/s/files/1/0957/0002/5634/files/ID102900-1_20082025_13a70881-d645-493a-9a57-2acd89196876.jpg?v=1760337070,1,Caldece Orange Tablet Effervescent,false,Caldece Orange Tablet Effervescent,CALDECE ORANGE Sanbe TABLET EFFERVESCENT adalah suplemen yang mengandung Vitamin C yang berguna untuk membantu memenuhi multivitamin dan mineral dalam tubuh,,,,,,,,,g,,,active
cal-95-kaplet,Cal-95 Kaplet,"<p>Dus, 5 Strip @ 6 Kaplet Salut Selaput</p><p>Deskripsi: CAL95 Lapi KAPLET adalah suplemen kesehatan yang mengandung Kalsium, vitamin D2 yang berkhasiat untuk memelihara kesehatan tulang</p><p>Komposisi: Tiap kaplet salut selaput mengandung: Coral Calcium 500 mg, Natural Soy Isoflavone 20 mg, Vitamin D3 200 IU, Vitamin K1 25 mcg, Magnesium 100 mg, Zinc 5 mg, Boron 1 mg</p><p>Golongan Obat: SUPLEMEN</p><p>Bentuk Sediaan: KAPLET</p><p>NIE:SD041516641</p><p>Exp Date:03/2027</p>",Inofarma,,"","mqty:0, Vitamin & Suplemen",true,Title,Default Title,,,,,,,,ID102848-1,68.0,shopify,deny,manual,283000.00,,true,true,,,,,,https://cdn.shopify.com/s/files/1/0957/0002/5634/files/ID102848-1_19082025_599b0ca0-aad1-47af-a14c-5059bcc85a98.jpg?v=1760337065,1,Cal-95 Kaplet,false,Cal-95 Kaplet,"CAL95 Lapi KAPLET adalah suplemen kesehatan yang mengandung Kalsium, vitamin D2 yang berkhasiat untuk memelihara kesehatan tulang",,,,,,,,,g,,,active
c2fit-kaplet,C2Fit Kaplet,"<p>Dus, 12 Catch Cover @ 1 Strip @ Kaplet Salut Selaput</p><p>Deskripsi: C2Fit Novell KAPLET adalah suplemen yang mengandung Vitamin C, B dan E yang berguna untuk membantu memenuhi multivitamin dan mineral dalam tubuh</p><p>Komposisi: Vitamin C, B dan E</p><p>Golongan Obat: SUPLEMEN</p><p>Bentuk Sediaan: KAPLET</p><p>NIE:SD141544811</p><p>Exp Date:04/2027</p>",Inofarma,,"","mqty:0, Vitamin & Suplemen",true,Title,Default Title,,,,,,,,ID102818-1,18.0,shopify,deny,manual,262400.00,,true,true,,,,,,https://cdn.shopify.com/s/files/1/0957/0002/5634/files/ID102818-1_19082025_7a2ac75c-4ee3-4db3-acc0-d9ff23f7bc51.jpg?v=1760337064,1,C2Fit Kaplet,false,C2Fit Kaplet,"C2Fit Novell KAPLET adalah suplemen yang mengandung Vitamin C, B dan E yang berguna untuk membantu memenuhi multivitamin dan mineral dalam tubuh",,,,,,,,,g,,,active
blackmores-omega-daily-odourless-kapsul,Blackmores Omega Daily Odourless Kapsul,"<p>Botol Kaca @ 30 Kapsul Lunak</p><p>Deskripsi: BLACKMORES OMEGA DAILY ODOURLESS Kalbe KAPSUL merupakan suplemen yang berfungsi untuk Mendukung kesehatan jantung dan fungsi otak dengan kandungan omega-3.</p><p>Komposisi: Fish oil (natural) 1034 mg, mengandung omega-3: 518 mg, Eicosapentaenoic acid (EPA) 310.8 mg, Docosahexaenoic acid (DHA) 207.2 mg, Bahan tambahan : Gelatin (bovine hide), perisa (vanillin).</p><p>Golongan Obat: SUPLEMEN</p><p>Bentuk Sediaan: KAPSUL</p><p>NIE:SI164307071</p><p>Exp Date:01/2027</p>",Inofarma,,"","mqty:0, Vitamin & Suplemen",true,Title,Default Title,,,,,,,,ID102481-3,163.0,shopify,deny,manual,289600.00,,true,true,,,,,,https://cdn.shopify.com/s/files/1/0957/0002/5634/files/ID102481-3_19082025_15c73405-ec0a-4592-8369-c240cb88a119.jpg?v=1760337062,1,Blackmores Omega Daily Odourless Kapsul,false,Blackmores Omega Daily Odourless Kapsul,BLACKMORES OMEGA DAILY ODOURLESS Kalbe KAPSUL merupakan suplemen yang berfungsi untuk Mendukung kesehatan jantung dan fungsi otak dengan kandungan omega-3.,,,,,,,,,g,,,active
blackmores-odourless-fish-oil-1000-kapsul,Blackmores Odourless Fish Oil 1000 Kapsul,"<p>Botol Kaca @ 30 Kapsul Lunak</p><p>Deskripsi: BLACKMORES ODOURLESS FISH OIL 1000 Kalbe KAPSUL adalah suplemen yang mengandung Trigliserida omega3 laut, Asam Eicosapentanoat (EPA), Asam Docosahexanoat (DHA) yang diindikasikan untuk membantu menjaga kesehatan jantung, menurunkan kadar Trigliserida (lemak jahat) di dalam darah, menjaga fungsi optimal mata dan otak serta membantu mengurangi peradangan dan pembengkakan sendi akibat osteoarthritis.</p><p>Komposisi: Minyak ikan (alami) 1 g (1000 mg), MengandungTrigliserida omega-3 laut 300 mg berupa: Asam Eicosapentanoat (EPA) 180 mg, Asam Docosahexanoat (DHA) 120 mg.</p><p>Golongan Obat: SUPLEMEN</p><p>Bentuk Sediaan: KAPSUL</p><p>NIE:SI174308231</p><p>Exp Date:03/2027</p>",Inofarma,,"","mqty:0, Vitamin & Suplemen",true,Title,Default Title,,,,,,,,ID102477-1,147.0,shopify,deny,manual,125700.00,,true,true,,,,,,https://cdn.shopify.com/s/files/1/0957/0002/5634/files/ID102477-1_19082025_ba804a42-1012-45e3-8b04-d0a08b9070b8.jpg?v=1760337062,1,Blackmores Odourless Fish Oil 1000 Kapsul,false,Blackmores Odourless Fish Oil 1000 Kapsul,"BLACKMORES ODOURLESS FISH OIL 1000 Kalbe KAPSUL adalah suplemen yang mengandung Trigliserida omega3 laut, Asam Eicosapentanoat (EPA), Asam Docosahexanoat (DHA) yang diindikasikan untuk membantu menjaga kesehatan jantung, menurunkan kadar Trigliserida (lemak jahat) di dalam darah, menjaga fungsi optimal mata dan otak serta membantu mengurangi peradangan dan pembengkakan sendi akibat osteoarthritis.",,,,,,,,,g,,,active
blackmores-multivitamins-minerals,Blackmores Multivitamins + Minerals,"<p>Botol Kaca @ 30 Tablet</p><p>Deskripsi: BLACKMORES MULTIVITAMINS + MINERALS Kalbe adalah suplemen yang mengandung vitamin A, vitamin B1, vitamin B2, vitamin B3, vitamin B5, vitamin B6, asam folat, vitamin B12,vitamin C, vitamin D3, vitamin E, biotin, kolin, kalsium, zat besi, magnesium, mangan, kalium yang berkhasiat untuk membantu memelihara kesehatan</p><p>Komposisi: Tiap tablet salut selaput mengandung: Vitamin A (sebagai Vitamin A palmitate 5000 IU) 1500 RE, Vitamin B1 (sebagai Thiamine nitrate) 6.1 mg, Vitamin B2 (Riboflavin) 8.5 mg, Vitamin B3 (Nicotinamide) 60mg, Vitamin B5 (sebagai Calcium pantothenate) 20 mg, Vitamin B6 (sebagai Pyridoxine hydrochloride) 8 mg, Asam folat 200mcg, Vitamin B12 (Cyanocobalamin) 10 mcg, Vitamin C (Ascorbic acid) 180 mg, Vitamin D3 (Cholecalciferol 400 IU) 10 mcg, Vitamin E (sebagai d-alpha-tocopheryl acid succinate 20 IU) 16.53 mg, Biotin 25 mcg, Kolin (sebagai Choline bitartrate) 10.3 mg, Inositol 25 mg, Kalsium (sebagai Calcium carbonate) 40 mg, Besi (sebagai Ferrous sulfate) 5 mg, Magnesium (sebagai Magnesium oxide - heavy) 17.5mg, Mangan (sebagai Manganese sulfate monohydrate) 2 mg, Kalium (sebagai Potassium sulfate) 25 mg, dan Zinc (sebagai Zinc oxide) 5 mg. </p><p>Golongan Obat: SUPLEMEN</p><p>Bentuk Sediaan: TABLET</p><p>NIE:SI164507181</p><p>Exp Date:03/2027</p>",Inofarma,,"","mqty:0, Vitamin & Suplemen",true,Title,Default Title,,,,,,,,ID102471-2,131.0,shopify,deny,manual,197100.00,,true,true,,,,,,https://cdn.shopify.com/s/files/1/0957/0002/5634/files/ID102471-2_19082025_7b7094b1-4914-475b-852c-54787623337d.jpg?v=1760337061,1,Blackmores Multivitamins + Minerals ,false,Blackmores Multivitamins + Minerals ,"BLACKMORES MULTIVITAMINS + MINERALS Kalbe adalah suplemen yang mengandung vitamin A, vitamin B1, vitamin B2, vitamin B3, vitamin B5, vitamin B6, asam folat, vitamin B12,vitamin C, vitamin D3, vitamin E, biotin, kolin, kalsium, zat besi, magnesium, mangan, kalium yang berkhasiat untuk membantu memelihara kesehatan",,,,,,,,,g,,,active
blackmores-coq10-kapsul-75-mg,Blackmores Coq10 Kapsul 75 Mg,"<p>Botol Kaca 30 Kapsul Lunak</p><p>Deskripsi: BLACKMORES COQ10 Kalbe KAPSUL 75 MG adalah suplemen yang mengandung ubidecarenone, gelatin bovine, yang diindikasikan untuk membantu memelihara kesehatan</p><p>Komposisi: Tiap kapsul lunak mengandung: Coenzyme Q10 (Ubidecarenone) 75 mg.</p><p>Golongan Obat: SUPLEMEN</p><p>Bentuk Sediaan: KAPSUL</p><p>NIE:SI164307191</p><p>Exp Date:11/2027</p>",Inofarma,,"","mqty:0, Vitamin & Suplemen",true,Title,Default Title,,,,,,,,ID102445-1,94.0,shopify,deny,manual,303600.00,,true,true,,,,,,https://cdn.shopify.com/s/files/1/0957/0002/5634/files/ID102445-1_19082025_548c8325-2a12-4646-98ef-a745ccb23c91.jpg?v=1760337060,1,Blackmores Coq10 Kapsul 75 Mg,false,Blackmores Coq10 Kapsul 75 Mg,"BLACKMORES COQ10 Kalbe KAPSUL 75 MG adalah suplemen yang mengandung ubidecarenone, gelatin bovine, yang diindikasikan untuk membantu memelihara kesehatan",,,,,,,,,g,,,active
blackmores-bio-d3-1000-iu-kapsul,Blackmores Bio D3 1000 Iu Kapsul,"<p>Botol Kaca @ 60 Kapsul Lunak</p><p>Deskripsi: BLACKMORES BIO D3 1000 IU Kalbe KAPSUL adalah suplemen yang mengandung vitamin D3 yang diindikasikan untuk membantu memenuhi kebutuhan vitamin D dengan cepat pada kondisi tertentu seperti lanjut usia, ibu hamil dan menyusui, resiko tinggi atau penderita penyakit infeki atau penderita penyakit autoimun</p><p>Komposisi: Vitamin D3 (cholecalciferol) 1000 IU (25 mcg)</p><p>Golongan Obat: SUPLEMEN</p><p>Bentuk Sediaan: KAPSUL</p><p>NIE:SI204309461</p><p>Exp Date:03/2028</p>",Inofarma,,"","mqty:0, Vitamin & Suplemen",true,Title,Default Title,,,,,,,,ID102443-1,126.0,shopify,deny,manual,197800.00,,true,true,,,,,,https://cdn.shopify.com/s/files/1/0957/0002/5634/files/ID102443-1_19082025_cc244d12-871a-495b-9953-ff465d0443de.jpg?v=1760337060,1,Blackmores Bio D3 1000 Iu Kapsul,false,Blackmores Bio D3 1000 Iu Kapsul,"BLACKMORES BIO D3 1000 IU Kalbe KAPSUL adalah suplemen yang mengandung vitamin D3 yang diindikasikan untuk membantu memenuhi kebutuhan vitamin D dengan cepat pada kondisi tertentu seperti lanjut usia, ibu hamil dan menyusui, resiko tinggi atau penderita penyakit infeki atau penderita penyakit autoimun",,,,,,,,,g,,,active
blackmores-bio-c-1000-tablet,Blackmores Bio C 1000 Tablet,"<p>Botol Kaca @ 20 Tablet Salut Selaput</p><p>Deskripsi: BLACKMORES BIO C 1000 Kalbe TABLET merupakan suplemen yang berkhasiat untuk menjaga daya tahan tubuh dan melindungi sel dari radikal bebas.</p><p>Komposisi: Asam Askorbat 400 mg, Natrium Askorbat 350 mg (setara dengan asam askorbat 309 mg), Kalium Askorbat 400mg (setara dengan asam askorbat 331 mg), Citrus bioflavonoid ekstrak 25 mg, Rutin 50 mg, Hesperidin 50 mg, Rosa canina (Rosehips) ekstrak setara dengan buah kering 250 mg Malpighia Glabra (Acerola) ekstrak setara dengan buah kering 50mg</p><p>Golongan Obat: SUPLEMEN</p><p>Bentuk Sediaan: TABLET</p><p>NIE:SI164507151</p><p>Exp Date:-</p>",Inofarma,,"","mqty:0, Vitamin & Suplemen",true,Title,Default Title,,,,,,,,ID102440-3,115.0,shopify,deny,manual,117700.00,,true,true,,,,,,https://cdn.shopify.com/s/files/1/0957/0002/5634/files/ID102440-3_19082025_ebc3ed77-e7d2-4179-b5fa-b810040a0448.jpg?v=1760337058,1,Blackmores Bio C 1000 Tablet,false,Blackmores Bio C 1000 Tablet,BLACKMORES BIO C 1000 Kalbe TABLET merupakan suplemen yang berkhasiat untuk menjaga daya tahan tubuh dan melindungi sel dari radikal bebas.,,,,,,,,,g,,,active
blackmores-multivitamin-body-shield-kapsul,Blackmores Multivitamin + Body Shield Kapsul,"<p>Botol Kaca @ 60 Kapsul Lunak</p><p>Deskripsi: BLACKMORES MULTIVITAMIN + BODY SHIELD Kalbe KAPSUL merupakan suplemen yang berfungsi untuk Membantu memenuhi kebutuhan nutrisi harian dan mendukung daya tahan tubuh.</p><p>Komposisi: ekstrak vitis vinifera (biji anggur) setara dengan biji kering terstandar yang mengandung procyanidin 8.5mg 1.2 g (1200mg), ekstrak silybum marianum (milk thistle) setara dengan buah kering yang terstandardisasi untuk mengandung flavanolignan 8.4mg 700mg, selenomethionin (selenium 13 mcg) 32.2 mcg, beta-karoten (sumber alami) 3mg, vitamin b1 (tiamin nitrat) 10mg, vitamin b5 (asam pantotenat dar kalsium pantotenat 55mg) 49.6mg, vitamin b6 (piridoksin hidrklorida) 25mg, vitamin b12 (sianokobalamin) 50 mcg, vitamin c (dari asam askorbat 150mg and, kalsium askorbat 121mg) 250mg, vitamin e alami (d-alfa-tokoferol 67.1mg) 100 iu, kelasi asam amino zinc amino acid (zinc 5mg) 25mg, asam folat 250 mcg</p><p>Golongan Obat: SUPLEMEN</p><p>Bentuk Sediaan: KAPSUL</p><p>NIE:SI164307141</p><p>Exp Date:09/2026</p>",Inofarma,,"","mqty:0, Vitamin & Suplemen",true,Title,Default Title,,,,,,,,ID102439-3,241.0,shopify,deny,manual,576500.00,,true,true,,,,,,https://cdn.shopify.com/s/files/1/0957/0002/5634/files/ID102439-3_19082025_890786bf-d52a-486c-b044-6dc24655913f.jpg?v=1760337058,1,Blackmores Multivitamin + Body Shield Kapsul,false,Blackmores Multivitamin + Body Shield Kapsul,BLACKMORES MULTIVITAMIN + BODY SHIELD Kalbe KAPSUL merupakan suplemen yang berfungsi untuk Membantu memenuhi kebutuhan nutrisi harian dan mendukung daya tahan tubuh.,,,,,,,,,g,,,active
biosan-kaplet,Biosan Kaplet,"<p>Dus, 5 Strip @ 6 Kaplet Salut Selaput</p><p>Deskripsi: BIOSAN Teguhsindo KAPLET adalah obat herbal yang mengandung ekstrak tribulus terrestris L yang diindikasiakan untuk membantu memperbaiki kualitas dan kuantitas sperma.</p><p>Komposisi: Ekstrak Tribulus terrestris L. herba 275 mg</p><p>Golongan Obat: OBAT TRADISIONAL</p><p>Bentuk Sediaan: KAPLET</p><p>NIE:TR152588141</p><p>Exp Date:12/2026</p>",Inofarma,,"","mqty:0, Obat Tradisional",true,Title,Default Title,,,,,,,,ID102335-2,52.0,shopify,deny,manual,611700.00,,true,true,,,,,,https://cdn.shopify.com/s/files/1/0957/0002/5634/files/ID102335-2_19082025_84697ba8-0ac6-4337-a4cd-a259fbb26946.jpg?v=1760337057,1,Biosan Kaplet,false,Biosan Kaplet,BIOSAN Teguhsindo KAPLET adalah obat herbal yang mengandung ekstrak tribulus terrestris L yang diindikasiakan untuk membantu memperbaiki kualitas dan kuantitas sperma.,,,,,,,,,g,,,active
biolysin-kids-rasa-strawberry-tablet,Biolysin Kids Rasa Strawberry Tablet,"<p>Dus, Botol Plastik @ 30 Tablet Kunyah</p><p>Deskripsi: BIOLYSIN KIDS RASA STRAWBERRY Bernofarm TABLET adalah suplemen makanan yang mengandung vitamin A, vitamin B1, vitamin B2, vitamin B6 vitamin B12, vitamin C, vitamin D3, vitamin E, niacinamide, Ca pantotenate, lysine, gula, Na sitrat, dextrosa, Mg streatat yang berkhasiat untuk memelihara kesehatan tubah dan membantu memenuhi kebutuhan multivitamin pada anakanak di usia pertumbuhan dan masa penyembuhan sehabis sakit</p><p>Komposisi: Tiap tablet mengandung Vitamin A 1500 IU, vitamin B1 1,4 mg, vitamin B2 1,6 mg, vitamin B6 1,6 mg, vitamin B12 3 mcg, vitamin C 60 mg, vitamin D3 400 iu, vitamin E 5 mg, Niacinamide 10 mg, Ca pantothenate 3 mg, L-lysine HCL 100 mg.</p><p>Golongan Obat: SUPLEMEN</p><p>Bentuk Sediaan: TABLET</p><p>NIE:SD031508191</p><p>Exp Date:-</p>",Inofarma,,"","mqty:0, Vitamin & Suplemen",true,Title,Default Title,,,,,,,,ID102288-1,68.0,shopify,deny,manual,19600.00,,true,true,,,,,,https://cdn.shopify.com/s/files/1/0957/0002/5634/files/ID102288-1_19082025_1ff5d68d-0690-4a99-9370-f0ac672d4d49.jpg?v=1760337056,1,Biolysin Kids Rasa Strawberry Tablet,false,Biolysin Kids Rasa Strawberry Tablet,"BIOLYSIN KIDS RASA STRAWBERRY Bernofarm TABLET adalah suplemen makanan yang mengandung vitamin A, vitamin B1, vitamin B2, vitamin B6 vitamin B12, vitamin C, vitamin D3, vitamin E, niacinamide, Ca pantotenate, lysine, gula, Na sitrat, dextrosa, Mg streatat yang berkhasiat untuk memelihara kesehatan tubah dan membantu memenuhi kebutuhan multivitamin pada anakanak di usia pertumbuhan dan masa penyembuhan sehabis sakit",,,,,,,,,g,,,active
biolysin-kids-rasa-jeruk-tablet,Biolysin Kids Rasa Jeruk Tablet,"<p>Dus, Botol Plastik @ 30 Tablet Kunyah</p><p>Deskripsi: BIOLYSIN KIDS RASA JERUK Bernofarm TABLET adalah suplemen makanan yang mengandung vitamin A, vitamin B1, vitamin B2, vitamin B6 vitamin B12, vitamin C, vitamin D3, vitamin E, niacinamide, Ca pantotenate, lysine, gula, Na sitrat, dextrosa, Mg streatat yang berkhasiat untuk memelihara kesehatan tubah dan membantu memenuhi kebutuhan multivitamin pada anakanak di usia pertumbuhan dan masa penyembuhan sehabis sakit</p><p>Komposisi: Tiap tablet mengandung Vitamin A 1500 IU, vitamin B1 1,4 mg, vitamin B2 1,6 mg, vitamin B6 1,6 mg, vitamin B12 3 mcg, vitamin C 60 mg, vitamin D3 400 iu, vitamin E 5 mg, Niacinamide 10 mg, Ca pantothenate 3 mg, L-lysine HCL 100 mg.</p><p>Golongan Obat: SUPLEMEN</p><p>Bentuk Sediaan: TABLET</p><p>NIE:SD031508221</p><p>Exp Date:-</p>",Inofarma,,"","mqty:0, Vitamin & Suplemen",true,Title,Default Title,,,,,,,,ID102286-1,68.0,shopify,deny,manual,20200.00,,true,true,,,,,,https://cdn.shopify.com/s/files/1/0957/0002/5634/files/ID102286-1_19082025_a49d9c54-648d-4efe-a6df-d1cfb68bde8b.jpg?v=1760337055,1,Biolysin Kids Rasa Jeruk Tablet,false,Biolysin Kids Rasa Jeruk Tablet,"BIOLYSIN KIDS RASA JERUK Bernofarm TABLET adalah suplemen makanan yang mengandung vitamin A, vitamin B1, vitamin B2, vitamin B6 vitamin B12, vitamin C, vitamin D3, vitamin E, niacinamide, Ca pantotenate, lysine, gula, Na sitrat, dextrosa, Mg streatat yang berkhasiat untuk memelihara kesehatan tubah dan membantu memenuhi kebutuhan multivitamin pada anakanak di usia pertumbuhan dan masa penyembuhan sehabis sakit",,,,,,,,,g,,,active
biolysin-kids-rasa-blackcurant-tablet,Biolysin Kids Rasa Blackcurant Tablet,"<p>Dus, Botol Plastik @ 30 Tabet Kunyah</p><p>Deskripsi: BIOLYSIN KIDS RASA BLACKCURANT Bernofarm TABLET adalah suplemen makanan yang mengandung vitamin A, vitamin B1, vitamin B2, vitamin B6 vitamin B12, vitamin C, vitamin D3, vitamin E, niacinamide, Ca pantotenate, lysine, gula, Na sitrat, dextrosa, Mg streatat yang berkhasiat untuk memelihara kesehatan tubah dan membantu memenuhi kebutuhan multivitamin pada anakanak di usia pertumbuhan dan masa penyembuhan sehabis sakit</p><p>Komposisi: Tiap tablet mengandung Vitamin A 1500 IU, vitamin B1 1,4 mg, vitamin B2 1,6 mg, vitamin B6 1,6 mg, vitamin B12 3 mcg, vitamin C 60 mg, vitamin D3 400 iu, vitamin E 5 mg, Niacinamide 10 mg, Ca pantothenate 3 mg, L-lysine HCL 100 mg.</p><p>Golongan Obat: SUPLEMEN</p><p>Bentuk Sediaan: TABLET</p><p>NIE:SD031508211</p><p>Exp Date:-</p>",Inofarma,,"","mqty:0, Vitamin & Suplemen",true,Title,Default Title,,,,,,,,ID102285-1,68.0,shopify,deny,manual,20200.00,,true,true,,,,,,https://cdn.shopify.com/s/files/1/0957/0002/5634/files/ID102285-1_19082025_5be07007-5333-4980-abf6-ec8322188a15.jpg?v=1760337055,1,Biolysin Kids Rasa Blackcurant Tablet,false,Biolysin Kids Rasa Blackcurant Tablet,"BIOLYSIN KIDS RASA BLACKCURANT Bernofarm TABLET adalah suplemen makanan yang mengandung vitamin A, vitamin B1, vitamin B2, vitamin B6 vitamin B12, vitamin C, vitamin D3, vitamin E, niacinamide, Ca pantotenate, lysine, gula, Na sitrat, dextrosa, Mg streatat yang berkhasiat untuk memelihara kesehatan tubah dan membantu memenuhi kebutuhan multivitamin pada anakanak di usia pertumbuhan dan masa penyembuhan sehabis sakit",,,,,,,,,g,,,active
biocurliv-kaplet,Biocurliv Kaplet,"<p>Dus, 5 Strip @ 6 Kaplet Salut Selaput</p><p>Deskripsi: BIOCURLIV Soho KAPLET adalah obat yang mengandung Ekstrak Curcuma longa rhizome, Silymarin phytosome, Ekstrak schizandrae fructuus, Linguritae Radix, Choline bitartrate, vitamin B yang diindikasiakan untuk membantu memelihara kesehatan hati</p><p>Komposisi: Ekstrak Curcuma Longa Rhizome (Curcuminoid complex 95%/Bio-curcumin/BCM-95) 150 mg, Silymarin Phytosome 35 mg, Schizandrae fructus extr. 135 mg, Liquiritiae Radix 135 mg, Choline Bitartrate 150 mg, vit.B6 2 mg.</p><p>Golongan Obat: SUPLEMEN</p><p>Bentuk Sediaan: KAPLET</p><p>NIE:SD081534551</p><p>Exp Date:03/2027</p>",Inofarma,,"","mqty:0, Vitamin & Suplemen",true,Title,Default Title,,,,,,,,ID102243-1,47.0,shopify,deny,manual,285300.00,,true,true,,,,,,https://cdn.shopify.com/s/files/1/0957/0002/5634/files/ID102243-1_19082025_984110fe-07e9-4f72-ba35-50b71d722756.jpg?v=1760337054,1,Biocurliv Kaplet,false,Biocurliv Kaplet,"BIOCURLIV Soho KAPLET adalah obat yang mengandung Ekstrak Curcuma longa rhizome, Silymarin phytosome, Ekstrak schizandrae fructuus, Linguritae Radix, Choline bitartrate, vitamin B yang diindikasiakan untuk membantu memelihara kesehatan hati",,,,,,,,,g,,,active
berry-vision-tablet,Berry Vision Tablet,"<p>Dus, 10 Strip @ 10 Tablet</p><p>Deskripsi: BERRY VISION Sanbe TABLET adalah suplemen yang mengandung Bilberry Dry Extract, Retinol, Vitamin E, Beta carotene yang berkhasiat untuk memelihara kesehatan mata</p><p>Komposisi: Ekstrak bilberry 80 mg, retinol 1600 iu, vitamin E 40 mg, beta carotene 5 mg</p><p>Golongan Obat: SUPLEMEN</p><p>Bentuk Sediaan: TABLET</p><p>NIE:SD011501231</p><p>Exp Date:04/2027</p>",Inofarma,,"","mqty:0, Vitamin & Suplemen",true,Title,Default Title,,,,,,,,ID102013-1,89.0,shopify,deny,manual,552200.00,,true,true,,,,,,https://cdn.shopify.com/s/files/1/0957/0002/5634/files/ID102013-1_19082025_818819a9-a861-42aa-b81f-50e18d7d0525.jpg?v=1760337053,1,Berry Vision Tablet,false,Berry Vision Tablet,"BERRY VISION Sanbe TABLET adalah suplemen yang mengandung Bilberry Dry Extract, Retinol, Vitamin E, Beta carotene yang berkhasiat untuk memelihara kesehatan mata",,,,,,,,,g,,,active
becom-c-kaplet,Becom C Kaplet,"<p>Dus, 10 Strip @ 10 Kaplet Salut Selaput</p><p>Deskripsi: BECOM C Sanbe KAPLET adalah suplement yang mengandung Vitamin B1, Vitamin B2, Vitamin B6, Vitamin B12, Calcium Pantotenate, Nicotinamide, Vitamin C yang berkhasiat untuk membantu memenuhi kebutuhan multivitamin pada masa pertumbuhan dan selama masa penyembuhan</p><p>Komposisi: vitamin B1 50 mg, vitamin B2 25 mg, vitamin B6 10 mg, vitamin B12 5 mcg, calcium pantotenate 18,4 mg, vitamin B3 100 mg, vitamin C 500 mg</p><p>Golongan Obat: SUPLEMEN</p><p>Bentuk Sediaan: KAPLET</p><p>NIE:SD081534111</p><p>Exp Date:05/2027</p>",Inofarma,,"","mqty:0, Vitamin & Suplemen",true,Title,Default Title,,,,,,,,ID101854-1,178.0,shopify,deny,manual,241800.00,,true,true,,,,,,https://cdn.shopify.com/s/files/1/0957/0002/5634/files/ID101854-1_20082025_70f3ed36-bf09-4de7-bdbb-e24dccc83c2b.png?v=1760337053,1,Becom C Kaplet,false,Becom C Kaplet,"BECOM C Sanbe KAPLET adalah suplement yang mengandung Vitamin B1, Vitamin B2, Vitamin B6, Vitamin B12, Calcium Pantotenate, Nicotinamide, Vitamin C yang berkhasiat untuk membantu memenuhi kebutuhan multivitamin pada masa pertumbuhan dan selama masa penyembuhan",,,,,,,,,g,,,active
astria-kapsul-4-mg,Astria Kapsul 4 Mg,"<p>Dus, 2 Strip @ 6 Kapsul Lunak</p><p>Deskripsi: ASTRIA Pertiwi Agung KAPSUL 4 MG adalah suplemen yang mengandung Astaxanthin yang bermanfaat untuk membantu memelihara kesehatan</p><p>Komposisi: ASTAXANTHIN 4 mg</p><p>Golongan Obat: SUPLEMEN</p><p>Bentuk Sediaan: KAPSUL</p><p>NIE:SD101340641</p><p>Exp Date:10/2026</p>",Inofarma,,"","mqty:0, Vitamin & Suplemen",true,Title,Default Title,,,,,,,,ID101423-2,26.0,shopify,deny,manual,126800.00,,true,true,,,,,,https://cdn.shopify.com/s/files/1/0957/0002/5634/files/ID101423-2_19082025_2cc0f685-dc80-4a28-8be8-8b26ac8d8829.png?v=1760337052,1,Astria Kapsul 4 Mg,false,Astria Kapsul 4 Mg,ASTRIA Pertiwi Agung KAPSUL 4 MG adalah suplemen yang mengandung Astaxanthin yang bermanfaat untuk membantu memelihara kesehatan,,,,,,,,,g,,,active
asthin-force-6-kapsul,Asthin Force 6 Kapsul,"<p>Dus, 2 Strip @ 10 Kapsul</p><p>Deskripsi: ASTHIN FORCE 6 Soho KAPSUL adalah suplemen yang mengandung Astaxanthin yang bermanfaat untuk membantu memelihara kesehatan</p><p>Komposisi: ASTAXANTHIN 6 mg</p><p>Golongan Obat: SUPLEMEN</p><p>Bentuk Sediaan: KAPSUL</p><p>NIE:SD101340401</p><p>Exp Date:02/2027</p>",Inofarma,,"","mqty:0, Vitamin & Suplemen",true,Title,Default Title,,,,,,,,ID101408-2,52.0,shopify,deny,manual,252300.00,,true,true,,,,,,https://cdn.shopify.com/s/files/1/0957/0002/5634/files/ID101408-2_19082025_9755da15-0d78-4ee5-82e8-66e7e5aa505a.png?v=1760337051,1,Asthin Force 6 Kapsul,false,Asthin Force 6 Kapsul,ASTHIN FORCE 6 Soho KAPSUL adalah suplemen yang mengandung Astaxanthin yang bermanfaat untuk membantu memelihara kesehatan,,,,,,,,,g,,,active
astatin-kapsul,Astatin Kapsul,"<p>Dus, 2 Blister @ 10 Kapsul</p><p>Deskripsi: ASTATIN Novell KAPSUL adalah obat yang mengandung Natural astaxanthin yang diindikasikan untuk antioksidan untuk mencegah radikal bebas yang menyebabkan kerusakan sel serta membantu menjaga kesehatan tubuh</p><p>Komposisi: NATURAL ASTAXANTHIN 4 mg</p><p>Golongan Obat: SUPLEMEN</p><p>Bentuk Sediaan: KAPSUL</p><p>NIE:SD091336121</p><p>Exp Date:11/2028</p>",Inofarma,,"","mqty:0, Vitamin & Suplemen",true,Title,Default Title,,,,,,,,ID101398-1,58.0,shopify,deny,manual,198200.00,,true,true,,,,,,https://cdn.shopify.com/s/files/1/0957/0002/5634/files/ID101398-1_19082025_dfc5e9d2-d50e-4d3c-9827-2de5c1f10f81.png?v=1760337050,1,Astatin Kapsul,false,Astatin Kapsul,ASTATIN Novell KAPSUL adalah obat yang mengandung Natural astaxanthin yang diindikasikan untuk antioksidan untuk mencegah radikal bebas yang menyebabkan kerusakan sel serta membantu menjaga kesehatan tubuh,,,,,,,,,g,,,active
asta-plus-kaplet,Asta Plus Kaplet,"<p>Dus, 5 Strip @ 6 Kaplet Salut Selaput</p><p>Deskripsi: ASTA PLUS Simex KAPLET adalah suplemen yang mengandung astaxanthom dan selenium yang berkhasiat untuk membantu memelihara kesehatan</p><p>Komposisi: ASTAXANTHIN 4 mg, SELENIUM 15 mcg</p><p>Golongan Obat: SUPLEMEN</p><p>Bentuk Sediaan: KAPLET</p><p>NIE:SD101539051</p><p>Exp Date:12/2027</p>",Inofarma,,"","mqty:0, Vitamin & Suplemen",true,Title,Default Title,,,,,,,,ID101392-1,47.0,shopify,deny,manual,393000.00,,true,true,,,,,,https://cdn.shopify.com/s/files/1/0957/0002/5634/files/ID101392-1_19082025_a8eb6c07-7f8c-4177-a1a2-cf2f1c543887.png?v=1760337049,1,Asta Plus Kaplet,false,Asta Plus Kaplet,ASTA PLUS Simex KAPLET adalah suplemen yang mengandung astaxanthom dan selenium yang berkhasiat untuk membantu memelihara kesehatan,,,,,,,,,g,,,active
ardium-1000-tablet,Ardium 1000 Tablet,"<p>Dus, 3 Blister @ 10 Tablet</p><p>Deskripsi: ARDIUM 1000 Genero TABLET adalah obat yang mengandung micronized purified flavonoid fraction yang diinkasikan untuk membantu meringankan wasir akut dan kronik serta membantu meringankan gangguan peredaran darah di kaki atau varises</p><p>Komposisi: Micronized purified flavonoid fraction 1000 mg</p><p>Golongan Obat: OBAT TRADISIONAL</p><p>Bentuk Sediaan: TABLET</p><p>NIE:TL162500021</p><p>Exp Date:10/2028</p>",Inofarma,,"","mqty:0, Obat Tradisional",true,Title,Default Title,,,,,,,,ID101235-1,73.0,shopify,deny,manual,735700.00,,true,true,,,,,,https://cdn.shopify.com/s/files/1/0957/0002/5634/files/ID101235-1_19082025_68efd6af-fbd5-4df8-9082-34c713a538a8.png?v=1760337048,1,Ardium 1000 Tablet,false,Ardium 1000 Tablet,ARDIUM 1000 Genero TABLET adalah obat yang mengandung micronized purified flavonoid fraction yang diinkasikan untuk membantu meringankan wasir akut dan kronik serta membantu meringankan gangguan peredaran darah di kaki atau varises,,,,,,,,,g,,,active
albuforce-kapsul,Albuforce Kapsul,"<p>Dus, 10 Blister @ 10 Kapsul</p><p>Deskripsi: ALBUFORCE Saraka Mandiri Semesta KAPSUL adalah jamu yang mengandung Channa Striata Esktrak dan diindikasikan untuk terapi hipoalbumin, suplemen alami untuk  ibu hamil, anak-anak. dewasa dan membantu proses penyembuhan penyakit.</p><p>Komposisi: Channa Striata Ekstrak 500mg</p><p>Golongan Obat: OBAT TRADISIONAL</p><p>Bentuk Sediaan: KAPSUL</p><p>NIE:TR163391681</p><p>Exp Date:11/2027</p>",Inofarma,,"","mqty:0, Vitamin & Suplemen",true,Title,Default Title,,,,,,,,ID100401-1,110.0,shopify,deny,manual,777800.00,,true,true,,,,,,https://cdn.shopify.com/s/files/1/0957/0002/5634/files/ID100401-1_22082025_a0acde1e-08b8-4b02-9b44-d5b0f9563203.jpg?v=1760337047,1,Albuforce Kapsul,false,Albuforce Kapsul,"ALBUFORCE Saraka Mandiri Semesta KAPSUL adalah jamu yang mengandung Channa Striata Esktrak dan diindikasikan untuk terapi hipoalbumin, suplemen alami untuk  ibu hamil, anak-anak. dewasa dan membantu proses penyembuhan penyakit.",,,,,,,,,g,,,active
